tumor_id	mutation_id	region_id	cluster_label	phi	summary_phi	bic_refit_phi	major_cn	minor_cn	multiplicity_estimated	gamma_major	major_call	multiplicity_call	likelihood_model_id	path_reporting_fingerprint	map_path	pre_switch_path_probability	post_switch_path_probability	switch_boundary_ambiguity_probability	posterior_mutant_copy_mass	posterior_effective_multiplicity	map_mutant_copy_mass	map_effective_multiplicity	amplified_mutant_copy_probability	amplified_mutant_copy_call	path_entropy	summary_map_path	summary_pre_switch_path_probability	summary_post_switch_path_probability	summary_switch_boundary_ambiguity_probability	summary_posterior_mutant_copy_mass	summary_posterior_effective_multiplicity	summary_map_mutant_copy_mass	summary_map_effective_multiplicity	summary_amplified_mutant_copy_probability	summary_amplified_mutant_copy_call	summary_path_entropy	path_supported	path_unsupported_reason
exampleTumor1	m001	region1	1	1.0	0.9999999820400683	1.0	1.0	1.0					clipp2_single_switch_path_mixture_v1	5c247107561660669e1e40fa17e9c74b9ce7f23c4cacc5cd6479e760fab68aab	3	0.0	0.08543048073639609	0.914569519263604	1.0397758431355784	1.0397758431355784	1.0	1.0	0.08543048073639609	0	0.3510520494532989	3	0.9145694939727825	0.08543050602721747	0.0	1.0397758361837157	1.039775854858019	0.9999999820400683	1.0	0.08543050602721747	0	0.3510521269417844	1	
exampleTumor1	m001	region2	1	0.9999999612858829	0.9999999744101855	1.0	2.0	1.0					clipp2_single_switch_path_mixture_v1	5c247107561660669e1e40fa17e9c74b9ce7f23c4cacc5cd6479e760fab68aab	1	0.09411062013394324	0.9058893798660568	0.0	1.504353973061184	1.504354031300922	1.556750051804132	1.5567501120723382	0.9058893798660568	1	0.93986119287247	1	0.09411064605830435	0.9058893539416957	0.0	1.504353977696679	1.5043540161928193	1.5567500780527375	1.556750117889684	0.9058893539416957	1	0.9398612336073924	1	
exampleTumor1	m002	region1	1	1.0	0.9999999820400683	1.0	2.0	1.0					clipp2_single_switch_path_mixture_v1	5c247107561660669e1e40fa17e9c74b9ce7f23c4cacc5cd6479e760fab68aab	1	0.0	0.0	1.0	1.000000018687561	1.000000018687561	1.0	1.0	1.868756104142248e-08	0	3.5124032889228387e-07	1	1.0	0.0	0.0	1.0000000007276435	1.0000000186875755	0.9999999820400683	1.0	1.8687575458465736e-08	0	3.5124058535427467e-07	1	
exampleTumor1	m002	region2	1	0.9999999612845087	0.9999999744101855	1.0	2.0	1.0					clipp2_single_switch_path_mixture_v1	5c247107561660669e1e40fa17e9c74b9ce7f23c4cacc5cd6479e760fab68aab	1	1.0	0.0	0.0	0.9999999676183703	1.0000000063338619	0.9999999612845087	1.0	6.333861866462322e-09	0	1.2590042525033573e-07	1	1.0	0.0	0.0	0.9999999807440423	1.000000006333857	0.9999999744101855	1.0	6.3338569187154805e-09	0	1.2590033180170003e-07	1	
exampleTumor1	m003	region1	1	1.0	0.9999999820400683	1.0	2.0	1.0					clipp2_single_switch_path_mixture_v1	5c247107561660669e1e40fa17e9c74b9ce7f23c4cacc5cd6479e760fab68aab	1	0.0	0.0	1.0	1.0000000033218595	1.0000000033218595	1.0	1.0	3.3218594353965248e-09	0	6.817366130902717e-08	1	1.0	0.0	0.0	0.9999999853619304	1.0000000033218621	0.9999999820400683	1.0	3.3218620293911898e-09	0	6.81737119104308e-08	1	
exampleTumor1	m003	region2	1	1.0	0.9999999744101855	1.0	2.0	1.0					clipp2_single_switch_path_mixture_v1	5c247107561660669e1e40fa17e9c74b9ce7f23c4cacc5cd6479e760fab68aab	1	0.0	0.0	1.0	1.0000000000176996	1.0000000000176996	1.0	1.0	1.7699513563680892e-11	0	4.5589493166033415e-10	1	1.0	0.0	0.0	0.9999999744278851	1.0000000000176996	0.9999999744101855	1.0	1.769954183400372e-11	0	4.558956032920527e-10	1	
exampleTumor1	m004	region1	1	0.9999999638952571	0.9999999820400683	1.0	1.0	1.0					clipp2_single_switch_path_mixture_v1	5c247107561660669e1e40fa17e9c74b9ce7f23c4cacc5cd6479e760fab68aab	3	0.994621048296603	0.005378951703396928	0.0	1.002504366645287	1.0025044028404508	0.9999999638952571	1.0	0.005378951703396928	0	0.037199295064412004	3	0.9946210500881494	0.005378949911850606	0.0	1.002504384004767	1.0025044020096774	0.9999999820400683	1.0	0.005378949911850606	0	0.03719928447097062	1	
exampleTumor1	m004	region2	1	0.9999999612844119	0.9999999744101855	1.0	2.0	1.0					clipp2_single_switch_path_mixture_v1	5c247107561660669e1e40fa17e9c74b9ce7f23c4cacc5cd6479e760fab68aab	3	0.9999441663581133	5.583364188666657e-05	0.0	1.000031046670667	1.0000310853874586	0.9999999612844119	1.0	5.583364188666657e-05	0	0.0006413193495903187	3	0.9999441663801337	5.583361986632418e-05	0.0	1.0000310597845472	1.000031085375157	0.9999999744101855	1.0	5.583361986632418e-05	0	0.0006413191186800022	1	
exampleTumor1	m005	region1	2	0.4644698563629677	0.4644698459572693	0.43946078886605616	1.0	1.0					clipp2_single_switch_path_mixture_v1	5c247107561660669e1e40fa17e9c74b9ce7f23c4cacc5cd6479e760fab68aab	3	1.0	0.0	0.0	0.4644816666809084	1.000025427522968	0.4644698563629677	1.0	2.5427522968046932e-05	0	0.22240183180873005	3	0.9999999999999999	0.0	0.0	0.4644816562794561	1.0000254275326796	0.4644698459572693	1.0	2.5427532679742376e-05	0	0.2224018319093205	1	
exampleTumor1	m005	region2	2	0.5783394986493282	0.5783395130938829	0.5608789113245486	2.0	1.0					clipp2_single_switch_path_mixture_v1	5c247107561660669e1e40fa17e9c74b9ce7f23c4cacc5cd6479e760fab68aab	3	0.9567617138262803	0.04323828617371976	0.0	0.5842571787725706	1.0102321908447593	0.5783394986493282	1.0	0.04323828617371976	0	0.17927831469875594	3	0.9567617211670438	0.04323827883295622	0.0	0.5842571928209267	1.0102321899041389	0.5783395130938829	1.0	0.04323827883295622	0	0.17927829159151618	1	
exampleTumor1	m006	region1	1	1.0	0.9999999820400683	1.0	1.0	1.0					clipp2_single_switch_path_mixture_v1	5c247107561660669e1e40fa17e9c74b9ce7f23c4cacc5cd6479e760fab68aab	3	0.0	0.3620585868873396	0.6379414131126604	1.1685719831351082	1.1685719831351082	1.0	1.0	0.3620585868873396	0	0.9055533316367037	3	0.6379413452104734	0.3620586547895266	0.0	1.1685719935386922	1.1685720145261658	0.9999999820400683	1.0	0.3620586547895266	0	0.9055534171654456	1	
exampleTumor1	m006	region2	1	0.999999961286073	0.9999999744101855	1.0	2.0	1.0					clipp2_single_switch_path_mixture_v1	5c247107561660669e1e40fa17e9c74b9ce7f23c4cacc5cd6479e760fab68aab	2	0.005152437759119091	0.9948475622408809	0.0	1.5538814508729613	1.5538815110298165	1.5567500905184395	1.556750150786351	0.9948475622408809	1	0.7218594361839142	2	0.005152439250795005	0.9948475607492051	0.0	1.553881469694828	1.5538815094583676	1.556750103642552	1.5567501434794992	0.9948475607492051	1	0.7218594430008327	1	
exampleTumor1	m007	region1	2	0.46446984521244605	0.4644698459572693	0.43946078886605616	1.0	1.0					clipp2_single_switch_path_mixture_v1	5c247107561660669e1e40fa17e9c74b9ce7f23c4cacc5cd6479e760fab68aab	3	1.0	0.0	0.0	0.4645993233862458	1.0002787655111185	0.46446984521244605	1.0	0.0002787655111183904	0	0.22461158119797214	3	1.0	0.0	0.0	0.4645993241279932	1.000278765504049	0.4644698459572693	1.0	0.0002787655040491505	0	0.22461158114168156	1	
exampleTumor1	m007	region2	2	0.5783394983114367	0.5783395130938829	0.5608789113245486	2.0	1.0					clipp2_single_switch_path_mixture_v1	5c247107561660669e1e40fa17e9c74b9ce7f23c4cacc5cd6479e760fab68aab	3	0.9501563579206598	0.049843642079340215	0.0	0.5852193907322927	1.011895940776902	0.5783394983114367	1.0	0.049843642079340215	0	0.20012660376533367	3	0.9501563657350863	0.049843634264913665	0.0	0.5852194051395815	1.0118959398241596	0.5783395130938829	1.0	0.049843634264913665	0	0.20012658007386888	1	
exampleTumor1	m008	region1	1	0.9999999638957909	0.9999999820400683	1.0	1.0	1.0					clipp2_single_switch_path_mixture_v1	5c247107561660669e1e40fa17e9c74b9ce7f23c4cacc5cd6479e760fab68aab	3	0.9597256718189316	0.04027432818106831	0.0	1.0187514128423658	1.0187514496235812	0.9999999638957909	1.0	0.04027432818106831	0	0.19673103673267292	3	0.9597256841325026	0.04027431586749751	0.0	1.0187514256189043	1.0187514439156107	0.9999999820400683	1.0	0.04027431586749751	0	0.19673098915204337	1	
exampleTumor1	m008	region2	1	0.9999999612847008	0.9999999744101855	1.0	2.0	1.0					clipp2_single_switch_path_mixture_v1	5c247107561660669e1e40fa17e9c74b9ce7f23c4cacc5cd6479e760fab68aab	3	0.9949629940371217	0.005037005962878217	0.0	1.0028043149079728	1.0028043537318434	0.9999999612847008	1.0	0.005037005962878217	0	0.03516619897495247	3	0.9949629959836468	0.005037004016353253	0.0	1.0028043269827862	1.0028043526443635	0.9999999744101855	1.0	0.005037004016353253	0	0.035166187336599805	1	
exampleTumor1	m009	region1	1	0.9999999638951208	0.9999999820400683	1.0	1.0	1.0					clipp2_single_switch_path_mixture_v1	5c247107561660669e1e40fa17e9c74b9ce7f23c4cacc5cd6479e760fab68aab	3	0.9854533577313966	0.014546642268603392	0.0	1.0067727800329163	1.006772816382327	0.9999999638951208	1.0	0.014546642268603392	0	0.08606133109611404	3	0.9854533619804744	0.014546638019525625	0.0	1.0067727963314965	1.0067728144130674	0.9999999820400683	1.0	0.014546638019525625	0	0.08606131023786341	1	
exampleTumor1	m009	region2	1	1.0	0.9999999744101855	1.0	2.0	1.0					clipp2_single_switch_path_mixture_v1	5c247107561660669e1e40fa17e9c74b9ce7f23c4cacc5cd6479e760fab68aab	3	0.0	1.4396033126252075e-07	0.9999998560396688	1.0000000801499331	1.0000000801499331	1.0	1.0	1.4396033126252075e-07	0	2.511657927657549e-06	3	0.9999998560395355	1.4396046457339667e-07	0.0	1.000000054560191	1.0000000801500075	0.9999999744101855	1.0	1.4396046457339667e-07	0	2.5116601202317078e-06	1	
exampleTumor1	m010	region1	2	0.46446981374426527	0.4644698459572693	0.43946078886605616	1.0	1.0					clipp2_single_switch_path_mixture_v1	5c247107561660669e1e40fa17e9c74b9ce7f23c4cacc5cd6479e760fab68aab	3	1.0	0.0	0.0	0.4680306863912132	1.0076665319070843	0.46446981374426527	1.0	0.007666531907084396	0	0.265390110076018	3	1.0	0.0	0.0	0.4680307149315457	1.0076665234681434	0.4644698459572693	1.0	0.007666523468143389	0	0.26539007091019656	1	
exampleTumor1	m010	region2	2	0.5783395158849814	0.5783395130938829	0.5608789113245486	2.0	1.0					clipp2_single_switch_path_mixture_v1	5c247107561660669e1e40fa17e9c74b9ce7f23c4cacc5cd6479e760fab68aab	3	0.9782873584036963	0.02171264159630365	0.0	0.5812850774574896	1.0050931355918171	0.5783395158849814	1.0	0.02171264159630365	0	0.10485532879787339	3	0.9782873575204416	0.02171264247955835	0.0	0.5812850747258572	1.0050931357192192	0.5783395130938829	1.0	0.02171264247955835	0	0.1048553321728785	1	
exampleTumor1	m011	region1	2	0.4644698587764649	0.4644698459572693	0.43946078886605616	2.0	1.0					clipp2_single_switch_path_mixture_v1	5c247107561660669e1e40fa17e9c74b9ce7f23c4cacc5cd6479e760fab68aab	1	1.0	0.0	0.0	0.4644986891134416	1.0000620714916844	0.4644698587764649	1.0	6.207149168433094e-05	0	0.0006633699933746382	1	1.0	0.0	0.0	0.464498676305014	1.0000620715165809	0.4644698459572693	1.0	6.207151658085151e-05	0	0.0006633702345512617	1	
exampleTumor1	m011	region2	2	0.57833952801246	0.5783395130938829	0.5608789113245486	2.0	1.0					clipp2_single_switch_path_mixture_v1	5c247107561660669e1e40fa17e9c74b9ce7f23c4cacc5cd6479e760fab68aab	1	0.9999999999999999	0.0	0.0	0.5783418215572868	1.000003965741084	0.57833952801246	1.0	3.965741084098342e-06	0	5.3290898321685925e-05	1	1.0	0.0	0.0	0.5783418066399608	1.0000039657433497	0.5783395130938829	1.0	3.965743349743216e-06	0	5.32909265012307e-05	1	
exampleTumor1	m012	region1	2	0.46446980116589576	0.4644698459572693	0.43946078886605616	2.0	1.0					clipp2_single_switch_path_mixture_v1	5c247107561660669e1e40fa17e9c74b9ce7f23c4cacc5cd6479e760fab68aab	1	1.0	0.0	0.0	0.5026726066228502	1.0822503537604793	0.46446980116589576	1.0	0.0822503537604794	0	0.2842314042239828	1	1.0	0.0	0.0	0.5026726129082862	1.08225026292564	0.4644698459572693	1.0	0.08225026292563999	0	0.2842311851160393	1	
exampleTumor1	m012	region2	2	0.5783395240228446	0.5783395130938829	0.5608789113245486	2.0	1.0					clipp2_single_switch_path_mixture_v1	5c247107561660669e1e40fa17e9c74b9ce7f23c4cacc5cd6479e760fab68aab	1	0.9999999999999999	0.0	0.0	0.5785871997839468	1.0004282532159992	0.5783395240228446	1.0	0.00042825321599917164	0	0.00374960604408424	1	1.0	0.0	0.0	0.5785871889339024	1.0004282533605469	0.5783395130938829	1.0	0.0004282533605467877	0	0.003749607165103978	1	
exampleTumor1	m013	region1	1	0.9999999638949713	0.9999999820400683	1.0	2.0	1.0					clipp2_single_switch_path_mixture_v1	5c247107561660669e1e40fa17e9c74b9ce7f23c4cacc5cd6479e760fab68aab	1	1.0	0.0	0.0	1.000009016699479	1.0000090528048347	0.9999999638949713	1.0	9.05280483461973e-06	0	0.00011417787991240558	1	1.0	0.0	0.0	1.0000090348385449	1.0000090527986392	0.9999999820400683	1.0	9.052798639128389e-06	0	0.0001141778079676051	1	
exampleTumor1	m013	region2	1	0.9999999612841608	0.9999999744101855	1.0	2.0	1.0					clipp2_single_switch_path_mixture_v1	5c247107561660669e1e40fa17e9c74b9ce7f23c4cacc5cd6479e760fab68aab	1	1.0	0.0	0.0	1.0000185641343289	1.0000186028508884	0.9999999612841608	1.0	1.860285088821191e-05	0	0.00022122857059344314	1	1.0	0.0	0.0	1.0000185772504961	1.0000186028407867	0.9999999744101855	1.0	1.860284078678161e-05	0	0.0002212284605669386	1	
exampleTumor1	m014	region1	1	1.0	0.9999999820400683	1.0	2.0	1.0					clipp2_single_switch_path_mixture_v1	5c247107561660669e1e40fa17e9c74b9ce7f23c4cacc5cd6479e760fab68aab	1	0.0	0.0	1.0	1.0000000016426462	1.0000000016426462	1.0	1.0	1.6426462149212258e-09	0	3.486838116991226e-08	1	1.0	0.0	0.0	0.9999999836827158	1.0000000016426476	0.9999999820400683	1.0	1.642647466732288e-09	0	3.486840645967501e-08	1	
exampleTumor1	m014	region2	1	1.0	0.9999999744101855	1.0	2.0	1.0					clipp2_single_switch_path_mixture_v1	5c247107561660669e1e40fa17e9c74b9ce7f23c4cacc5cd6479e760fab68aab	1	0.0	0.0	1.0	1.0000000000037426	1.0000000000037426	1.0	1.0	3.742555010677077e-12	0	1.0221387199577452e-10	1	1.0	0.0	0.0	0.9999999744139281	1.0000000000037426	0.9999999744101855	1.0	3.742561127442904e-12	0	1.0221402681877435e-10	1	
exampleTumor1	m015	region1	2	0.4644698745469834	0.4644698459572693	0.43946078886605616	1.0	1.0					clipp2_single_switch_path_mixture_v1	5c247107561660669e1e40fa17e9c74b9ce7f23c4cacc5cd6479e760fab68aab	3	1.0	0.0	0.0	0.464472501528378	1.0000056558703558	0.4644698745469834	1.0	5.655870355692958e-06	0	0.22218577583393168	3	1.0	0.0	0.0	0.46447247294114524	1.0000056558760462	0.4644698459572693	1.0	5.655876046173827e-06	0	0.22218577590142474	1	
exampleTumor1	m015	region2	2	0.5783395092072232	0.5783395130938829	0.5608789113245486	2.0	1.0					clipp2_single_switch_path_mixture_v1	5c247107561660669e1e40fa17e9c74b9ce7f23c4cacc5cd6479e760fab68aab	3	0.9832402377137515	0.01675976228624858	0.0	0.580605838281963	1.0039186827782982	0.5783395092072232	1.0	0.01675976228624858	0	0.08519388394742361	3	0.9832402388775381	0.016759761122461934	0.0	0.5806058420763308	1.0039186825923825	0.5783395130938829	1.0	0.016759761122461934	0	0.08519387920454125	1	
exampleTumor1	m016	region1	1	1.0	0.9999999820400683	1.0	1.0	1.0					clipp2_single_switch_path_mixture_v1	5c247107561660669e1e40fa17e9c74b9ce7f23c4cacc5cd6479e760fab68aab	3	0.0	0.5283401512392425	0.47165984876075756	1.1002775197782135	1.1002775197782135	1.0	1.0	0.5283401512392425	1	1.0577574772194138	3	0.4716598250120328	0.5283401749879673	0.0	1.1002775015812487	1.1002775213421578	0.9999999820400683	1.0	0.5283401749879673	1	1.0577574909857155	1	
exampleTumor1	m016	region2	1	0.9999999612851616	0.9999999744101855	1.0	1.0	1.0					clipp2_single_switch_path_mixture_v1	5c247107561660669e1e40fa17e9c74b9ce7f23c4cacc5cd6479e760fab68aab	3	0.8242823072716365	0.1757176927283635	0.0	1.0563594540416135	1.0563594949384008	0.9999999612851616	1.0	0.1757176927283635	0	0.5866357336765006	3	0.8242823400609968	0.1757176599390033	0.0	1.056359457802965	1.0563594848350082	0.9999999744101855	1.0	0.1757176599390033	0	0.5866356602682823	1	
exampleTumor1	m017	region1	1	1.0	0.9999999820400683	1.0	2.0	1.0					clipp2_single_switch_path_mixture_v1	5c247107561660669e1e40fa17e9c74b9ce7f23c4cacc5cd6479e760fab68aab	1	0.0	0.0	1.0	1.0335343247424864	1.0335343247424864	1.0	1.0	0.03353432474248648	0	0.14682091789681428	1	1.0	0.0	0.0	1.0335343244754704	1.0335343430376767	0.9999999820400683	1.0	0.033534343037676384	0	0.14682097938833732	1	
exampleTumor1	m017	region2	1	1.0	0.9999999744101855	1.0	2.0	1.0					clipp2_single_switch_path_mixture_v1	5c247107561660669e1e40fa17e9c74b9ce7f23c4cacc5cd6479e760fab68aab	1	0.0	0.0	1.0	1.0000000004254666	1.0000000004254666	1.0	1.0	4.254666034438849e-10	0	9.606114572737749e-09	1	1.0	0.0	0.0	0.9999999748356527	1.0000000004254672	0.9999999744101855	1.0	4.254672118970379e-10	0	9.606127759519506e-09	1	
exampleTumor1	m018	region1	1	1.0	0.9999999820400683	1.0	2.0	1.0					clipp2_single_switch_path_mixture_v1	5c247107561660669e1e40fa17e9c74b9ce7f23c4cacc5cd6479e760fab68aab	2	0.0	0.0	1.0	1.9999981844330026	1.9999981844330026	2.0	2.0	0.9999981844330027	1	2.581575018023007e-05	2	1.0	0.0	0.0	1.9999981485140261	1.9999981844338568	1.9999999640801367	2.0	0.9999981844338568	1	2.5815738890219334e-05	1	
exampleTumor1	m018	region2	1	1.0	0.9999999744101855	1.0	2.0	1.0					clipp2_single_switch_path_mixture_v1	5c247107561660669e1e40fa17e9c74b9ce7f23c4cacc5cd6479e760fab68aab	2	0.0	0.0	1.0	1.999999995077682	1.999999995077682	2.0	2.0	0.9999999950776818	1	9.908373707168114e-08	2	1.0	0.0	0.0	1.999999943898057	1.9999999950776857	1.999999948820371	2.0	0.9999999950776857	1	9.90836635753718e-08	1	
exampleTumor1	m019	region1	1	1.0	0.9999999820400683	1.0	1.0	1.0					clipp2_single_switch_path_mixture_v1	5c247107561660669e1e40fa17e9c74b9ce7f23c4cacc5cd6479e760fab68aab	3	0.0	0.0897207180810798	0.9102792819189202	1.0170287475990387	1.0170287475990387	1.0	1.0	0.0897207180810798	0	0.3640808528453272	3	0.9102792663057103	0.0897207336942897	0.0	1.0170287317967626	1.0170287500625295	0.9999999820400683	1.0	0.0897207336942897	0	0.3640808998441618	1	
exampleTumor1	m019	region2	1	1.0	0.9999999744101855	1.0	1.0	1.0					clipp2_single_switch_path_mixture_v1	5c247107561660669e1e40fa17e9c74b9ce7f23c4cacc5cd6479e760fab68aab	3	0.0	0.0003018652367371491	0.9996981347632629	1.0000968199182787	1.0000968199182787	1.0	1.0	0.0003018652367371491	0	0.0029578344035394925	3	0.9996981345740379	0.0003018654259621614	0.0	1.0000967943852939	1.000096819977586	0.9999999744101855	1.0	0.0003018654259621614	0	0.0029578360684120184	1	
exampleTumor1	m020	region1	1	0.9999999638977659	0.9999999820400683	1.0	1.0	1.0					clipp2_single_switch_path_mixture_v1	5c247107561660669e1e40fa17e9c74b9ce7f23c4cacc5cd6479e760fab68aab	3	0.38382359916317677	0.6161764008368233	0.0	1.2868874389775335	1.286887485437047	0.9999999638977659	1.0	0.6161764008368233	1	1.0930059106272765	3	0.3838236625012694	0.6161763374987306	0.0	1.2868874332194866	1.2868874563318973	0.9999999820400683	1.0	0.6161763374987306	1	1.0930058967057477	1	
exampleTumor1	m020	region2	1	0.9999999612865681	0.9999999744101855	1.0	2.0	1.0					clipp2_single_switch_path_mixture_v1	5c247107561660669e1e40fa17e9c74b9ce7f23c4cacc5cd6479e760fab68aab	2	0.0005457412403297613	0.9994542587596702	0.0	1.556446229666703	1.5564462899220803	1.5567500905189346	1.5567501507860757	0.9994542587596702	1	0.6974148473232618	2	0.0005457414300375104	0.9994542585699624	0.0	1.5564462492429272	1.556446289072099	1.556750103642552	1.5567501434794992	0.9994542585699624	1	0.6974148486170085	1	
exampleTumor1	m021	region1	1	0.9999999638981317	0.9999999820400683	1.0	1.0	1.0					clipp2_single_switch_path_mixture_v1	5c247107561660669e1e40fa17e9c74b9ce7f23c4cacc5cd6479e760fab68aab	3	0.4082079583766482	0.5917920416233519	0.0	1.2755342497992426	1.2755342958484137	0.9999999638981317	1.0	0.5917920416233519	1	1.08639864989729	3	0.40820802873562867	0.5917919712643713	0.0	1.2755342405506505	1.2755342634591587	0.9999999820400683	1.0	0.5917919712643713	1	1.0863986272579669	1	
exampleTumor1	m021	region2	1	0.9999999612865575	0.9999999744101855	1.0	2.0	1.0					clipp2_single_switch_path_mixture_v1	5c247107561660669e1e40fa17e9c74b9ce7f23c4cacc5cd6479e760fab68aab	2	0.0011033184939009044	0.998896681506099	0.0	1.5561357984694968	1.5561358587128729	1.556750090518924	1.5567501507860813	0.998896681506099	1	0.7009981012428124	2	0.0011033188823706256	0.9988966811176294	0.0	1.556135817931418	1.5561358577526458	1.556750103642552	1.5567501434794992	0.9988966811176294	1	0.7009981036183764	1	
exampleTumor1	m022	region1	2	0.46446985945669855	0.4644698459572693	0.43946078886605616	1.0	1.0					clipp2_single_switch_path_mixture_v1	5c247107561660669e1e40fa17e9c74b9ce7f23c4cacc5cd6479e760fab68aab	3	0.9969707053851816	0.003029294614818424	0.0	0.46504481131288244	1.0012378668808701	0.46446985945669855	1.0	0.003029294614818424	0	0.3941497236070701	3	0.996970705096355	0.0030292949036449606	0.0	0.4650447978682717	1.0012378670348716	0.4644698459572693	1.0	0.0030292949036449606	0	0.3941497251730009	1	
exampleTumor1	m022	region2	2	0.5783394977558595	0.5783395130938829	0.5608789113245486	1.0	1.0					clipp2_single_switch_path_mixture_v1	5c247107561660669e1e40fa17e9c74b9ce7f23c4cacc5cd6479e760fab68aab	3	0.9747096659990333	0.02529033400096661	0.0	0.5864510911863668	1.0140256604675677	0.5783394977558595	1.0	0.02529033400096661	0	0.40645771541152287	3	0.974709672825548	0.025290327174452044	0.0	0.5864511043348617	1.0140256563097083	0.5783395130938829	1.0	0.025290327174452044	0	0.4064576925034923	1	
exampleTumor1	m023	region1	1	0.9999999638958604	0.9999999820400683	1.0	1.0	1.0					clipp2_single_switch_path_mixture_v1	5c247107561660669e1e40fa17e9c74b9ce7f23c4cacc5cd6479e760fab68aab	3	0.9597256718189792	0.040274328181020794	0.0	1.0187514128424147	1.0187514496235592	0.9999999638958604	1.0	0.040274328181020794	0	0.1967310367324893	3	0.9597256841325026	0.04027431586749751	0.0	1.0187514256189043	1.0187514439156107	0.9999999820400683	1.0	0.04027431586749751	0	0.19673098915204337	1	
exampleTumor1	m023	region2	1	1.0	0.9999999744101855	1.0	2.0	1.0					clipp2_single_switch_path_mixture_v1	5c247107561660669e1e40fa17e9c74b9ce7f23c4cacc5cd6479e760fab68aab	3	0.0	7.725224096141752e-05	0.9999227477590386	1.0000430101951387	1.0000430101951387	1.0	1.0	7.725224096141752e-05	0	0.0008622542237712652	3	0.9999227477061399	7.725229386017243e-05	0.0	1.0000429846337873	1.0000430102247024	0.9999999744101855	1.0	7.725229386017243e-05	0	0.0008622547613021138	1	
exampleTumor1	m024	region1	1	1.0	0.9999999820400683	1.0	1.0	1.0					clipp2_single_switch_path_mixture_v1	5c247107561660669e1e40fa17e9c74b9ce7f23c4cacc5cd6479e760fab68aab	3	0.0	0.050868238940909305	0.9491317610590907	1.0236839015215178	1.0236839015215178	1.0	1.0	0.050868238940909305	0	0.23632300432105594	3	0.9491317451783454	0.050868254821654565	0.0	1.0236838904987564	1.0236839088840495	0.9999999820400683	1.0	0.050868254821654565	0	0.23632306180071308	1	
exampleTumor1	m024	region2	1	1.0	0.9999999744101855	1.0	2.0	1.0					clipp2_single_switch_path_mixture_v1	5c247107561660669e1e40fa17e9c74b9ce7f23c4cacc5cd6479e760fab68aab	3	0.0	9.58722358206728e-07	0.9999990412776417	1.0000005337687967	1.0000005337687967	1.0	1.0	9.58722358206728e-07	0	1.490891021027452e-05	3	0.9999990412768925	9.587231075270052e-07	0.0	1.0000005081793872	1.0000005337692155	0.9999999744101855	1.0	9.587231075270052e-07	0	1.4908921113349764e-05	1	
exampleTumor1	m025	region1	2	0.4644698071687777	0.4644698459572693	0.43946078886605616	1.0	1.0					clipp2_single_switch_path_mixture_v1	5c247107561660669e1e40fa17e9c74b9ce7f23c4cacc5cd6479e760fab68aab	3	1.0	0.0	0.0	0.467935815570676	1.0074622900098194	0.4644698071687777	1.0	0.00746229000981921	0	0.26443944064089153	3	1.0	0.0	0.0	0.4679358498012117	1.0074622795733899	0.4644698459572693	1.0	0.00746227957338971	0	0.2644393919206086	1	
exampleTumor1	m025	region2	2	0.5783395212254394	0.5783395130938829	0.5608789113245486	2.0	1.0					clipp2_single_switch_path_mixture_v1	5c247107561660669e1e40fa17e9c74b9ce7f23c4cacc5cd6479e760fab68aab	3	0.9923323827637965	0.007667617236203439	0.0	0.579375528089233	1.0017913471685256	0.5783395212254394	1.0	0.007667617236203439	0	0.04499005390789336	3	0.9923323813977608	0.007667618602239189	0.0	0.579375520079897	1.0017913474050422	0.5783395130938829	1.0	0.007667618602239189	0	0.0449900605517537	1	
exampleTumor1	m026	region1	2	0.4644698572026171	0.4644698459572693	0.43946078886605616	1.0	1.0					clipp2_single_switch_path_mixture_v1	5c247107561660669e1e40fa17e9c74b9ce7f23c4cacc5cd6479e760fab68aab	3	1.0	0.0	0.0	0.4645072503303636	1.0000805071140069	0.4644698572026171	1.0	8.050711400671881e-05	0	0.2229346134195606	3	1.0	0.0	0.0	0.46450723909827096	1.000080507144494	0.4644698459572693	1.0	8.050714449418062e-05	0	0.22293461370019796	1	
exampleTumor1	m026	region2	2	0.5783395125849737	0.5783395130938829	0.5608789113245486	2.0	1.0					clipp2_single_switch_path_mixture_v1	5c247107561660669e1e40fa17e9c74b9ce7f23c4cacc5cd6479e760fab68aab	3	0.9790052695849094	0.02099473041509059	0.0	0.5811838621916454	1.004918131209743	0.5783395125849737	1.0	0.02099473041509059	0	0.10204049714955668	3	0.9790052697497613	0.020994730250238784	0.0	0.5811838626888739	1.0049181311852184	0.5783395130938829	1.0	0.020994730250238784	0	0.10204049651458277	1	
exampleTumor1	m027	region1	2	0.4644698714134854	0.4644698459572693	0.43946078886605616	2.0	1.0					clipp2_single_switch_path_mixture_v1	5c247107561660669e1e40fa17e9c74b9ce7f23c4cacc5cd6479e760fab68aab	1	1.0	0.0	0.0	0.46449466864474304	1.00005338824493	0.4644698714134854	1.0	5.338824492999019e-05	0	0.0005786161006389949	1	1.0	0.0	0.0	0.4644946432049238	1.0000533882831584	0.4644698459572693	1.0	5.3388283158190456e-05	0	0.0005786164767229131	1	
exampleTumor1	m027	region2	2	0.5783395181684008	0.5783395130938829	0.5608789113245486	2.0	1.0					clipp2_single_switch_path_mixture_v1	5c247107561660669e1e40fa17e9c74b9ce7f23c4cacc5cd6479e760fab68aab	1	1.0	0.0	0.0	0.5785944926420082	1.0004408733375423	0.5783395181684008	1.0	0.00044087333754219124	0	0.003847295495730061	1	1.0	0.0	0.0	0.578594487609152	1.0004408734134473	0.5783395130938829	1.0	0.0004408734134472607	0	0.0038472960821962915	1	
exampleTumor1	m028	region1	1	0.9999999638953856	0.9999999820400683	1.0	1.0	1.0					clipp2_single_switch_path_mixture_v1	5c247107561660669e1e40fa17e9c74b9ce7f23c4cacc5cd6479e760fab68aab	3	0.9973033955491465	0.002696604450853486	0.0	1.0012554842969161	1.0012555204468607	0.9999999638953856	1.0	0.002696604450853486	0	0.020514579004616885	3	0.9973033965019946	0.002696603498005351	0.0	1.0012555020224239	1.0012555200049045	0.9999999820400683	1.0	0.002696603498005351	0	0.020514572709903006	1	
exampleTumor1	m028	region2	1	0.9999999582819457	0.9999999744101855	1.0	2.0	1.0					clipp2_single_switch_path_mixture_v1	5c247107561660669e1e40fa17e9c74b9ce7f23c4cacc5cd6479e760fab68aab	3	0.9999533964866152	4.660351338480709e-05	0.0	1.0000259047930733	1.00002594651221	0.9999999582819457	1.0	4.660351338480709e-05	0	0.000543721256782149	3	0.9999533965088773	4.660349112278453e-05	0.0	1.0000259209092945	1.000025946499773	0.9999999744101855	1.0	4.660349112278453e-05	0	0.0005437210193145362	1	
exampleTumor1	m029	region1	1	1.0	0.9999999820400683	1.0	1.0	1.0					clipp2_single_switch_path_mixture_v1	5c247107561660669e1e40fa17e9c74b9ce7f23c4cacc5cd6479e760fab68aab	3	0.0	0.23356183291087237	0.7664381670891276	1.108744779945539	1.108744779945539	1.0	1.0	0.23356183291087237	0	0.7054371808610127	3	0.7664381077241108	0.23356189227588914	0.0	1.1087447875281722	1.1087448074411532	0.9999999820400683	1.0	0.23356189227588914	0	0.7054372925535721	1	
exampleTumor1	m029	region2	1	1.0	0.9999999744101855	1.0	2.0	1.0					clipp2_single_switch_path_mixture_v1	5c247107561660669e1e40fa17e9c74b9ce7f23c4cacc5cd6479e760fab68aab	1	0.0	0.9998552879443552	0.0001447120556448452	1.556669560776685	1.556669560776685	1.5567501292323664	1.5567501292323664	0.9998552879443552	1	0.694470940611558	2	0.0001447119571124488	0.9998552880428877	0.0	1.5566695224486735	1.556669562283559	1.556750103642552	1.5567501434794992	0.9998552880428877	1	0.6944709398087645	1	
exampleTumor1	m030	region1	2	0.4644698533035646	0.4644698459572693	0.43946078886605616	2.0	1.0					clipp2_single_switch_path_mixture_v1	5c247107561660669e1e40fa17e9c74b9ce7f23c4cacc5cd6479e760fab68aab	1	1.0	0.0	0.0	0.46459084609373225	1.000260496540964	0.4644698533035646	1.0	0.0002604965409639019	0	0.0024103199757096717	1	0.9999999999999999	0.0	0.0	0.4645908387716433	1.0002604965972002	0.4644698459572693	1.0	0.00026049659720030725	0	0.0024103204398097885	1	
exampleTumor1	m030	region2	2	0.5783395279302994	0.5783395130938829	0.5608789113245486	2.0	1.0					clipp2_single_switch_path_mixture_v1	5c247107561660669e1e40fa17e9c74b9ce7f23c4cacc5cd6479e760fab68aab	1	1.0	0.0	0.0	0.5783414172333406	1.0000032667714205	0.5783395279302994	1.0	3.2667714205984956e-06	0	4.453167005934912e-05	1	1.0	0.0	0.0	0.5783414023979613	1.0000032667732976	0.5783395130938829	1.0	3.2667732977333846e-06	0	4.4531693770793185e-05	1	
exampleTumor1	m031	region1	1	0.9999999638963133	0.9999999820400683	1.0	1.0	1.0					clipp2_single_switch_path_mixture_v1	5c247107561660669e1e40fa17e9c74b9ce7f23c4cacc5cd6479e760fab68aab	3	0.9807429833028096	0.01925701669719033	0.0	1.0089658978241858	1.0089659342515758	0.9999999638963133	1.0	0.01925701669719033	0	0.10848124629132257	3	0.9807429903048124	0.019257009695187677	0.0	1.008965912882554	1.0089659310035133	0.9999999820400683	1.0	0.019257009695187677	0	0.10848121391698723	1	
exampleTumor1	m031	region2	1	1.0	0.9999999744101855	1.0	2.0	1.0					clipp2_single_switch_path_mixture_v1	5c247107561660669e1e40fa17e9c74b9ce7f23c4cacc5cd6479e760fab68aab	3	0.0	3.0190294822309573e-06	0.9999969809705178	1.0000016808450545	1.0000016808450545	1.0	1.0	3.0190294822309573e-06	0	4.348525778753031e-05	3	0.9999969809681829	3.019031817134722e-06	0.0	1.0000016552565012	1.0000016808463588	0.9999999744101855	1.0	3.019031817134722e-06	0	4.348528908393016e-05	1	
exampleTumor1	m032	region1	1	0.9999999638951189	0.9999999820400683	1.0	2.0	1.0					clipp2_single_switch_path_mixture_v1	5c247107561660669e1e40fa17e9c74b9ce7f23c4cacc5cd6479e760fab68aab	1	1.0	0.0	0.0	1.000006472383029	1.000006508488145	0.9999999638951189	1.0	6.508488145181871e-06	0	8.423545768763636e-05	1	1.0	0.0	0.0	1.000006490523457	1.0000065084835055	0.9999999820400683	1.0	6.508483505384225e-06	0	8.423540227728349e-05	1	
exampleTumor1	m032	region2	1	0.99999996128422	0.9999999744101855	1.0	2.0	1.0					clipp2_single_switch_path_mixture_v1	5c247107561660669e1e40fa17e9c74b9ce7f23c4cacc5cd6479e760fab68aab	1	1.0	0.0	0.0	0.9999999905502739	1.0000000292660551	0.99999996128422	1.0	2.9266055082023233e-08	0	5.369395571291005e-07	1	1.0	0.0	0.0	1.0000000036762198	1.000000029266035	0.9999999744101855	1.0	2.9266035008146217e-08	0	5.369392087786291e-07	1	
exampleTumor1	m033	region1	2	0.4644698440831268	0.4644698459572693	0.43946078886605616	1.0	1.0					clipp2_single_switch_path_mixture_v1	5c247107561660669e1e40fa17e9c74b9ce7f23c4cacc5cd6479e760fab68aab	3	0.9778122471642218	0.022187752835778254	0.0	0.46868101905933335	1.0090666273168272	0.4644698440831268	1.0	0.022187752835778254	0	0.47281382710581416	3	0.9778122475155219	0.022187752484478088	0.0	0.46868102086679997	1.0090666271366906	0.4644698459572693	1.0	0.022187752484478088	0	0.47281382590749943	1	
exampleTumor1	m033	region2	2	0.5783395032830239	0.5783395130938829	0.5608789113245486	1.0	1.0					clipp2_single_switch_path_mixture_v1	5c247107561660669e1e40fa17e9c74b9ce7f23c4cacc5cd6479e760fab68aab	3	0.9879025161806791	0.012097483819320892	0.0	0.5822196367075458	1.0067090928468414	0.5783395032830239	1.0	0.012097483819320892	0	0.3578251493168267	3	0.9879025181466703	0.012097481853329739	0.0	0.582219645887835	1.0067090916427186	0.5783395130938829	1.0	0.012097481853329739	0	0.3578251412432631	1	
exampleTumor1	m034	region1	1	0.9999999638956097	0.9999999820400683	1.0	1.0	1.0					clipp2_single_switch_path_mixture_v1	5c247107561660669e1e40fa17e9c74b9ce7f23c4cacc5cd6479e760fab68aab	3	0.9931405388702652	0.0068594611297348295	0.0	1.0031936816057336	1.003193717825431	0.9999999638956097	1.0	0.0068594611297348295	0	0.0457651995262464	3	0.993140541245002	0.0068594587549980195	0.0	1.0031936987067616	1.003193716724052	0.9999999820400683	1.0	0.0068594587549980195	0	0.045765186065310666	1	
exampleTumor1	m034	region2	1	1.0	0.9999999744101855	1.0	2.0	1.0					clipp2_single_switch_path_mixture_v1	5c247107561660669e1e40fa17e9c74b9ce7f23c4cacc5cd6479e760fab68aab	3	0.0	4.575616537948129e-05	0.9999542438346206	1.0000254747509882	1.0000254747509882	1.0	1.0	4.575616537948129e-05	0	0.0005346748997739095	3	0.9999542438023681	4.5756197631897366e-05	0.0	1.0000254491785447	1.0000254747690112	0.9999999744101855	1.0	4.5756197631897366e-05	0	0.000534675244400286	1	
exampleTumor1	m035	region1	1	0.9999999638949406	0.9999999820400683	1.0	1.0	1.0					clipp2_single_switch_path_mixture_v1	5c247107561660669e1e40fa17e9c74b9ce7f23c4cacc5cd6479e760fab68aab	3	0.9929285860609273	0.007071413939072794	0.0	1.003292365368712	1.0032924015926437	0.9999999638949406	1.0	0.007071413939072794	0	0.046963366809023556	3	0.9929285882134244	0.007071411786575629	0.0	1.0032923825758078	1.0032924005948707	0.9999999820400683	1.0	0.007071411786575629	0	0.04696335467379217	1	
exampleTumor1	m035	region2	1	0.999999961284811	0.9999999744101855	1.0	2.0	1.0					clipp2_single_switch_path_mixture_v1	5c247107561660669e1e40fa17e9c74b9ce7f23c4cacc5cd6479e760fab68aab	3	0.9988394577473139	0.0011605422526860293	0.0	1.000646093311508	1.0006461320517122	0.999999961284811	1.0	0.0011605422526860293	0	0.009808246959213639	3	0.9988394582524351	0.0011605417475649103	0.0	1.0006461061632728	1.0006461317696216	0.9999999744101855	1.0	0.0011605417475649103	0	0.009808243195629764	1	
exampleTumor1	m036	region1	3	0.20466075984892762	0.20466086196598293	0.18776779171076713	2.0	1.0					clipp2_single_switch_path_mixture_v1	5c247107561660669e1e40fa17e9c74b9ce7f23c4cacc5cd6479e760fab68aab	1	1.0	0.0	0.0	0.20615959414121132	1.0073235059490158	0.20466075984892762	1.0	0.007323505949015696	0	0.043303856886457194	1	1.0	0.0	0.0	0.20615969327197878	1.0073234877035013	0.20466086196598293	1.0	0.007323487703501293	0	0.04330376731344475	1	
exampleTumor1	m036	region2	3	0.26801873944345556	0.26801886587083323	0.2487078336611672	2.0	1.0					clipp2_single_switch_path_mixture_v1	5c247107561660669e1e40fa17e9c74b9ce7f23c4cacc5cd6479e760fab68aab	1	1.0	0.0	0.0	0.26835851883341166	1.0012677448997098	0.26801873944345556	1.0	0.0012677448997098564	0	0.009723453135152382	1	1.0	0.0	0.0	0.268358644144863	1.0012677401380898	0.26801886587083323	1.0	0.0012677401380897307	0	0.009723421378722352	1	
exampleTumor1	m037	region1	1	1.0	0.9999999820400683	1.0	1.0	1.0					clipp2_single_switch_path_mixture_v1	5c247107561660669e1e40fa17e9c74b9ce7f23c4cacc5cd6479e760fab68aab	3	0.0	0.3703356614339707	0.6296643385660294	1.1724257320072953	1.1724257320072953	1.0	1.0	0.3703356614339707	0	0.9158312032814584	3	0.6296642678673058	0.37033573213269416	0.0	1.1724257436385996	1.1724257646952863	0.9999999820400683	1.0	0.37033573213269416	0	0.9158312898113313	1	
exampleTumor1	m037	region2	1	1.0	0.9999999744101855	1.0	2.0	1.0					clipp2_single_switch_path_mixture_v1	5c247107561660669e1e40fa17e9c74b9ce7f23c4cacc5cd6479e760fab68aab	1	0.0	0.9998999583878414	0.00010004161215856365	1.5566944310518684	1.5566944310518684	1.5567501292323664	1.5567501292323664	0.9998999583878414	1	0.694099249284895	2	0.00010004156517293936	0.9998999584348272	0.0	1.556694392694588	1.5566944325301098	1.556750103642552	1.5567501434794992	0.9998999584348272	1	0.6940992488847251	1	
exampleTumor1	m038	region1	1	0.9999999638942404	0.9999999820400683	1.0	2.0	1.0					clipp2_single_switch_path_mixture_v1	5c247107561660669e1e40fa17e9c74b9ce7f23c4cacc5cd6479e760fab68aab	1	1.0	0.0	0.0	1.000000243682662	1.0000002797884318	0.9999999638942404	1.0	2.7978843173032427e-07	0	4.5015809834721594e-06	1	1.0	0.0	0.0	1.0000002618283088	1.0000002797882455	0.9999999820400683	1.0	2.797882455605373e-07	0	4.501578174409428e-06	1	
exampleTumor1	m038	region2	1	0.9999999612840856	0.9999999744101855	1.0	2.0	1.0					clipp2_single_switch_path_mixture_v1	5c247107561660669e1e40fa17e9c74b9ce7f23c4cacc5cd6479e760fab68aab	1	1.0	0.0	0.0	0.9999999640968008	1.0000000028127152	0.9999999612840856	1.0	2.8127152868538414e-09	0	5.819259150330558e-08	1	1.0	0.0	0.0	0.9999999772228989	1.0000000028127134	0.9999999744101855	1.0	2.812713384360433e-09	0	5.819255406000669e-08	1	
exampleTumor1	m039	region1	2	0.4644698569948135	0.4644698459572693	0.43946078886605616	1.0	1.0					clipp2_single_switch_path_mixture_v1	5c247107561660669e1e40fa17e9c74b9ce7f23c4cacc5cd6479e760fab68aab	3	1.0	0.0	0.0	0.46449788950667403	1.0000603537806347	0.4644698569948135	1.0	6.035378063474045e-05	0	0.22274633827436763	3	1.0	0.0	0.0	0.4644978784791176	1.0000603538035726	0.4644698459572693	1.0	6.035380357251078e-05	0	0.22274633849211795	1	
exampleTumor1	m039	region2	2	0.5783395235020387	0.5783395130938829	0.5608789113245486	2.0	1.0					clipp2_single_switch_path_mixture_v1	5c247107561660669e1e40fa17e9c74b9ce7f23c4cacc5cd6479e760fab68aab	3	0.9955677589297107	0.004432241070289287	0.0	0.5789382945945268	1.0010353279832276	0.5783395235020387	1.0	0.004432241070289287	0	0.0284406757809577	3	0.9955677577417655	0.004432242258234474	0.0	0.5789382843007232	1.001035328199585	0.5783395130938829	1.0	0.004432242258234474	0	0.02844068221310187	1	
exampleTumor1	m040	region1	1	0.9999999638997986	0.9999999820400683	1.0	1.0	1.0					clipp2_single_switch_path_mixture_v1	5c247107561660669e1e40fa17e9c74b9ce7f23c4cacc5cd6479e760fab68aab	2	0.21779682221978056	0.7822031777802194	0.0	1.3641883592496795	1.3641884084971558	1.4655930368716437	1.4655930897798493	0.7822031777802194	1	1.0662872232837488	2	0.2177968780205882	0.7822031219794119	0.0	1.3641883585041665	1.3641883830048966	1.4655930731521831	1.465593099474135	0.7822031219794119	1	1.0662872559497965	1	
exampleTumor1	m040	region2	1	0.9999999612858608	0.9999999744101855	1.0	2.0	1.0					clipp2_single_switch_path_mixture_v1	5c247107561660669e1e40fa17e9c74b9ce7f23c4cacc5cd6479e760fab68aab	2	0.009567126514421842	0.9904328734855782	0.0	1.5514235724230634	1.5514236324850939	1.5567500905182272	1.5567501507864694	0.9904328734855782	1	0.7405185808138849	2	0.009567129214031182	0.9904328707859689	0.0	1.5514235905437612	1.5514236302444042	1.556750103642552	1.5567501434794992	0.9904328707859689	1	0.7405185914683308	1	
exampleTumor1	m041	region1	2	0.4644698139782759	0.4644698459572693	0.43946078886605616	1.0	1.0					clipp2_single_switch_path_mixture_v1	5c247107561660669e1e40fa17e9c74b9ce7f23c4cacc5cd6479e760fab68aab	3	1.0	0.0	0.0	0.4656003550280568	1.0024340463379042	0.4644698139782759	1.0	0.002434046337904186	0	0.2386520638652691	3	1.0	0.0	0.0	0.46560038573379103	1.0024340434290018	0.4644698459572693	1.0	0.002434043429001668	0	0.23865204701210369	1	
exampleTumor1	m041	region2	2	0.5783394858146015	0.5783395130938829	0.5608789113245486	2.0	1.0					clipp2_single_switch_path_mixture_v1	5c247107561660669e1e40fa17e9c74b9ce7f23c4cacc5cd6479e760fab68aab	2	0.09701235395502084	0.9029876460449793	0.0	1.0425676510547301	1.8026914582639209	1.135089615046968	1.962670097560733	0.9029876460449793	1	0.6142740087609533	2	0.09701242242266181	0.9029875775773383	0.0	1.0425676098569725	1.8026913019995068	1.1350896423262493	1.9626700521532379	0.9029875775773383	1	0.6142743243917402	1	
exampleTumor1	m042	region1	1	0.999999963895642	0.9999999820400683	1.0	1.0	1.0					clipp2_single_switch_path_mixture_v1	5c247107561660669e1e40fa17e9c74b9ce7f23c4cacc5cd6479e760fab68aab	3	0.9540559616435164	0.04594403835648368	0.0	1.0213911907279725	1.0213912276046468	0.999999963895642	1.0	0.04594403835648368	0	0.2182409001872096	3	0.9540559749872282	0.045944025012771894	0.0	1.021391203076473	1.0213912214205894	0.9999999820400683	1.0	0.045944025012771894	0	0.21824085046259434	1	
exampleTumor1	m042	region2	1	0.9999999612843569	0.9999999744101855	1.0	2.0	1.0					clipp2_single_switch_path_mixture_v1	5c247107561660669e1e40fa17e9c74b9ce7f23c4cacc5cd6479e760fab68aab	3	0.9998977632218847	0.00010223677811529701	0.0	1.0000568816218058	1.0000569203396528	0.9999999612843569	1.0	0.00010223677811529701	0	0.0011124706016952042	3	0.9998977632600474	0.00010223673995259615	0.0	1.0000568947270583	1.0000569203183294	0.9999999744101855	1.0	0.00010223673995259615	0	0.0011124702245994844	1	
exampleTumor1	m043	region1	2	0.4644698400576308	0.4644698459572693	0.43946078886605616	1.0	1.0					clipp2_single_switch_path_mixture_v1	5c247107561660669e1e40fa17e9c74b9ce7f23c4cacc5cd6479e760fab68aab	3	1.0	0.0	0.0	0.46592468406046467	1.0031322679695485	0.4644698400576308	1.0	0.003132267969548534	0	0.24260532779238603	3	1.0	0.0	0.0	0.46592468972604084	1.0031322674258285	0.4644698459572693	1.0	0.0031322674258284196	0	0.24260532477976998	1	
exampleTumor1	m043	region2	2	0.5783395026170233	0.5783395130938829	0.5608789113245486	2.0	1.0					clipp2_single_switch_path_mixture_v1	5c247107561660669e1e40fa17e9c74b9ce7f23c4cacc5cd6479e760fab68aab	3	0.9721769684429912	0.02782303155700885	0.0	0.5821114207217645	1.0065219790238658	0.5783395026170233	1.0	0.02782303155700885	0	0.12733709298569307	3	0.972176972766208	0.027823027233792093	0.0	0.5821114309024773	1.0065219783936536	0.5783395130938829	1.0	0.027823027233792093	0	0.12733707756454382	1	
exampleTumor1	m044	region1	1	0.9999999638952406	0.9999999820400683	1.0	1.0	1.0					clipp2_single_switch_path_mixture_v1	5c247107561660669e1e40fa17e9c74b9ce7f23c4cacc5cd6479e760fab68aab	3	0.9978107909029535	0.0021892090970464942	0.0	1.001019244525623	1.0010192806671832	0.9999999638952406	1.0	0.0021892090970464942	0	0.01711144220759036	3	0.997810791667226	0.002189208332773982	0.0	1.0010192623344718	1.0010192803127096	0.9999999820400683	1.0	0.002189208332773982	0	0.017111436998942884	1	
exampleTumor1	m044	region2	1	1.0	0.9999999744101855	1.0	2.0	1.0					clipp2_single_switch_path_mixture_v1	5c247107561660669e1e40fa17e9c74b9ce7f23c4cacc5cd6479e760fab68aab	3	0.0	1.9230571443592732e-05	0.9999807694285564	1.0000107066231365	1.0000107066231365	1.0	1.0	1.9230571443592732e-05	0	0.0002413849567263618	3	0.9999807694140166	1.9230585983449234e-05	0.0	1.000010681041171	1.0000107066312596	0.9999999744101855	1.0	1.9230585983449234e-05	0	0.00024138512469273034	1	
exampleTumor1	m045	region1	1	0.9999999638955086	0.9999999820400683	1.0	1.0	1.0					clipp2_single_switch_path_mixture_v1	5c247107561660669e1e40fa17e9c74b9ce7f23c4cacc5cd6479e760fab68aab	3	0.9966787920564277	0.0033212079435721675	0.0	1.0015462953678758	1.0015463315281967	0.9999999638955086	1.0	0.0033212079435721675	0	0.024573323511175613	3	0.996678793243916	0.0033212067560840176	0.0	1.0015463129896802	1.0015463309773838	0.9999999820400683	1.0	0.0033212067560840176	0	0.024573315914520208	1	
exampleTumor1	m045	region2	1	1.0	0.9999999744101855	1.0	2.0	1.0					clipp2_single_switch_path_mixture_v1	5c247107561660669e1e40fa17e9c74b9ce7f23c4cacc5cd6479e760fab68aab	3	0.0	6.802979616422751e-07	0.9999993197020384	1.0000003787559781	1.0000003787559781	1.0	1.0	6.802979616422751e-07	0	1.0812575388576533e-05	3	0.9999993197014855	6.802985144983331e-07	0.0	1.0000003531664627	1.000000378756287	0.9999999744101855	1.0	6.802985144983331e-07	0	1.0812583622783858e-05	1	
exampleTumor1	m046	region1	1	0.9999999638995654	0.9999999820400683	1.0	1.0	1.0					clipp2_single_switch_path_mixture_v1	5c247107561660669e1e40fa17e9c74b9ce7f23c4cacc5cd6479e760fab68aab	2	0.22393358834809537	0.7760664116519046	0.0	1.3613311233387948	1.3613311724834418	1.4655930368711771	1.4655930897797247	0.7760664116519046	1	1.0697699232735614	2	0.22393364365683788	0.776066356343162	0.0	1.3613311227670464	1.3613311472164606	1.4655930731521831	1.465593099474135	0.776066356343162	1	1.0697699536790577	1	
exampleTumor1	m046	region2	1	0.9999999612866153	0.9999999744101855	1.0	2.0	1.0					clipp2_single_switch_path_mixture_v1	5c247107561660669e1e40fa17e9c74b9ce7f23c4cacc5cd6479e760fab68aab	2	0.0009210830210352	0.9990789169789649	0.0	1.5562372580891248	1.556237318336339	1.5567500905189817	1.5567501507860493	0.9990789169789649	1	0.6998677269815675	2	0.0009210833505825488	0.9990789166494176	0.0	1.55623727758496	1.5562373174087842	1.556750103642552	1.5567501434794992	0.9990789166494176	1	0.699867729056363	1	
exampleTumor1	m047	region1	1	1.0	0.9999999820400683	1.0	2.0	1.0					clipp2_single_switch_path_mixture_v1	5c247107561660669e1e40fa17e9c74b9ce7f23c4cacc5cd6479e760fab68aab	2	0.0	0.0	1.0	1.999821480917381	1.999821480917381	2.0	2.0	0.999821480917381	1	0.0017192683333749738	2	1.0	0.0	0.0	1.9998214450594978	1.999821480976155	1.9999999640801367	2.0	0.9998214809761549	1	0.0017192678261186793	1	
exampleTumor1	m047	region2	1	1.0	0.9999999744101855	1.0	2.0	1.0					clipp2_single_switch_path_mixture_v1	5c247107561660669e1e40fa17e9c74b9ce7f23c4cacc5cd6479e760fab68aab	2	0.0	0.0	1.0	1.9999999767210805	1.9999999767210805	2.0	2.0	0.9999999767210805	1	4.324226346198241e-07	2	1.0	0.0	0.0	1.999999925541471	1.9999999767210994	1.999999948820371	2.0	0.9999999767210995	1	4.3242230031009504e-07	1	
exampleTumor1	m048	region1	1	1.0	0.9999999820400683	1.0	1.0	1.0					clipp2_single_switch_path_mixture_v1	5c247107561660669e1e40fa17e9c74b9ce7f23c4cacc5cd6479e760fab68aab	3	0.0	0.07527240770332633	0.9247275922966737	1.0350463143299304	1.0350463143299304	1.0	1.0	0.07527240770332633	0	0.31924315762273203	3	0.9247275687902804	0.07527243120971955	0.0	1.0350463066384694	1.0350463252278306	0.9999999820400683	1.0	0.07527243120971955	0	0.31924323287921563	1	
exampleTumor1	m048	region2	1	0.9999999612860953	0.9999999744101855	1.0	2.0	1.0					clipp2_single_switch_path_mixture_v1	5c247107561660669e1e40fa17e9c74b9ce7f23c4cacc5cd6479e760fab68aab	1	0.09255789891287905	0.907442101087121	0.0	1.5052184507719255	1.5052185090448116	1.556750051804557	1.5567501120724325	0.907442101087121	1	0.9374071933138033	1	0.09255792673808816	0.9074420732619117	0.0	1.5052184543590037	1.5052184928772656	1.5567500780527375	1.556750117889684	0.9074420732619117	1	0.937407237546093	1	
exampleTumor1	m049	region1	2	0.464469850153739	0.4644698459572693	0.43946078886605616	1.0	1.0					clipp2_single_switch_path_mixture_v1	5c247107561660669e1e40fa17e9c74b9ce7f23c4cacc5cd6479e760fab68aab	3	0.9821115860673393	0.017888413932660826	0.0	0.467865022331598	1.0073097794759664	0.464469850153739	1.0	0.017888413932660826	0	0.45769257423782106	3	0.9821115854793403	0.017888414520659736	0.0	0.4678650182467289	1.0073097797822852	0.4644698459572693	1.0	0.017888414520659736	0	0.4576925763727626	1	
exampleTumor1	m049	region2	2	0.5783395093234869	0.5783395130938829	0.5608789113245486	1.0	1.0					clipp2_single_switch_path_mixture_v1	5c247107561660669e1e40fa17e9c74b9ce7f23c4cacc5cd6479e760fab68aab	3	0.9995471300672748	0.0004528699327251704	0.0	0.578484762319	1.0002511552352407	0.5783395093234869	1.0	0.0004528699327251704	0	0.29978000452080045	3	0.9995471300941171	0.0004528699058828957	0.0	0.5784847660807866	1.000251155218717	0.5783395130938829	1.0	0.0004528699058828957	0	0.29978000432207424	1	
exampleTumor1	m050	region1	2	0.4644698523001771	0.4644698459572693	0.43946078886605616	2.0	1.0					clipp2_single_switch_path_mixture_v1	5c247107561660669e1e40fa17e9c74b9ce7f23c4cacc5cd6479e760fab68aab	1	1.0	0.0	0.0	0.4644941327747813	1.0000522756740484	0.4644698523001771	1.0	5.227567404843948e-05	0	0.0005676591021809148	1	0.9999999999999999	0.0	0.0	0.46449412643670135	1.0000522756851566	0.4644698459572693	1.0	5.227568515676556e-05	0	0.0005676592116972125	1	
exampleTumor1	m050	region2	2	0.5783395183648806	0.5783395130938829	0.5608789113245486	2.0	1.0					clipp2_single_switch_path_mixture_v1	5c247107561660669e1e40fa17e9c74b9ce7f23c4cacc5cd6479e760fab68aab	1	1.0	0.0	0.0	0.578795516838575	1.000788461551069	0.5783395183648806	1.0	0.0007884615510687622	0	0.006422045021880273	1	1.0	0.0	0.0	0.5787955116418064	1.0007884616866036	0.5783395130938829	1.0	0.0007884616866036443	0	0.006422045990227984	1	
exampleTumor1	m051	region1	1	0.9999999639011476	0.9999999820400683	1.0	2.0	1.0					clipp2_single_switch_path_mixture_v1	5c247107561660669e1e40fa17e9c74b9ce7f23c4cacc5cd6479e760fab68aab	2	1.0	0.0	0.0	1.9995554699364166	1.9995555421180768	1.9999999278022953	2.0	0.999555542118077	1	0.003874976264626125	2	1.0	0.0	0.0	1.9995555059613563	1.9995555418732371	1.9999999640801367	2.0	0.9995555418732373	1	0.0038749781543509633	1	
exampleTumor1	m051	region2	1	0.9999999577821324	0.9999999744101855	1.0	2.0	1.0					clipp2_single_switch_path_mixture_v1	5c247107561660669e1e40fa17e9c74b9ce7f23c4cacc5cd6479e760fab68aab	2	1.0	0.0	0.0	1.999237694398026	1.9992377788015818	1.9999999155642647	2.0	0.9992377788015817	1	0.006234125281422713	2	1.0	0.0	0.0	1.999237727237024	1.999237778397148	1.999999948820371	2.0	0.9992377783971479	1	0.006234128184655805	1	
exampleTumor1	m052	region1	1	0.9999999639018163	0.9999999820400683	1.0	2.0	1.0					clipp2_single_switch_path_mixture_v1	5c247107561660669e1e40fa17e9c74b9ce7f23c4cacc5cd6479e760fab68aab	2	1.0	0.0	0.0	1.9999900477792611	1.9999901199752719	1.9999999278036327	2.0	0.9999901199752719	1	0.00012374721688041308	2	1.0	0.0	0.0	1.999990084050235	1.9999901199699208	1.9999999640801367	2.0	0.9999901199699209	1	0.00012374727854978383	1	
exampleTumor1	m052	region2	1	1.0	0.9999999744101855	1.0	2.0	1.0					clipp2_single_switch_path_mixture_v1	5c247107561660669e1e40fa17e9c74b9ce7f23c4cacc5cd6479e760fab68aab	1	0.0	0.0	1.0	1.2838829297009382	1.2838829297009382	1.0	1.0	0.2838829297009381	0	0.5965833064979383	1	1.0	0.0	0.0	1.283883115835473	1.2838831486898048	0.9999999744101855	1.0	0.28388314868980447	0	0.5965835091242164	1	
exampleTumor1	m053	region1	3	0.20466081701350702	0.20466086196598293	0.18776779171076713	1.0	1.0					clipp2_single_switch_path_mixture_v1	5c247107561660669e1e40fa17e9c74b9ce7f23c4cacc5cd6479e760fab68aab	3	1.0	0.0	0.0	0.20795054530554438	1.0160740504217778	0.20466081701350702	1.0	0.016074050421777803	0	0.3008816005020983	3	1.0	0.0	0.0	0.20795058679030867	1.0160740299475164	0.20466086196598293	1.0	0.01607402994751639	0	0.30088152081152175	1	
exampleTumor1	m053	region2	3	0.26801865453112034	0.26801886587083323	0.2487078336611672	2.0	1.0					clipp2_single_switch_path_mixture_v1	5c247107561660669e1e40fa17e9c74b9ce7f23c4cacc5cd6479e760fab68aab	3	1.0	0.0	0.0	0.2687880060116404	1.0028705146731893	0.26801865453112034	1.0	0.002870514673189265	0	0.2024668590333975	3	1.0	0.0	0.0	0.26878821178905365	1.002870491656327	0.26801886587083323	1.0	0.00287049165632687	0	0.2024667285952619	1	
exampleTumor1	m054	region1	1	0.9999999639006361	0.9999999820400683	1.0	1.0	1.0					clipp2_single_switch_path_mixture_v1	5c247107561660669e1e40fa17e9c74b9ce7f23c4cacc5cd6479e760fab68aab	1	0.11118088617756984	0.8888191138224302	0.0	1.41382800246498	1.4138280535032735	1.4655930729726827	1.4655931258796624	0.8888191138224302	1	0.9650596271460348	1	0.11118091937793644	0.8888190806220637	0.0	1.4138280132078882	1.4138280386001432	1.4655930911121149	1.465593117434067	0.8888190806220637	1	0.9650596731480614	1	
exampleTumor1	m054	region2	1	0.9999999612859408	0.9999999744101855	1.0	2.0	1.0					clipp2_single_switch_path_mixture_v1	5c247107561660669e1e40fa17e9c74b9ce7f23c4cacc5cd6479e760fab68aab	2	0.010367797586050706	0.9896322024139493	0.0	1.5509777987160793	1.550977858760728	1.5567500905183074	1.5567501507864248	0.9896322024139493	1	0.743645628586454	2	0.01036780061989402	0.989632199380106	0.0	1.550977816645319	1.5509778563345546	1.556750103642552	1.5567501434794992	0.989632199380106	1	0.7436456403137194	1	
exampleTumor1	m055	region1	1	0.9999999638963133	0.9999999820400683	1.0	1.0	1.0					clipp2_single_switch_path_mixture_v1	5c247107561660669e1e40fa17e9c74b9ce7f23c4cacc5cd6479e760fab68aab	3	0.9807429833028096	0.01925701669719033	0.0	1.0089658978241858	1.0089659342515758	0.9999999638963133	1.0	0.01925701669719033	0	0.10848124629132257	3	0.9807429903048124	0.019257009695187677	0.0	1.008965912882554	1.0089659310035133	0.9999999820400683	1.0	0.019257009695187677	0	0.10848121391698723	1	
exampleTumor1	m055	region2	1	1.0	0.9999999744101855	1.0	2.0	1.0					clipp2_single_switch_path_mixture_v1	5c247107561660669e1e40fa17e9c74b9ce7f23c4cacc5cd6479e760fab68aab	3	0.0	6.62749716463861e-07	0.9999993372502836	1.0000003689859902	1.0000003689859902	1.0	1.0	6.62749716463861e-07	0	1.0550985605460638e-05	3	0.9999993372496255	6.627503744810224e-07	0.0	1.0000003433965337	1.0000003689863577	0.9999999744101855	1.0	6.627503744810224e-07	0	1.0550995423098155e-05	1	
exampleTumor1	m056	region1	1	1.0	0.9999999820400683	1.0	1.0	1.0					clipp2_single_switch_path_mixture_v1	5c247107561660669e1e40fa17e9c74b9ce7f23c4cacc5cd6479e760fab68aab	3	0.0	0.0004975263865704534	0.9995024736134295	1.0002316448571686	1.0002316448571686	1.0	1.0	0.0004975263865704534	0	0.004626378631813832	3	0.999502473385268	0.0004975266147320486	0.0	1.0002316269989997	1.0002316449630917	0.9999999820400683	1.0	0.0004975266147320486	0	0.004626380525215287	1	
exampleTumor1	m056	region2	1	0.9999999612842461	0.9999999744101855	1.0	2.0	1.0					clipp2_single_switch_path_mixture_v1	5c247107561660669e1e40fa17e9c74b9ce7f23c4cacc5cd6479e760fab68aab	3	0.9980626419202137	0.0019373580797863964	0.0	1.0010785856080333	1.001078624365547	0.9999999612842461	1.0	0.0019373580797863964	0	0.015379926203655081	3	0.9980626424589307	0.0019373575410691697	0.0	1.0010785984467565	1.0010786240641727	0.9999999744101855	1.0	0.0019373575410691697	0	0.015379922466230102	1	
exampleTumor1	m057	region1	2	0.46446983985620444	0.4644698459572693	0.43946078886605616	1.0	1.0					clipp2_single_switch_path_mixture_v1	5c247107561660669e1e40fa17e9c74b9ce7f23c4cacc5cd6479e760fab68aab	3	1.0	0.0	0.0	0.4652885602874404	1.0017626988040589	0.46446983985620444	1.0	0.0017626988040589948	0	0.2346597764513916	3	1.0	0.0	0.0	0.4652885662445392	1.001762698470947	0.4644698459572693	1.0	0.001762698470946946	0	0.2346597744137334	1	
exampleTumor1	m057	region2	2	0.5783395332652466	0.5783395130938829	0.5608789113245486	2.0	1.0					clipp2_single_switch_path_mixture_v1	5c247107561660669e1e40fa17e9c74b9ce7f23c4cacc5cd6479e760fab68aab	3	0.9948512172530501	0.00514878274694983	0.0	0.5790351727565671	1.0012028219606448	0.5783395332652466	1.0	0.00514878274694983	0	0.03226683433547842	3	0.9948512148882562	0.005148785111743852	0.0	0.5790351528008366	1.0012028223754459	0.5783395130938829	1.0	0.005148785111743852	0	0.032266846784112846	1	
exampleTumor1	m058	region1	1	1.0	0.9999999820400683	1.0	1.0	1.0					clipp2_single_switch_path_mixture_v1	5c247107561660669e1e40fa17e9c74b9ce7f23c4cacc5cd6479e760fab68aab	3	0.0	0.23909235573946575	0.7609076442605341	1.1113197532640975	1.1113197532640975	1.0	1.0	0.23909235573946575	0	0.7157576371944256	3	0.7609075914986165	0.23909240850138358	0.0	1.1113197577227099	1.111319777681937	0.9999999820400683	1.0	0.23909240850138358	0	0.715757734846664	1	
exampleTumor1	m058	region2	1	0.9999999612854292	0.9999999744101855	1.0	2.0	1.0					clipp2_single_switch_path_mixture_v1	5c247107561660669e1e40fa17e9c74b9ce7f23c4cacc5cd6479e760fab68aab	3	0.547877122933462	0.452122877066538	0.0	1.251719422769261	1.251719471229043	0.9999999612854292	1.0	0.452122877066538	0	1.001943408753859	3	0.5478772056846216	0.45212279431537833	0.0	1.251719392789301	1.251719424820569	0.9999999744101855	1.0	0.45212279431537833	0	1.0019433354988618	1	
exampleTumor1	m059	region1	1	1.0	0.9999999820400683	1.0	1.0	1.0					clipp2_single_switch_path_mixture_v1	5c247107561660669e1e40fa17e9c74b9ce7f23c4cacc5cd6479e760fab68aab	1	0.0	0.9988094672676087	0.0011905327323912952	1.4650388052357206	1.4650388052357206	1.4655931090720467	1.4655931090720467	0.9988094672676087	1	0.7015280687293372	1	0.0011905323813961343	0.9988094676186039	0.0	1.4650387784699355	1.4650388047819323	1.4655930911121149	1.465593117434067	0.9988094676186039	1	0.7015280666096682	1	
exampleTumor1	m059	region2	1	0.9999999612862114	0.9999999744101855	1.0	2.0	1.0					clipp2_single_switch_path_mixture_v1	5c247107561660669e1e40fa17e9c74b9ce7f23c4cacc5cd6479e760fab68aab	2	0.004666590273346045	0.995333409726654	0.0	1.5541519465142553	1.5541520066813674	1.556750090518578	1.5567501507862742	0.995333409726654	1	0.7196153455765716	2	0.004666591701281684	0.9953334082987183	0.0	1.5541519653745903	1.554152005145052	1.556750103642552	1.5567501434794992	0.9953334082987183	1	0.7196153522443202	1	
exampleTumor1	m060	region1	2	0.46446984568665395	0.4644698459572693	0.43946078886605616	1.0	1.0					clipp2_single_switch_path_mixture_v1	5c247107561660669e1e40fa17e9c74b9ce7f23c4cacc5cd6479e760fab68aab	3	1.0	0.0	0.0	0.4647358662200969	1.0005727401593738	0.46446984568665395	1.0	0.0005727401593738274	0	0.22683395063709497	3	1.0	0.0	0.0	0.46473586648855303	1.0005727401543913	0.4644698459572693	1.0	0.0005727401543914227	0	0.22683395060100936	1	
exampleTumor1	m060	region2	2	0.578339491075983	0.5783395130938829	0.5608789113245486	2.0	1.0					clipp2_single_switch_path_mixture_v1	5c247107561660669e1e40fa17e9c74b9ce7f23c4cacc5cd6479e760fab68aab	3	0.9463873177689386	0.05361268223106144	0.0	0.5857039194147227	1.0127337462725194	0.578339491075983	1.0	0.05361268223106144	0	0.2108165453383439	3	0.9463873308566028	0.053612669143397296	0.0	0.5857039407692858	1.0127337446407667	0.5783395130938829	1.0	0.053612669143397296	0	0.21081650683591818	1	
exampleTumor1	m061	region1	2	0.46446984091395416	0.4644698459572693	0.43946078886605616	2.0	1.0					clipp2_single_switch_path_mixture_v1	5c247107561660669e1e40fa17e9c74b9ce7f23c4cacc5cd6479e760fab68aab	1	1.0	0.0	0.0	0.46470038355886484	1.0004963565437468	0.46446984091395416	1.0	0.0004963565437468753	0	0.004272621161744435	1	1.0	0.0	0.0	0.4647003885683199	1.0004963564654568	0.4644698459572693	1.0	0.0004963564654567855	0	0.004272620566135318	1	
exampleTumor1	m061	region2	2	0.5783394911683539	0.5783395130938829	0.5608789113245486	2.0	1.0					clipp2_single_switch_path_mixture_v1	5c247107561660669e1e40fa17e9c74b9ce7f23c4cacc5cd6479e760fab68aab	1	1.0	0.0	0.0	0.6092457792638903	1.0534396985983094	0.5783394911683539	1.0	0.05343969859830936	0	0.20852129954840265	1	0.9999999999999999	0.0	0.0	0.6092457805890948	1.0534396609525707	0.5783395130938829	1.0	0.053439660952571015	0	0.20852119134396624	1	
exampleTumor1	m062	region1	1	0.9999999638954062	0.9999999820400683	1.0	2.0	1.0					clipp2_single_switch_path_mixture_v1	5c247107561660669e1e40fa17e9c74b9ce7f23c4cacc5cd6479e760fab68aab	1	1.0	0.0	0.0	1.000000393826581	1.0000004299311902	0.9999999638954062	1.0	4.2993119016312363e-07	0	6.732567855684634e-06	1	1.0	0.0	0.0	1.0000004119709034	1.0000004299308427	0.9999999820400683	1.0	4.299308428099468e-07	0	6.732562763687302e-06	1	
exampleTumor1	m062	region2	1	1.0	0.9999999744101855	1.0	2.0	1.0					clipp2_single_switch_path_mixture_v1	5c247107561660669e1e40fa17e9c74b9ce7f23c4cacc5cd6479e760fab68aab	1	0.0	0.0	1.0	1.000000000076092	1.000000000076092	1.0	1.0	7.609203366746756e-11	0	1.8489662140855438e-09	1	1.0	0.0	0.0	0.9999999744862776	1.0000000000760922	0.9999999744101855	1.0	7.609214813838783e-11	0	1.8489688777036871e-09	1	
exampleTumor1	m063	region1	2	0.4644698287388898	0.4644698459572693	0.43946078886605616	2.0	1.0					clipp2_single_switch_path_mixture_v1	5c247107561660669e1e40fa17e9c74b9ce7f23c4cacc5cd6479e760fab68aab	1	1.0	0.0	0.0	0.4690232846005458	1.0098035557530602	0.4644698287388898	1.0	0.009803555753060115	0	0.0550968877300639	1	1.0	0.0	0.0	0.46902329987749325	1.0098035512097439	0.4644698459572693	1.0	0.00980355120974379	0	0.055096866761939305	1	
exampleTumor1	m063	region2	2	0.5783395202205297	0.5783395130938829	0.5608789113245486	2.0	1.0					clipp2_single_switch_path_mixture_v1	5c247107561660669e1e40fa17e9c74b9ce7f23c4cacc5cd6479e760fab68aab	1	1.0	0.0	0.0	0.578366559218038	1.000046752809661	0.5783395202205297	1.0	4.6752809661038236e-05	0	0.0005129069733920961	1	1.0	0.0	0.0	0.5783665520982694	1.0000467528221302	0.5783395130938829	1.0	4.6752822129995946e-05	0	0.0005129070977149098	1	
exampleTumor1	m064	region1	2	0.4644698530766225	0.4644698459572693	0.43946078886605616	2.0	1.0					clipp2_single_switch_path_mixture_v1	5c247107561660669e1e40fa17e9c74b9ce7f23c4cacc5cd6479e760fab68aab	1	1.0	0.0	0.0	0.4645533771350087	1.0001798266514672	0.4644698530766225	1.0	0.00017982665146721406	0	0.0017305487069595293	1	1.0	0.0	0.0	0.46455337003241476	1.0001798266903061	0.4644698459572693	1.0	0.00017982669030595512	0	0.0017305490418790615	1	
exampleTumor1	m064	region2	2	0.5783395290740319	0.5783395130938829	0.5608789113245486	2.0	1.0					clipp2_single_switch_path_mixture_v1	5c247107561660669e1e40fa17e9c74b9ce7f23c4cacc5cd6479e760fab68aab	1	1.0	0.0	0.0	0.5783680500514178	1.0000493152827226	0.5783395290740319	1.0	4.931528272261417e-05	0	0.0005383873626479379	1	1.0	0.0	0.0	0.5783680340853553	1.000049315308442	0.5783395130938829	1.0	4.931530844204299e-05	0	0.0005383876177133486	1	
exampleTumor1	m065	region1	1	0.9999999638954963	0.9999999820400683	1.0	1.0	1.0					clipp2_single_switch_path_mixture_v1	5c247107561660669e1e40fa17e9c74b9ce7f23c4cacc5cd6479e760fab68aab	3	0.9960528308538648	0.00394716914613533	0.0	1.0018377385790234	1.001837774749879	0.9999999638954963	1.0	0.00394716914613533	0	0.028521958565810423	3	0.996052832245169	0.0039471677548309405	0.0	1.0018377561116236	1.0018377741045617	0.9999999820400683	1.0	0.0039471677548309405	0	0.028521949906403034	1	
exampleTumor1	m065	region2	1	1.0	0.9999999744101855	1.0	2.0	1.0					clipp2_single_switch_path_mixture_v1	5c247107561660669e1e40fa17e9c74b9ce7f23c4cacc5cd6479e760fab68aab	3	0.0	5.287851522386687e-06	0.9999947121484776	1.0000029440120184	1.0000029440120184	1.0	1.0	5.287851522386687e-06	0	7.3201013945979e-05	3	0.9999947121439332	5.287856066748457e-06	0.0	1.0000029184246664	1.0000029440145561	0.9999999744101855	1.0	5.287856066748457e-06	0	7.320107231031063e-05	1	
exampleTumor1	m066	region1	1	1.0	0.9999999820400683	1.0	1.0	1.0					clipp2_single_switch_path_mixture_v1	5c247107561660669e1e40fa17e9c74b9ce7f23c4cacc5cd6479e760fab68aab	3	0.0	0.42894615298228655	0.5710538470177134	1.1997143729915165	1.1997143729915165	1.0	1.0	0.42894615298228655	0	0.9803384360806175	3	0.5710537694235099	0.42894623057649	0.0	1.1997143873069886	1.1997144088537774	0.9999999820400683	1.0	0.42894623057649	0	0.9803385120685538	1	
exampleTumor1	m066	region2	1	0.9999999612855343	0.9999999744101855	1.0	2.0	1.0					clipp2_single_switch_path_mixture_v1	5c247107561660669e1e40fa17e9c74b9ce7f23c4cacc5cd6479e760fab68aab	1	0.2654511731223901	0.7345488268776099	0.0	1.408960101358293	1.4089601559054328	1.5567500518034347	1.5567501120721836	0.7345488268776099	1	1.087832244205997	1	0.2654512300329967	0.7345487699670032	0.0	1.4089600876183066	1.408960123673335	1.5567500780527375	1.556750117889684	0.7345487699670032	1	1.0878322626836323	1	
exampleTumor1	m067	region1	1	0.999999963895011	0.9999999820400683	1.0	2.0	1.0					clipp2_single_switch_path_mixture_v1	5c247107561660669e1e40fa17e9c74b9ce7f23c4cacc5cd6479e760fab68aab	1	1.0	0.0	0.0	0.9999999832135815	1.0000000193185712	0.999999963895011	1.0	1.9318571253748305e-08	0	3.624588773932021e-07	1	1.0	0.0	0.0	1.000000001358623	1.000000019318555	0.9999999820400683	1.0	1.9318555094516704e-08	0	3.624585903196843e-07	1	
exampleTumor1	m067	region2	1	0.999999961284155	0.9999999744101855	1.0	2.0	1.0					clipp2_single_switch_path_mixture_v1	5c247107561660669e1e40fa17e9c74b9ce7f23c4cacc5cd6479e760fab68aab	1	1.0	0.0	0.0	0.9999999686006688	1.000000007316514	0.999999961284155	1.0	7.316513931124964e-09	0	1.4437773416049457e-07	1	1.0	0.0	0.0	0.9999999817266942	1.000000007316509	0.9999999744101855	1.0	7.316508912630432e-09	0	1.4437764017086395e-07	1	
exampleTumor1	m068	region1	2	0.46446986841597365	0.4644698459572693	0.43946078886605616	1.0	1.0					clipp2_single_switch_path_mixture_v1	5c247107561660669e1e40fa17e9c74b9ce7f23c4cacc5cd6479e760fab68aab	3	1.0	0.0	0.0	0.46447380706530184	1.0000084798812496	0.46446986841597365	1.0	8.47988124967593e-06	0	0.22221866020820757	3	1.0	0.0	0.0	0.46447378460958694	1.000008479888096	0.4644698459572693	1.0	8.479888095938672e-06	0	0.22221866028663628	1	
exampleTumor1	m068	region2	2	0.5783395017140213	0.5783395130938829	0.5608789113245486	2.0	1.0					clipp2_single_switch_path_mixture_v1	5c247107561660669e1e40fa17e9c74b9ce7f23c4cacc5cd6479e760fab68aab	3	0.9483657961903009	0.05163420380969909	0.0	0.5855367999983405	1.0124447634356442	0.5783395017140213	1.0	0.05163420380969909	0	0.20623792803723737	3	0.9483658019503762	0.05163419804962376	0.0	0.5855368111251367	1.0124447627531987	0.5783395130938829	1.0	0.05163419804962376	0	0.2062379105997219	1	
exampleTumor1	m069	region1	3	0.20466154785818502	0.20466086196598293	0.18776779171076713	1.0	1.0					clipp2_single_switch_path_mixture_v1	5c247107561660669e1e40fa17e9c74b9ce7f23c4cacc5cd6479e760fab68aab	3	0.8426843655354509	0.15731563446454905	0.0	0.2345196262371226	1.1458900252216746	0.20466154785818502	1.0	0.15731563446454905	0	0.7509386701495946	3	0.8426822923872845	0.15731770761271557	0.0	0.2345193338227885	1.1458924367364798	0.20466086196598293	1.0	0.15731770761271557	0	0.7509413727854575	1	
exampleTumor1	m069	region2	3	0.2680188565295392	0.26801886587083323	0.2487078336611672	1.0	1.0					clipp2_single_switch_path_mixture_v1	5c247107561660669e1e40fa17e9c74b9ce7f23c4cacc5cd6479e760fab68aab	3	0.9999999999999999	0.0	0.0	0.2727398691239076	1.017614479277685	0.2680188565295392	1.0	0.017614479277684916	0	0.3793646940523405	3	1.0	0.0	0.0	0.27273987718055986	1.0176144738706634	0.26801886587083323	1.0	0.017614473870663398	0	0.37936467390962536	1	
exampleTumor1	m070	region1	2	0.46446984176407935	0.4644698459572693	0.43946078886605616	2.0	1.0					clipp2_single_switch_path_mixture_v1	5c247107561660669e1e40fa17e9c74b9ce7f23c4cacc5cd6479e760fab68aab	1	1.0	0.0	0.0	0.4659371031538654	1.0031590024967247	0.46446984176407935	1.0	0.003159002496724714	0	0.021341961196960642	1	1.0	0.0	0.0	0.4659371071974716	1.003159002146153	0.4644698459572693	1.0	0.0031590021461528764	0	0.021341959179652772	1	
exampleTumor1	m070	region2	2	0.5783395225495184	0.5783395130938829	0.5608789113245486	2.0	1.0					clipp2_single_switch_path_mixture_v1	5c247107561660669e1e40fa17e9c74b9ce7f23c4cacc5cd6479e760fab68aab	1	1.0	0.0	0.0	0.5783457477383919	1.0000107639001499	0.5783395225495184	1.0	1.0763900150004948e-05	0	0.00013389546084552199	1	1.0	0.0	0.0	0.5783457382849599	1.000010763904136	0.5783395130938829	1.0	1.076390413618866e-05	0	0.000133895506444752	1	
exampleTumor1	m071	region1	1	1.0	0.9999999820400683	1.0	1.0	1.0					clipp2_single_switch_path_mixture_v1	5c247107561660669e1e40fa17e9c74b9ce7f23c4cacc5cd6479e760fab68aab	3	0.0	0.39441163294952225	0.6055883670504778	1.183635338439151	1.183635338439151	1.0	1.0	0.39441163294952225	0	0.9440659256857681	3	0.6055883001785758	0.39441169982142427	0.0	1.1836353480725124	1.1836353693305226	0.9999999820400683	1.0	0.39441169982142427	0	0.9440660007128598	1	
exampleTumor1	m071	region2	1	0.9999999612864111	0.9999999744101855	1.0	2.0	1.0					clipp2_single_switch_path_mixture_v1	5c247107561660669e1e40fa17e9c74b9ce7f23c4cacc5cd6479e760fab68aab	1	0.023889748564071566	0.9761102514359286	0.0	1.5434494510240362	1.543449510776506	1.5567500518051884	1.5567501120725722	0.9761102514359286	1	0.789401784924384	1	0.0238897567055843	0.9761102432944158	0.0	1.543449466020148	1.5434495055167345	1.5567500780527375	1.556750117889684	0.9761102432944158	1	0.7894018094871551	1	
exampleTumor1	m072	region1	2	0.4644698285116304	0.4644698459572693	0.43946078886605616	2.0	1.0					clipp2_single_switch_path_mixture_v1	5c247107561660669e1e40fa17e9c74b9ce7f23c4cacc5cd6479e760fab68aab	1	1.0	0.0	0.0	0.46490901635648885	1.0009455680819266	0.4644698285116304	1.0	0.0009455680819265727	0	0.00752979666712985	1	1.0	0.0	0.0	0.46490903356458924	1.000945567534992	0.4644698459572693	1.0	0.0009455675349919939	0	0.007529792858945254	1	
exampleTumor1	m072	region2	2	0.5783395365314601	0.5783395130938829	0.5608789113245486	2.0	1.0					clipp2_single_switch_path_mixture_v1	5c247107561660669e1e40fa17e9c74b9ce7f23c4cacc5cd6479e760fab68aab	1	1.0	0.0	0.0	0.5783406504653198	1.000001926089761	0.5783395365314601	1.0	1.9260897611080616e-06	0	2.7273465066132304e-05	1	1.0	0.0	0.0	0.5783406270286178	1.0000019260913524	0.5783395130938829	1.0	1.9260913523367795e-06	0	2.727348600667109e-05	1	
exampleTumor1	m073	region1	1	1.0	0.9999999820400683	1.0	1.0	1.0					clipp2_single_switch_path_mixture_v1	5c247107561660669e1e40fa17e9c74b9ce7f23c4cacc5cd6479e760fab68aab	3	0.0	0.32306127279619234	0.6769387272038078	1.150415102421952	1.150415102421952	1.0	1.0	0.32306127279619234	0	0.8530844716524791	3	0.6769386618594837	0.3230613381405164	0.0	1.1504151119848074	1.1504151326461844	0.9999999820400683	1.0	0.3230613381405164	0	0.8530845652834322	1	
exampleTumor1	m073	region2	1	1.0	0.9999999744101855	1.0	2.0	1.0					clipp2_single_switch_path_mixture_v1	5c247107561660669e1e40fa17e9c74b9ce7f23c4cacc5cd6479e760fab68aab	1	0.0	0.999741870762276	0.00025812923772389743	1.556606415745905	1.556606415745905	1.5567501292323664	1.5567501292323664	0.999741870762276	1	0.6953590316403411	2	0.0002581290978723296	0.9997418709021277	0.0	1.55660637744235	1.5566064172756193	1.556750103642552	1.5567501434794992	0.9997418709021277	1	0.6953590305818493	1	
exampleTumor1	m074	region1	1	1.0	0.9999999820400683	1.0	2.0	1.0					clipp2_single_switch_path_mixture_v1	5c247107561660669e1e40fa17e9c74b9ce7f23c4cacc5cd6479e760fab68aab	2	0.0	0.0	1.0	1.999121250421247	1.999121250421247	2.0	2.0	0.999121250421247	1	0.007062133460539629	2	1.0	0.0	0.0	1.9991212150127806	1.9991212509168617	1.9999999640801367	2.0	0.9991212509168615	1	0.00706212997333054	1	
exampleTumor1	m074	region2	1	0.999999961286849	0.9999999744101855	1.0	2.0	1.0					clipp2_single_switch_path_mixture_v1	5c247107561660669e1e40fa17e9c74b9ce7f23c4cacc5cd6479e760fab68aab	2	1.0	0.0	0.0	1.9999967200772146	1.9999967975033928	1.999999922573698	2.0	0.9999967975033925	1	4.371913306893775e-05	2	1.0	0.0	0.0	1.9999967463223507	1.9999967975018977	1.999999948820371	2.0	0.9999967975018978	1	4.371915197832801e-05	1	
exampleTumor1	m075	region1	2	0.464469851366107	0.4644698459572693	0.43946078886605616	1.0	1.0					clipp2_single_switch_path_mixture_v1	5c247107561660669e1e40fa17e9c74b9ce7f23c4cacc5cd6479e760fab68aab	3	1.0	0.0	0.0	0.46455621786952084	1.000185946414304	0.464469851366107	1.0	0.00018594641430386293	0	0.22385495475246697	3	1.0	0.0	0.0	0.4645562124752302	1.0001859464477891	0.4644698459572693	1.0	0.00018594644778904823	0	0.22385495503266167	1	
exampleTumor1	m075	region2	2	0.5783394745805539	0.5783395130938829	0.5608789113245486	2.0	1.0					clipp2_single_switch_path_mixture_v1	5c247107561660669e1e40fa17e9c74b9ce7f23c4cacc5cd6479e760fab68aab	3	0.8817695008234104	0.11823049917658963	0.0	0.5963681262432966	1.0311731300648606	0.5783394745805539	1.0	0.11823049917658963	0	0.38371163256605756	3	0.8817695319900879	0.11823046800991219	0.0	0.596368162712295	1.0311731244541222	0.5783395130938829	1.0	0.11823046800991219	0	0.3837115522199781	1	
exampleTumor1	m076	region1	2	0.46446982040963536	0.4644698459572693	0.43946078886605616	1.0	1.0					clipp2_single_switch_path_mixture_v1	5c247107561660669e1e40fa17e9c74b9ce7f23c4cacc5cd6479e760fab68aab	3	1.0	0.0	0.0	0.4676406344857254	1.0068267386528873	0.46446982040963536	1.0	0.006826738652887276	0	0.2614444321076095	3	1.0	0.0	0.0	0.4676406575591165	1.0068267329503644	0.4644698459572693	1.0	0.0068267329503643075	0	0.2614444049753173	1	
exampleTumor1	m076	region2	2	0.5783394937314844	0.5783395130938829	0.5608789113245486	2.0	1.0					clipp2_single_switch_path_mixture_v1	5c247107561660669e1e40fa17e9c74b9ce7f23c4cacc5cd6479e760fab68aab	3	0.9328747825190105	0.06712521748098947	0.0	0.5878444192871796	1.0164348547154696	0.5783394937314844	1.0	0.06712521748098947	0	0.2514894275892367	3	0.9328747939922053	0.06712520600779473	0.0	0.5878444381743173	1.0164348533434746	0.5783395130938829	1.0	0.06712520600779473	0	0.25148939519650965	1	
exampleTumor1	m077	region1	1	0.9999999638944874	0.9999999820400683	1.0	2.0	1.0					clipp2_single_switch_path_mixture_v1	5c247107561660669e1e40fa17e9c74b9ce7f23c4cacc5cd6479e760fab68aab	1	0.9999999999999999	0.0	0.0	1.0000007596471958	1.000000795752737	0.9999999638944874	1.0	7.95752737163036e-07	0	1.1971285822496834e-05	1	1.0	0.0	0.0	1.0000007777922542	1.0000007957522001	0.9999999820400683	1.0	7.957522001167145e-07	0	1.1971278280151136e-05	1	
exampleTumor1	m077	region2	1	0.9999999612842402	0.9999999744101855	1.0	2.0	1.0					clipp2_single_switch_path_mixture_v1	5c247107561660669e1e40fa17e9c74b9ce7f23c4cacc5cd6479e760fab68aab	1	1.0	0.0	0.0	0.9999999646879802	1.0000000034037402	0.9999999612842402	1.0	3.4037401818234457e-09	0	6.977119695221882e-08	1	1.0	0.0	0.0	0.9999999778139231	1.0000000034037377	0.9999999744101855	1.0	3.4037376850390702e-09	0	6.977114832323375e-08	1	
exampleTumor1	m078	region1	1	1.0	0.9999999820400683	1.0	2.0	1.0					clipp2_single_switch_path_mixture_v1	5c247107561660669e1e40fa17e9c74b9ce7f23c4cacc5cd6479e760fab68aab	1	0.0	0.0	1.0	1.0000000064267232	1.0000000064267232	1.0	1.0	6.426723099114826e-09	0	1.2765272239031327e-07	1	1.0	0.0	0.0	0.999999988466796	1.0000000064267278	0.9999999820400683	1.0	6.426727754868884e-09	0	1.2765281010703443e-07	1	
exampleTumor1	m078	region2	1	1.0	0.9999999744101855	1.0	2.0	1.0					clipp2_single_switch_path_mixture_v1	5c247107561660669e1e40fa17e9c74b9ce7f23c4cacc5cd6479e760fab68aab	1	0.0	0.0	1.0	1.0000000000028115	1.0000000000028115	1.0	1.0	2.8113981839041825e-12	0	7.758701781587882e-11	1	1.0	0.0	0.0	0.999999974412997	1.0000000000028115	0.9999999744101855	1.0	2.8114023088704507e-12	0	7.758712340403647e-11	1	
exampleTumor1	m079	region1	1	1.0	0.9999999820400683	1.0	2.0	1.0					clipp2_single_switch_path_mixture_v1	5c247107561660669e1e40fa17e9c74b9ce7f23c4cacc5cd6479e760fab68aab	1	0.0	0.0	1.0	1.0000000262823387	1.0000000262823387	1.0	1.0	2.628233879115068e-08	0	4.850239687069844e-07	1	1.0	0.0	0.0	1.0000000083224267	1.000000026282359	0.9999999820400683	1.0	2.628235882012668e-08	0	4.850243182551455e-07	1	
exampleTumor1	m079	region2	1	1.0	0.9999999744101855	1.0	2.0	1.0					clipp2_single_switch_path_mixture_v1	5c247107561660669e1e40fa17e9c74b9ce7f23c4cacc5cd6479e760fab68aab	1	0.0	0.0	1.0	1.0000000000899647	1.0000000000899647	1.0	1.0	8.996474187709332e-11	0	2.1709934205738174e-09	1	1.0	0.0	0.0	0.9999999745001503	1.000000000089965	0.9999999744101855	1.0	8.996487387601387e-11	0	2.1709965639660684e-09	1	
exampleTumor1	m080	region1	2	0.46446984079553955	0.4644698459572693	0.43946078886605616	2.0	1.0					clipp2_single_switch_path_mixture_v1	5c247107561660669e1e40fa17e9c74b9ce7f23c4cacc5cd6479e760fab68aab	1	1.0	0.0	0.0	0.4646499253688972	1.0003877207033491	0.46446984079553955	1.0	0.0003877207033489573	0	0.003433279013777106	1	1.0	0.0	0.0	0.4646499305029661	1.0003877206394867	0.4644698459572693	1.0	0.0003877206394866563	0	0.0034332785121491552	1	
exampleTumor1	m080	region2	2	0.5783395238308543	0.5783395130938829	0.5608789113245486	2.0	1.0					clipp2_single_switch_path_mixture_v1	5c247107561660669e1e40fa17e9c74b9ce7f23c4cacc5cd6479e760fab68aab	1	1.0	0.0	0.0	0.5784779913160409	1.0002394224836466	0.5783395238308543	1.0	0.00023942248364660103	0	0.0022355263083843153	1	1.0	0.0	0.0	0.5784779806243636	1.000239422566409	0.5783395130938829	1.0	0.00023942256640908978	0	0.002235526998378571	1	
exampleTumor1	m081	region1	2	0.46446988285678875	0.4644698459572693	0.43946078886605616	2.0	1.0					clipp2_single_switch_path_mixture_v1	5c247107561660669e1e40fa17e9c74b9ce7f23c4cacc5cd6479e760fab68aab	1	1.0	0.0	0.0	0.4644732252550656	1.0000071961571682	0.46446988285678875	1.0	7.196157167992946e-06	0	9.241276108741462e-05	1	1.0	0.0	0.0	0.4644731883589448	1.000007196165057	0.4644698459572693	1.0	7.1961650570246084e-06	0	9.241285450907986e-05	1	
exampleTumor1	m081	region2	2	0.5783395313990516	0.5783395130938829	0.5608789113245486	2.0	1.0					clipp2_single_switch_path_mixture_v1	5c247107561660669e1e40fa17e9c74b9ce7f23c4cacc5cd6479e760fab68aab	1	1.0	0.0	0.0	0.5783460977971043	1.0000113538807158	0.5783395313990516	1.0	1.1353880715716911e-05	0	0.00014062854528589045	1	1.0	0.0	0.0	0.5783460794958599	1.0000113538878606	0.5783395130938829	1.0	1.1353887860669745e-05	0	0.00014062862663788813	1	
exampleTumor1	m082	region1	2	0.4644698417939069	0.4644698459572693	0.43946078886605616	2.0	1.0					clipp2_single_switch_path_mixture_v1	5c247107561660669e1e40fa17e9c74b9ce7f23c4cacc5cd6479e760fab68aab	1	0.9999999999999999	0.0	0.0	0.4661293831332224	1.0035729797502158	0.4644698417939069	1.0	0.003572979750215873	0	0.023698026675488447	1	1.0	0.0	0.0	0.4661293871308541	1.0035729793613717	0.4644698459572693	1.0	0.0035729793613716075	0	0.023698024485993337	1	
exampleTumor1	m082	region2	2	0.5783395402646901	0.5783395130938829	0.5608789113245486	2.0	1.0					clipp2_single_switch_path_mixture_v1	5c247107561660669e1e40fa17e9c74b9ce7f23c4cacc5cd6479e760fab68aab	1	1.0	0.0	0.0	0.578339547261302	1.0000000120977581	0.5783395402646901	1.0	1.2097758097483185e-08	0	2.3264286038254067e-07	1	1.0	0.0	0.0	0.5783395200905026	1.0000000120977723	0.5783395130938829	1.0	1.2097772401786112e-08	0	2.326431211710628e-07	1	
exampleTumor1	m083	region1	1	1.0	0.9999999820400683	1.0	2.0	1.0					clipp2_single_switch_path_mixture_v1	5c247107561660669e1e40fa17e9c74b9ce7f23c4cacc5cd6479e760fab68aab	1	0.0	0.0	1.0	1.0000000502880872	1.0000000502880872	1.0	1.0	5.028808735991471e-08	0	8.9540441852286e-07	1	0.9999999999999999	0.0	0.0	1.0000000323281892	1.0000000502881219	0.9999999820400683	1.0	5.028812189795295e-08	0	8.954049990526858e-07	1	
exampleTumor1	m083	region2	1	1.0	0.9999999744101855	1.0	2.0	1.0					clipp2_single_switch_path_mixture_v1	5c247107561660669e1e40fa17e9c74b9ce7f23c4cacc5cd6479e760fab68aab	1	0.0	0.0	1.0	1.0007198709918266	1.0007198709918266	1.0	1.0	0.0007198709918266265	0	0.005928914011608879	1	1.0	0.0	0.0	1.000719846225283	1.000719871833519	0.9999999744101855	1.0	0.0007198718335189499	0	0.005928920101856975	1	
exampleTumor1	m084	region1	1	1.0	0.9999999820400683	1.0	1.0	1.0					clipp2_single_switch_path_mixture_v1	5c247107561660669e1e40fa17e9c74b9ce7f23c4cacc5cd6479e760fab68aab	3	0.0	0.3758162181188187	0.6241837818811814	1.071328893246121	1.071328893246121	1.0	1.0	0.3758162181188187	0	0.9224747144447242	3	0.6241837561106792	0.3758162438893208	0.0	1.0713288768025433	1.071328896043537	0.9999999820400683	1.0	0.3758162438893208	0	0.9224747453819988	1	
exampleTumor1	m084	region2	1	0.9999999612848933	0.9999999744101855	1.0	1.0	1.0					clipp2_single_switch_path_mixture_v1	5c247107561660669e1e40fa17e9c74b9ce7f23c4cacc5cd6479e760fab68aab	3	0.9884414196991043	0.011558580300895783	0.0	1.0037072471741406	1.0037072860327754	0.9999999612848933	1.0	0.011558580300895783	0	0.07105836889770939	3	0.9884414230249657	0.011558576975034159	0.0	1.0037072593085543	1.0037072849932376	0.9999999744101855	1.0	0.011558576975034159	0	0.0710583517966327	1	
exampleTumor1	m085	region1	1	0.9999999638982633	0.9999999820400683	1.0	1.0	1.0					clipp2_single_switch_path_mixture_v1	5c247107561660669e1e40fa17e9c74b9ce7f23c4cacc5cd6479e760fab68aab	3	0.44182872813932106	0.558171271860679	0.0	1.259880651683099	1.25988069716698	0.9999999638982633	1.0	0.558171271860679	1	1.0732588792352935	3	0.44182880345658676	0.5581711965434133	0.0	1.259880639820822	1.2598806624481926	0.9999999820400683	1.0	0.5581711965434133	1	1.0732588446342564	1	
exampleTumor1	m085	region2	1	0.9999999612858365	0.9999999744101855	1.0	2.0	1.0					clipp2_single_switch_path_mixture_v1	5c247107561660669e1e40fa17e9c74b9ce7f23c4cacc5cd6479e760fab68aab	1	0.07979348364357443	0.9202065163564255	0.0	1.5123250403752284	1.5123250989236297	1.5567500518040391	1.5567501120723175	0.9202065163564255	1	0.9161032495400396	1	0.07979350638513355	0.9202064936148664	0.0	1.512325046876768	1.5123250855768864	1.5567500780527375	1.556750117889684	0.9202064936148664	1	0.9161032893834549	1	
exampleTumor1	m086	region1	2	0.46446986579497934	0.4644698459572693	0.43946078886605616	2.0	1.0					clipp2_single_switch_path_mixture_v1	5c247107561660669e1e40fa17e9c74b9ce7f23c4cacc5cd6479e760fab68aab	1	1.0	0.0	0.0	0.46455115340658326	1.0001750115940564	0.46446986579497934	1.0	0.00017501159405640924	0	0.0016889617833893832	1	1.0	0.0	0.0	0.46455113360871625	1.000175011687313	0.4644698459572693	1.0	0.0001750116873128354	0	0.0016889625901024925	1	
exampleTumor1	m086	region2	2	0.5783395095611941	0.5783395130938829	0.5608789113245486	2.0	1.0					clipp2_single_switch_path_mixture_v1	5c247107561660669e1e40fa17e9c74b9ce7f23c4cacc5cd6479e760fab68aab	1	1.0	0.0	0.0	0.5819674747593567	1.0062730716788055	0.5783395095611941	1.0	0.006273071678805558	0	0.03806716960740829	1	1.0	0.0	0.0	0.5819674778985295	1.0062730709600638	0.5783395130938829	1.0	0.006273070960063696	0	0.038067165966839636	1	
exampleTumor1	m087	region1	1	1.0	0.9999999820400683	1.0	1.0	1.0					clipp2_single_switch_path_mixture_v1	5c247107561660669e1e40fa17e9c74b9ce7f23c4cacc5cd6479e760fab68aab	3	0.0	0.05602312204877313	0.9439768779512268	1.0260839795746108	1.0260839795746108	1.0	1.0	0.05602312204877313	0	0.2547140620710903	3	0.9439768617836684	0.05602313821633169	0.0	1.0260839686390972	1.0260839870674956	0.9999999820400683	1.0	0.05602313821633169	0	0.2547141189402219	1	
exampleTumor1	m087	region2	1	0.9999999612859088	0.9999999744101855	1.0	2.0	1.0					clipp2_single_switch_path_mixture_v1	5c247107561660669e1e40fa17e9c74b9ce7f23c4cacc5cd6479e760fab68aab	1	0.19819809236178337	0.8018019076382168	0.0	1.4464032614617268	1.4464033174579167	1.556750051804184	1.5567501120723497	0.8018019076382168	1	1.053661011348898	1	0.19819814485733764	0.8018018551426623	0.0	1.446403250620633	1.4464032876338249	1.5567500780527375	1.556750117889684	0.8018018551426623	1	1.0536610483292475	1	
exampleTumor1	m088	region1	3	0.20466092177604053	0.20466086196598293	0.18776779171076713	1.0	1.0					clipp2_single_switch_path_mixture_v1	5c247107561660669e1e40fa17e9c74b9ce7f23c4cacc5cd6479e760fab68aab	3	1.0	0.0	0.0	0.21104671917802437	1.031201840324807	0.20466092177604053	1.0	0.031201840324806992	0	0.3540780822723803	3	1.0	0.0	0.0	0.21104666682569292	1.0312018858826628	0.20466086196598293	1.0	0.031201885882662705	0	0.35407822867097444	1	
exampleTumor1	m088	region2	3	0.2680186836299249	0.26801886587083323	0.2487078336611672	2.0	1.0					clipp2_single_switch_path_mixture_v1	5c247107561660669e1e40fa17e9c74b9ce7f23c4cacc5cd6479e760fab68aab	3	1.0	0.0	0.0	0.26932812676655593	1.00488564125044	0.2680186836299249	1.0	0.004885641250439869	0	0.21330157126858817	3	1.0	0.0	0.0	0.26932830139894093	1.0048856095404073	0.26801886587083323	1.0	0.004885609540407278	0	0.21330140849352147	1	
exampleTumor1	m089	region1	1	1.0	0.9999999820400683	1.0	2.0	1.0					clipp2_single_switch_path_mixture_v1	5c247107561660669e1e40fa17e9c74b9ce7f23c4cacc5cd6479e760fab68aab	1	0.0	0.0	1.0	1.1218761916067872	1.1218761916067872	1.0	1.0	0.12187619160678703	0	0.37064657933316164	1	1.0	0.0	0.0	1.1218762318716813	1.1218762520205021	0.9999999820400683	1.0	0.12187625202050219	0	0.37064669863705524	1	
exampleTumor1	m089	region2	1	0.9999999612844729	0.9999999744101855	1.0	2.0	1.0					clipp2_single_switch_path_mixture_v1	5c247107561660669e1e40fa17e9c74b9ce7f23c4cacc5cd6479e760fab68aab	1	1.0	0.0	0.0	1.0000002657951135	1.0000003045106525	0.9999999612844729	1.0	3.0451065238327553e-07	0	4.873558889434474e-06	1	1.0	0.0	0.0	1.0000002789206184	1.0000003045104406	0.9999999744101855	1.0	3.0451044061961214e-07	0	4.873555712058054e-06	1	
exampleTumor1	m090	region1	1	1.0	0.9999999820400683	1.0	1.0	1.0					clipp2_single_switch_path_mixture_v1	5c247107561660669e1e40fa17e9c74b9ce7f23c4cacc5cd6479e760fab68aab	1	0.0	0.9956909946189498	0.0043090053810500946	1.4635868658596751	1.4635868658596751	1.4655931090720467	1.4655931090720467	0.9956909946189498	1	0.7179314737650899	1	0.004309004267091475	0.9956909957329085	0.0	1.4635868394771245	1.4635868657630446	1.4655930911121149	1.465593117434067	0.9956909957329085	1	0.7179314684742486	1	
exampleTumor1	m090	region2	1	0.9999999612853921	0.9999999744101855	1.0	2.0	1.0					clipp2_single_switch_path_mixture_v1	5c247107561660669e1e40fa17e9c74b9ce7f23c4cacc5cd6479e760fab68aab	1	0.28530521840598083	0.7146947815940192	0.0	1.3979063594649952	1.3979064135843937	1.5567500518031505	1.5567501120721206	0.7146947815940192	1	1.0932830267338889	1	0.2853052745720007	0.7146947254279994	0.0	1.3979063460094618	1.3979063817816269	1.5567500780527375	1.556750117889684	0.7146947254279994	1	1.093283039379596	1	
exampleTumor1	m091	region1	1	0.9999999638954876	0.9999999820400683	1.0	1.0	1.0					clipp2_single_switch_path_mixture_v1	5c247107561660669e1e40fa17e9c74b9ce7f23c4cacc5cd6479e760fab68aab	3	0.9772939245752159	0.022706075424784138	0.0	1.0105717557374414	1.0105717922236432	0.9999999638954876	1.0	0.022706075424784138	0	0.12413025378348932	3	0.9772939315556761	0.02270606844432379	0.0	1.010571770837964	1.0105717889877643	0.9999999820400683	1.0	0.02270606844432379	0	0.12413022268342895	1	
exampleTumor1	m091	region2	1	0.9999999612844499	0.9999999744101855	1.0	2.0	1.0					clipp2_single_switch_path_mixture_v1	5c247107561660669e1e40fa17e9c74b9ce7f23c4cacc5cd6479e760fab68aab	3	0.9999331082590559	6.689174094399619e-05	0.0	1.00003720326857	1.0000372419855619	0.9999999612844499	1.0	6.689174094399619e-05	0	0.0007562478406327341	3	0.999933108285814	6.689171418596532e-05	0.0	1.0000372163798472	1.0000372419706147	0.9999999744101855	1.0	6.689171418596532e-05	0	0.0007562475648773146	1	
exampleTumor1	m092	region1	3	0.20466080612920487	0.20466086196598293	0.18776779171076713	1.0	1.0					clipp2_single_switch_path_mixture_v1	5c247107561660669e1e40fa17e9c74b9ce7f23c4cacc5cd6479e760fab68aab	3	1.0	0.0	0.0	0.20662272344717766	1.0095861897306033	0.20466080612920487	1.0	0.00958618973060334	0	0.27407507720607743	3	1.0	0.0	0.0	0.20662277679232935	1.0095861749408273	0.20466086196598293	1.0	0.00958617494082725	0	0.2740750118990541	1	
exampleTumor1	m092	region2	3	0.2680186601327956	0.26801886587083323	0.2487078336611672	2.0	1.0					clipp2_single_switch_path_mixture_v1	5c247107561660669e1e40fa17e9c74b9ce7f23c4cacc5cd6479e760fab68aab	3	1.0	0.0	0.0	0.2683137432279509	1.0011009796668973	0.2680186601327956	1.0	0.0011009796668971185	0	0.19172274471332315	3	1.0	0.0	0.0	0.2683139468165016	1.0011009708018486	0.26801886587083323	1.0	0.0011009708018486655	0	0.19172268596347292	1	
exampleTumor1	m093	region1	1	0.9999999638948729	0.9999999820400683	1.0	2.0	1.0					clipp2_single_switch_path_mixture_v1	5c247107561660669e1e40fa17e9c74b9ce7f23c4cacc5cd6479e760fab68aab	1	1.0	0.0	0.0	1.0000001718393219	1.0000002079444565	0.9999999638948729	1.0	2.0794445648867375e-07	0	3.4073767670689835e-06	1	1.0	0.0	0.0	1.000000189984365	1.0000002079443002	0.9999999820400683	1.0	2.079443003391354e-07	0	3.4073743646051487e-06	1	
exampleTumor1	m093	region2	1	1.0	0.9999999744101855	1.0	2.0	1.0					clipp2_single_switch_path_mixture_v1	5c247107561660669e1e40fa17e9c74b9ce7f23c4cacc5cd6479e760fab68aab	1	0.0	0.0	1.0	1.0647806139518887	1.0647806139518887	1.0	1.0	0.06478061395188889	0	0.239923787024525	1	1.0	0.0	0.0	1.0647806474651023	1.0647806747126423	0.9999999744101855	1.0	0.06478067471264229	0	0.23992394924201954	1	
exampleTumor1	m094	region1	1	1.0	0.9999999820400683	1.0	2.0	1.0					clipp2_single_switch_path_mixture_v1	5c247107561660669e1e40fa17e9c74b9ce7f23c4cacc5cd6479e760fab68aab	1	0.0	0.0	1.0	1.000151380385992	1.000151380385992	1.0	1.0	0.00015138038599212404	0	0.0014828676253107933	1	1.0	0.0	0.0	1.0001513625372627	1.0001513804999131	0.9999999820400683	1.0	0.00015138049991306958	0	0.0014828686273095748	1	
exampleTumor1	m094	region2	1	1.0	0.9999999744101855	1.0	2.0	1.0					clipp2_single_switch_path_mixture_v1	5c247107561660669e1e40fa17e9c74b9ce7f23c4cacc5cd6479e760fab68aab	1	0.0	0.0	1.0	1.0044115260157498	1.0044115260157498	1.0	1.0	0.004411526015749755	0	0.028327844941267222	1	1.0	0.0	0.0	1.0044115053704912	1.004411531073196	0.9999999744101855	1.0	0.0044115310731959526	0	0.028327872348138453	1	
exampleTumor1	m095	region1	3	0.20466001155110938	0.20466086196598293	0.18776779171076713	1.0	1.0					clipp2_single_switch_path_mixture_v1	5c247107561660669e1e40fa17e9c74b9ce7f23c4cacc5cd6479e760fab68aab	1	1.0	0.0	0.0	0.4025994522673291	1.967162266903267	0.40932002310221877	2.0	0.9671622669032668	1	0.15176577232408664	1	1.0	0.0	0.0	0.4026009825656934	1.967161570113051	0.40932172393196586	2.0	0.9671615701130511	1	0.1517682841762369	1	
exampleTumor1	m095	region2	3	0.26801860101999375	0.26801886587083323	0.2487078336611672	2.0	1.0					clipp2_single_switch_path_mixture_v1	5c247107561660669e1e40fa17e9c74b9ce7f23c4cacc5cd6479e760fab68aab	3	1.0	0.0	0.0	0.26809243291388274	1.0002754730216783	0.26801860101999375	1.0	0.00027547302167850685	0	0.18580781695550008	3	1.0	0.0	0.0	0.26809269707174765	1.0002754701639176	0.26801886587083323	1.0	0.00027547016391760566	0	0.1858077940550458	1	
exampleTumor1	m096	region1	2	0.4644698585119731	0.4644698459572693	0.43946078886605616	1.0	1.0					clipp2_single_switch_path_mixture_v1	5c247107561660669e1e40fa17e9c74b9ce7f23c4cacc5cd6479e760fab68aab	3	1.0	0.0	0.0	0.4647130787673234	1.0005236513218092	0.4644698585119731	1.0	0.0005236513218091911	0	0.22647626231538445	3	1.0	0.0	0.0	0.4647130662938164	1.0005236515107796	0.4644698459572693	1.0	0.0005236515107796292	0	0.2264762637009246	1	
exampleTumor1	m096	region2	2	0.5783395302983736	0.5783395130938829	0.5608789113245486	2.0	1.0					clipp2_single_switch_path_mixture_v1	5c247107561660669e1e40fa17e9c74b9ce7f23c4cacc5cd6479e760fab68aab	3	0.9942423057733797	0.0057576942266203395	0.0	0.5791174520627377	1.001345095266033	0.5783395302983736	1.0	0.0057576942266203395	0	0.03543780342281857	3	0.9942423035487133	0.005757696451286732	0.0	0.5791174350597545	1.0013450956544714	0.5783395130938829	1.0	0.005757696451286732	0	0.035437814883915265	1	
exampleTumor1	m097	region1	1	1.0	0.9999999820400683	1.0	1.0	1.0					clipp2_single_switch_path_mixture_v1	5c247107561660669e1e40fa17e9c74b9ce7f23c4cacc5cd6479e760fab68aab	3	0.0	0.059916851042118524	0.9400831489578815	1.0278968729625066	1.0278968729625066	1.0	1.0	0.059916851042118524	0	0.2682698702559983	3	0.9400831307015312	0.05991686929846875	0.0	1.0278968629645542	1.0278968814255118	0.9999999820400683	1.0	0.05991686929846875	0	0.2682699331702576	1	
exampleTumor1	m097	region2	1	1.0	0.9999999744101855	1.0	2.0	1.0					clipp2_single_switch_path_mixture_v1	5c247107561660669e1e40fa17e9c74b9ce7f23c4cacc5cd6479e760fab68aab	3	0.0	0.08768227577963257	0.9123177242203675	1.0488171183716986	1.0488171183716986	1.0	1.0	0.08768227577963257	0	0.35791912544671234	3	0.9123176784163135	0.08768232158368658	0.0	1.0488171171614098	1.048817144000446	0.9999999744101855	1.0	0.08768232158368658	0	0.35791926448104394	1	
exampleTumor1	m098	region1	1	0.9999999638958017	0.9999999820400683	1.0	1.0	1.0					clipp2_single_switch_path_mixture_v1	5c247107561660669e1e40fa17e9c74b9ce7f23c4cacc5cd6479e760fab68aab	3	0.9964341241313639	0.0035658758686361426	0.0	1.0016602110636734	1.0016602472278135	0.9999999638958017	1.0	0.0035658758686361426	0	0.026129696022170606	3	0.9964341254720492	0.003565874527950784	0.0	1.0016602286160763	1.0016602466058258	0.9999999820400683	1.0	0.003565874527950784	0	0.026129687541101464	1	
exampleTumor1	m098	region2	1	1.0	0.9999999744101855	1.0	2.0	1.0					clipp2_single_switch_path_mixture_v1	5c247107561660669e1e40fa17e9c74b9ce7f23c4cacc5cd6479e760fab68aab	3	0.0	2.0287877717411936e-07	0.9999997971212228	1.0000001129527853	1.0000001129527853	1.0	1.0	2.0287877717411936e-07	0	3.4699988958119808e-06	3	0.9999997971210414	2.0287895873841802e-07	0.0	1.0000000873630694	1.0000001129528868	0.9999999744101855	1.0	2.0287895873841802e-07	0	3.470001819533936e-06	1	
exampleTumor1	m099	region1	1	1.0	0.9999999820400683	1.0	2.0	1.0					clipp2_single_switch_path_mixture_v1	5c247107561660669e1e40fa17e9c74b9ce7f23c4cacc5cd6479e760fab68aab	1	0.0	0.0	1.0	1.0000716206338498	1.0000716206338498	1.0	1.0	7.162063384975042e-05	0	0.0007551745188975271	1	0.9999999999999999	0.0	0.0	1.0000716027197962	1.000071620681014	0.9999999820400683	1.0	7.162068101420348e-05	0	0.0007551749690378321	1	
exampleTumor1	m099	region2	1	0.9999999612844729	0.9999999744101855	1.0	2.0	1.0					clipp2_single_switch_path_mixture_v1	5c247107561660669e1e40fa17e9c74b9ce7f23c4cacc5cd6479e760fab68aab	1	1.0	0.0	0.0	1.0000002657951135	1.0000003045106525	0.9999999612844729	1.0	3.0451065238327553e-07	0	4.873558889434474e-06	1	1.0	0.0	0.0	1.0000002789206184	1.0000003045104406	0.9999999744101855	1.0	3.0451044061961214e-07	0	4.873555712058054e-06	1	
exampleTumor1	m100	region1	1	1.0	0.9999999820400683	1.0	2.0	1.0					clipp2_single_switch_path_mixture_v1	5c247107561660669e1e40fa17e9c74b9ce7f23c4cacc5cd6479e760fab68aab	2	0.0	0.0	1.0	1.8060491317691116	1.8060491317691116	2.0	2.0	0.8060491317691117	1	0.49190131722153874	2	1.0	0.0	0.0	1.8060491699324757	1.8060492023689958	1.9999999640801367	2.0	0.8060492023689959	1	0.4919012166491761	1	
exampleTumor1	m100	region2	1	0.9999999612861571	0.9999999744101855	1.0	2.0	1.0					clipp2_single_switch_path_mixture_v1	5c247107561660669e1e40fa17e9c74b9ce7f23c4cacc5cd6479e760fab68aab	2	1.0	0.0	0.0	1.998711230817266	1.9987113081950616	1.9999999225723142	2.0	0.9987113081950617	1	0.009862980894778686	2	1.0	0.0	0.0	1.9987112565335263	1.998711307680178	1.999999948820371	2.0	0.998711307680178	1	0.009862984320215963	1	
exampleTumor1	m101	region1	1	1.0	0.9999999820400683	1.0	1.0	1.0					clipp2_single_switch_path_mixture_v1	5c247107561660669e1e40fa17e9c74b9ce7f23c4cacc5cd6479e760fab68aab	3	0.0	0.48836575980482255	0.5116342401951774	1.2273797324718596	1.2273797324718596	1.0	1.0	0.48836575980482255	0	1.0313857945273788	3	0.5116341703451304	0.48836582965486963	0.0	1.22737974264812	1.2273797646917768	0.9999999820400683	1.0	0.48836582965486963	0	1.0313858461949277	1	
exampleTumor1	m101	region2	1	1.0	0.9999999744101855	1.0	2.0	1.0					clipp2_single_switch_path_mixture_v1	5c247107561660669e1e40fa17e9c74b9ce7f23c4cacc5cd6479e760fab68aab	1	0.0	0.9997148649729941	0.00028513502700583897	1.5565913802692322	1.5565913802692322	1.5567501292323664	1.5567501292323664	0.9997148649729941	1	0.6955620626540383	2	0.00028513488165385543	0.9997148651183461	0.0	1.5565913419690847	1.5565913818019694	1.556750103642552	1.5567501434794992	0.9997148651183461	1	0.6955620615683823	1	
exampleTumor1	m102	region1	1	1.0	0.9999999820400683	1.0	1.0	1.0					clipp2_single_switch_path_mixture_v1	5c247107561660669e1e40fa17e9c74b9ce7f23c4cacc5cd6479e760fab68aab	3	0.0	3.913056312757868e-05	0.9999608694368725	1.0000182189205464	1.0000182189205464	1.0	1.0	3.913056312757868e-05	0	0.0004633737333532465	3	0.9999608694213402	3.913057865979799e-05	0.0	1.000018200967495	1.0000182189277538	0.9999999820400683	1.0	3.913057865979799e-05	0	0.0004633739017491571	1	
exampleTumor1	m102	region2	1	1.0	0.9999999744101855	1.0	2.0	1.0					clipp2_single_switch_path_mixture_v1	5c247107561660669e1e40fa17e9c74b9ce7f23c4cacc5cd6479e760fab68aab	3	0.0	0.03951449480832564	0.9604855051916744	1.021999700091087	1.021999700091087	1.0	1.0	0.03951449480832564	0	0.19378746558511628	3	0.9604854795037966	0.03951452049620339	0.0	1.021999688297417	1.0219997144502	0.9999999744101855	1.0	0.03951452049620339	0	0.19378756535473113	1	
exampleTumor1	m103	region1	2	0.4644698353003577	0.4644698459572693	0.43946078886605616	2.0	1.0					clipp2_single_switch_path_mixture_v1	5c247107561660669e1e40fa17e9c74b9ce7f23c4cacc5cd6479e760fab68aab	1	1.0	0.0	0.0	0.46869579265160427	1.0090984538285759	0.4644698353003577	1.0	0.009098453828575907	0	0.05181649250489609	1	1.0	0.0	0.0	0.46869580226299545	1.0090984513688213	0.4644698459572693	1.0	0.009098451368821226	0	0.05181648096739007	1	
exampleTumor1	m103	region2	2	0.5783395226292188	0.5783395130938829	0.5608789113245486	2.0	1.0					clipp2_single_switch_path_mixture_v1	5c247107561660669e1e40fa17e9c74b9ce7f23c4cacc5cd6479e760fab68aab	1	1.0	0.0	0.0	0.5783470797688037	1.000013066960305	0.5783395226292188	1.0	1.3066960304865629e-05	0	0.0001600103790873638	1	0.9999999999999999	0.0	0.0	0.5783470702361341	1.0000130669651306	0.5783395130938829	1.0	1.3066965130495273e-05	0	0.00016001043335361523	1	
exampleTumor1	m104	region1	2	0.4644698320085419	0.4644698459572693	0.43946078886605616	1.0	1.0					clipp2_single_switch_path_mixture_v1	5c247107561660669e1e40fa17e9c74b9ce7f23c4cacc5cd6479e760fab68aab	3	1.0	0.0	0.0	0.46454943015745326	1.0001713742065166	0.4644698320085419	1.0	0.0001713742065165594	0	0.22373243148540808	3	1.0	0.0	0.0	0.4645494440653039	1.0001713741133627	0.4644698459572693	1.0	0.00017137411336251747	0	0.2237324306983134	1	
exampleTumor1	m104	region2	2	0.57833949304756	0.5783395130938829	0.5608789113245486	2.0	1.0					clipp2_single_switch_path_mixture_v1	5c247107561660669e1e40fa17e9c74b9ce7f23c4cacc5cd6479e760fab68aab	3	0.9223858576413505	0.07761414235864958	0.0	0.5896562897934986	1.0195677398517342	0.57833949304756	1.0	0.07761414235864958	0	0.28209615949769173	3	0.9223858698098844	0.0776141301901156	0.0	0.5896563093129655	1.0195677382624997	0.5783395130938829	1.0	0.0776141301901156	0	0.2820961256112094	1	
exampleTumor1	m105	region1	2	0.4644698593218851	0.4644698459572693	0.43946078886605616	2.0	1.0					clipp2_single_switch_path_mixture_v1	5c247107561660669e1e40fa17e9c74b9ce7f23c4cacc5cd6479e760fab68aab	1	1.0	0.0	0.0	0.4645383197385913	1.0001473947454977	0.4644698593218851	1.0	0.00014739474549774393	0	0.0014477587288815547	1	1.0	0.0	0.0	0.46453830639860655	1.0001473948027695	0.4644698459572693	1.0	0.00014739480276940037	0	0.0014477592341463222	1	
exampleTumor1	m105	region2	2	0.5783395214840921	0.5783395130938829	0.5608789113245486	2.0	1.0					clipp2_single_switch_path_mixture_v1	5c247107561660669e1e40fa17e9c74b9ce7f23c4cacc5cd6479e760fab68aab	1	1.0	0.0	0.0	0.578340022071572	1.000000865559868	0.5783395214840921	1.0	8.655598680577903e-07	0	1.2948679428023188e-05	1	1.0	0.0	0.0	0.5783400136815438	1.0000008655601935	0.5783395130938829	1.0	8.655601935689138e-07	0	1.294868397212836e-05	1	
exampleTumor1	m106	region1	1	0.9999999638951395	0.9999999820400683	1.0	2.0	1.0					clipp2_single_switch_path_mixture_v1	5c247107561660669e1e40fa17e9c74b9ce7f23c4cacc5cd6479e760fab68aab	1	1.0	0.0	0.0	1.0000002628964852	1.0000002990013566	0.9999999638951395	1.0	2.990013565701504e-07	0	4.790844191604193e-06	1	1.0	0.0	0.0	1.0000002810411865	1.0000002990011236	0.9999999820400683	1.0	2.9900112352135673e-07	0	4.7908406905676035e-06	1	
exampleTumor1	m106	region2	1	1.0	0.9999999744101855	1.0	2.0	1.0					clipp2_single_switch_path_mixture_v1	5c247107561660669e1e40fa17e9c74b9ce7f23c4cacc5cd6479e760fab68aab	1	0.0	0.0	1.0	1.0000000071483517	1.0000000071483517	1.0	1.0	7.148351787516455e-09	0	1.4122558305373703e-07	1	1.0	0.0	0.0	0.9999999815585457	1.0000000071483603	0.9999999744101855	1.0	7.1483602843434864e-09	0	1.412257423643507e-07	1	
exampleTumor1	m107	region1	1	0.9999999638966874	0.9999999820400683	1.0	1.0	1.0					clipp2_single_switch_path_mixture_v1	5c247107561660669e1e40fa17e9c74b9ce7f23c4cacc5cd6479e760fab68aab	3	0.8418774336467802	0.15812256635321972	0.0	1.030011192892998	1.0300112300798154	0.9999999638966874	1.0	0.15812256635321972	0	0.5461457225554157	3	0.8418774558518167	0.15812254414818333	0.0	1.030011208256363	1.0300112267552943	0.9999999820400683	1.0	0.15812254414818333	0	0.5461456700313736	1	
exampleTumor1	m107	region2	1	0.9999999612852689	0.9999999744101855	1.0	1.0	1.0					clipp2_single_switch_path_mixture_v1	5c247107561660669e1e40fa17e9c74b9ce7f23c4cacc5cd6479e760fab68aab	3	0.7289400981392541	0.2710599018607459	0.0	1.086939405676357	1.0869394477569254	0.9999999612852689	1.0	0.2710599018607459	0	0.7721946017265428	3	0.7289401421648908	0.2710598578351092	0.0	1.0869394064593603	1.0869394342739387	0.9999999744101855	1.0	0.2710598578351092	0	0.7721945276578556	1	
exampleTumor1	m108	region1	1	1.0	0.9999999820400683	1.0	2.0	1.0					clipp2_single_switch_path_mixture_v1	5c247107561660669e1e40fa17e9c74b9ce7f23c4cacc5cd6479e760fab68aab	1	0.0	0.0	1.0	1.0000000008033405	1.0000000008033405	1.0	1.0	8.033403919068451e-10	0	1.762708965376111e-08	1	1.0	0.0	0.0	0.9999999828434093	1.000000000803341	0.9999999820400683	1.0	8.033409738761087e-10	0	1.762710192566695e-08	1	
exampleTumor1	m108	region2	1	0.9999999612844118	0.9999999744101855	1.0	2.0	1.0					clipp2_single_switch_path_mixture_v1	5c247107561660669e1e40fa17e9c74b9ce7f23c4cacc5cd6479e760fab68aab	1	1.0	0.0	0.0	1.0000000107907763	1.0000000495063663	0.9999999612844118	1.0	4.9506366209079685e-08	0	8.822610979279831e-07	1	1.0	0.0	0.0	1.0000000239165157	1.0000000495063315	0.9999999744101855	1.0	4.9506331309435723e-08	0	8.82260510913959e-07	1	
exampleTumor1	m109	region1	1	1.0	0.9999999820400683	1.0	1.0	1.0					clipp2_single_switch_path_mixture_v1	5c247107561660669e1e40fa17e9c74b9ce7f23c4cacc5cd6479e760fab68aab	1	0.0	0.9874731683158431	0.0125268316841569	1.4597607025613977	1.4597607025613977	1.4655931090720467	1.4655931090720467	0.9874731683158431	1	0.7517783333626207	1	0.012526828229206506	0.9874731717707936	0.0	1.4597606773425922	1.4597607035597946	1.4655930911121149	1.465593117434067	0.9874731717707936	1	0.7517783206686846	1	
exampleTumor1	m109	region2	1	0.9999999612851322	0.9999999744101855	1.0	2.0	1.0					clipp2_single_switch_path_mixture_v1	5c247107561660669e1e40fa17e9c74b9ce7f23c4cacc5cd6479e760fab68aab	3	0.4917269487836941	0.5082730512163061	0.0	1.2829810383962772	1.2829810880667203	0.9999999612851322	1.0	0.5082730512163061	1	1.0453183199655929	3	0.49172701738962193	0.5082729826103781	0.0	1.282981016660528	1.282981049491775	0.9999999744101855	1.0	0.5082729826103781	1	1.0453182746821077	1	
exampleTumor1	m110	region1	2	0.4644698386600487	0.4644698459572693	0.43946078886605616	1.0	1.0					clipp2_single_switch_path_mixture_v1	5c247107561660669e1e40fa17e9c74b9ce7f23c4cacc5cd6479e760fab68aab	3	1.0	0.0	0.0	0.4645789400099261	1.0002348943694432	0.4644698386600487	1.0	0.00023489436944313375	0	0.22425859640700596	3	1.0	0.0	0.0	0.4645789472799463	1.0002348943071904	0.4644698459572693	1.0	0.00023489430719042905	0	0.22425859590063973	1	
exampleTumor1	m110	region2	2	0.5783395059811202	0.5783395130938829	0.5608789113245486	2.0	1.0					clipp2_single_switch_path_mixture_v1	5c247107561660669e1e40fa17e9c74b9ce7f23c4cacc5cd6479e760fab68aab	3	0.9738456193604533	0.026154380639546757	0.0	0.581885776029595	1.0061318136004886	0.5783395059811202	1.0	0.026154380639546757	0	0.1213491171951503	3	0.9738456221080444	0.02615437789195561	0.0	0.5818857829548996	1.0061318132009442	0.5783395130938829	1.0	0.02615437789195561	0	0.12134910721972014	1	
exampleTumor1	m111	region1	3	0.20466085767202027	0.20466086196598293	0.18776779171076713	2.0	1.0					clipp2_single_switch_path_mixture_v1	5c247107561660669e1e40fa17e9c74b9ce7f23c4cacc5cd6479e760fab68aab	1	1.0	0.0	0.0	0.2124926644701482	1.0382672431221744	0.20466085767202027	1.0	0.03826724312217442	0	0.16239770570726686	1	1.0	0.0	0.0	0.21249266806660244	1.0382672389111762	0.20466086196598293	1.0	0.038267238911176206	0	0.16239769213040894	1	
exampleTumor1	m111	region2	3	0.2680186649374554	0.26801886587083323	0.2487078336611672	2.0	1.0					clipp2_single_switch_path_mixture_v1	5c247107561660669e1e40fa17e9c74b9ce7f23c4cacc5cd6479e760fab68aab	1	1.0	0.0	0.0	0.26835517584596763	1.0012555502751674	0.2680186649374554	1.0	0.00125555027516752	0	0.009642065256706914	1	1.0	0.0	0.0	0.2683553746297949	1.0012555413137367	0.26801886587083323	1.0	0.0012555413137368436	0	0.009642005403951506	1	
exampleTumor1	m112	region1	1	0.9999999638954623	0.9999999820400683	1.0	1.0	1.0					clipp2_single_switch_path_mixture_v1	5c247107561660669e1e40fa17e9c74b9ce7f23c4cacc5cd6479e760fab68aab	3	0.9933792682385679	0.006620731761432117	0.0	1.0030825308610802	1.0030825670769126	0.9999999638954623	1.0	0.006620731761432117	0	0.04440775626679489	3	0.9933792704700956	0.006620729529904486	0.0	1.0030825480267678	1.0030825660420621	0.9999999820400683	1.0	0.006620729529904486	0	0.04440774353804095	1	
exampleTumor1	m112	region2	1	1.0	0.9999999744101855	1.0	2.0	1.0					clipp2_single_switch_path_mixture_v1	5c247107561660669e1e40fa17e9c74b9ce7f23c4cacc5cd6479e760fab68aab	3	0.0	0.0402168106888201	0.95978318931118	1.0223907145483144	1.0223907145483144	1.0	1.0	0.0402168106888201	0	0.19650874170253768	3	0.9597831611380603	0.040216838861939753	0.0	1.022390704129317	1.022390730292106	0.9999999744101855	1.0	0.040216838861939753	0	0.19650885060767936	1	
exampleTumor1	m113	region1	1	0.9999999639007725	0.9999999820400683	1.0	2.0	1.0					clipp2_single_switch_path_mixture_v1	5c247107561660669e1e40fa17e9c74b9ce7f23c4cacc5cd6479e760fab68aab	2	1.0	0.0	0.0	1.9993609703609267	1.999361042536316	1.999999927801545	2.0	0.9993610425363159	1	0.005338715241580085	2	0.9999999999999999	0.0	0.0	1.9993610062942078	1.9993610422025954	1.9999999640801367	2.0	0.9993610422025956	1	0.005338717696103219	1	
exampleTumor1	m113	region2	1	0.9999999612866243	0.9999999744101855	1.0	2.0	1.0					clipp2_single_switch_path_mixture_v1	5c247107561660669e1e40fa17e9c74b9ce7f23c4cacc5cd6479e760fab68aab	2	1.0	0.0	0.0	1.9999972139053952	1.9999972913320418	1.9999999225732485	2.0	0.9999972913320416	1	3.7431223957733504e-05	2	1.0	0.0	0.0	1.9999972401512696	1.9999972913308293	1.999999948820371	2.0	0.9999972913308292	1	3.743123950166462e-05	1	
exampleTumor1	m114	region1	1	1.0	0.9999999820400683	1.0	2.0	1.0					clipp2_single_switch_path_mixture_v1	5c247107561660669e1e40fa17e9c74b9ce7f23c4cacc5cd6479e760fab68aab	1	0.0	0.0	1.0	1.000000025706892	1.000000025706892	1.0	1.0	2.570689190082617e-08	0	4.749735605098726e-07	1	1.0	0.0	0.0	1.0000000077469784	1.0000000257069106	0.9999999820400683	1.0	2.5706910523841684e-08	0	4.7497388589283e-07	1	
exampleTumor1	m114	region2	1	1.0	0.9999999744101855	1.0	2.0	1.0					clipp2_single_switch_path_mixture_v1	5c247107561660669e1e40fa17e9c74b9ce7f23c4cacc5cd6479e760fab68aab	1	0.0	0.0	1.0	1.0000000005030356	1.0000000005030356	1.0	1.0	5.030354862243562e-10	0	1.12732064446249e-08	1	1.0	0.0	0.0	0.9999999749132217	1.0000000005030363	0.9999999744101855	1.0	5.030361869222684e-10	0	1.1273221523277445e-08	1	
exampleTumor1	m115	region1	1	0.9999999638942608	0.9999999820400683	1.0	2.0	1.0					clipp2_single_switch_path_mixture_v1	5c247107561660669e1e40fa17e9c74b9ce7f23c4cacc5cd6479e760fab68aab	1	1.0	0.0	0.0	1.000001503416942	1.0000015395227368	0.9999999638942608	1.0	1.5395227367149178e-06	0	2.2144552516904885e-05	1	1.0	0.0	0.0	1.000001521561826	1.0000015395217854	0.9999999820400683	1.0	1.5395217854974065e-06	0	2.2144539785753073e-05	1	
exampleTumor1	m115	region2	1	1.0	0.9999999744101855	1.0	2.0	1.0					clipp2_single_switch_path_mixture_v1	5c247107561660669e1e40fa17e9c74b9ce7f23c4cacc5cd6479e760fab68aab	1	0.0	0.0	1.0	1.0000292787918583	1.0000292787918583	1.0	1.0	2.927879185821587e-05	0	0.0003349093398716902	1	1.0	0.0	0.0	1.0000292532360955	1.0000292788266592	0.9999999744101855	1.0	2.927882665918214e-05	0	0.00033490970314563096	1	
exampleTumor1	m116	region1	2	0.46446985126640156	0.4644698459572693	0.43946078886605616	1.0	1.0					clipp2_single_switch_path_mixture_v1	5c247107561660669e1e40fa17e9c74b9ce7f23c4cacc5cd6479e760fab68aab	3	1.0	0.0	0.0	0.4645446315155457	1.0001610012984488	0.46446985126640156	1.0	0.0001610012984485117	0	0.22364446636719684	3	1.0	0.0	0.0	0.46454462621892734	1.0001610013272313	0.4644698459572693	1.0	0.000161001327231247	0	0.22364446661218934	1	
exampleTumor1	m116	region2	2	0.5783395252917929	0.5783395130938829	0.5608789113245486	2.0	1.0					clipp2_single_switch_path_mixture_v1	5c247107561660669e1e40fa17e9c74b9ce7f23c4cacc5cd6479e760fab68aab	3	0.9858430283556294	0.014156971644370594	0.0	0.5802559472802478	1.0033136624848318	0.5783395252917929	1.0	0.014156971644370594	0	0.07440841676033584	3	0.9858430255356981	0.014156974464301919	0.0	0.5802559352915067	1.0033136629163926	0.5783395130938829	1.0	0.014156974464301919	0	0.0744084287418115	1	
exampleTumor1	m117	region1	1	0.9999999638946457	0.9999999820400683	1.0	2.0	1.0					clipp2_single_switch_path_mixture_v1	5c247107561660669e1e40fa17e9c74b9ce7f23c4cacc5cd6479e760fab68aab	1	1.0	0.0	0.0	1.0000043912123104	1.0000044273178246	0.9999999638946457	1.0	4.427317824438887e-06	0	5.9006027525807016e-05	1	1.0	0.0	0.0	1.0000044093549516	1.0000044273149629	0.9999999820400683	1.0	4.42731496276921e-06	0	5.9005992248035765e-05	1	
exampleTumor1	m117	region2	1	1.0	0.9999999744101855	1.0	2.0	1.0					clipp2_single_switch_path_mixture_v1	5c247107561660669e1e40fa17e9c74b9ce7f23c4cacc5cd6479e760fab68aab	1	0.0	0.0	1.0	1.0002027365539465	1.0002027365539465	1.0	1.0	0.00020273655394645608	0	0.0019267072074704039	1	1.0	0.0	0.0	1.0002027112375218	1.0002027368325244	0.9999999744101855	1.0	0.00020273683252435178	0	0.0019267095763296532	1	
exampleTumor1	m118	region1	3	0.2046609433323743	0.20466086196598293	0.18776779171076713	1.0	1.0					clipp2_single_switch_path_mixture_v1	5c247107561660669e1e40fa17e9c74b9ce7f23c4cacc5cd6479e760fab68aab	3	1.0	0.0	0.0	0.20493783862308496	1.0013529464205633	0.2046609433323743	1.0	0.0013529464205633095	0	0.23210140882592825	3	1.0	0.0	0.0	0.2049377577608099	1.0013529494216291	0.20466086196598293	1.0	0.0013529494216290051	0	0.232101427978737	1	
exampleTumor1	m118	region2	3	0.2680188524562822	0.26801886587083323	0.2487078336611672	2.0	1.0					clipp2_single_switch_path_mixture_v1	5c247107561660669e1e40fa17e9c74b9ce7f23c4cacc5cd6479e760fab68aab	3	1.0	0.0	0.0	0.26834270810883815	1.0012083316139442	0.2680188524562822	1.0	0.0012083316139440267	0	0.1924291026377744	3	1.0	0.0	0.0	0.26834272143497795	1.0012083312235966	0.26801886587083323	1.0	0.0012083312235967288	0	0.19242910008725228	1	
exampleTumor1	m119	region1	2	0.46446983533933767	0.4644698459572693	0.43946078886605616	2.0	1.0					clipp2_single_switch_path_mixture_v1	5c247107561660669e1e40fa17e9c74b9ce7f23c4cacc5cd6479e760fab68aab	1	1.0	0.0	0.0	0.46820856140742145	1.0080494486048859	0.46446983533933767	1.0	0.008049448604885767	0	0.04683262667933541	1	1.0	0.0	0.0	0.46820857109024683	1.0080494464075962	0.4644698459572693	1.0	0.008049446407596316	0	0.0468326161014306	1	
exampleTumor1	m119	region2	2	0.5783395440617349	0.5783395130938829	0.5608789113245486	2.0	1.0					clipp2_single_switch_path_mixture_v1	5c247107561660669e1e40fa17e9c74b9ce7f23c4cacc5cd6479e760fab68aab	1	1.0	0.0	0.0	0.5783395968746963	1.0000000913182607	0.5783395440617349	1.0	9.131826094106576e-08	0	1.5714881917162307e-06	1	1.0	0.0	0.0	0.5783395659069027	1.0000000913183669	0.5783395130938829	1.0	9.131836677535245e-08	0	1.5714899071450906e-06	1	
exampleTumor1	m120	region1	1	0.9999999639002413	0.9999999820400683	1.0	1.0	1.0					clipp2_single_switch_path_mixture_v1	5c247107561660669e1e40fa17e9c74b9ce7f23c4cacc5cd6479e760fab68aab	1	0.07396612391380962	0.9260338760861904	0.0	1.43115493865845	1.4311549903227998	1.465593072972288	1.4655931258798462	0.9260338760861904	1	0.9056570843357385	1	0.07396614465512735	0.9260338553448726	0.0	1.4311549555403091	1.4311549812437547	1.4655930911121149	1.465593117434067	0.9260338553448726	1	0.9056571223785573	1	
exampleTumor1	m120	region2	1	1.0	0.9999999744101855	1.0	2.0	1.0					clipp2_single_switch_path_mixture_v1	5c247107561660669e1e40fa17e9c74b9ce7f23c4cacc5cd6479e760fab68aab	1	0.0	0.9999717614429434	2.8238557056672508e-05	1.5567344074120761	1.5567344074120761	1.5567501292323664	1.5567501292323664	0.9999717614429434	1	0.6934516391076329	2	2.8238541622107264e-05	0.9999717614583779	0.0	1.55673436903631	1.5567344088728547	1.556750103642552	1.5567501434794992	0.9999717614583779	1	0.6934516389566479	1	
exampleTumor1	m121	region1	1	1.0	0.9999999820400683	1.0	1.0	1.0					clipp2_single_switch_path_mixture_v1	5c247107561660669e1e40fa17e9c74b9ce7f23c4cacc5cd6479e760fab68aab	1	0.0	0.9588759962256842	0.04112400377431591	1.4464460562972725	1.4464460562972725	1.4655931090720467	1.4655931090720467	0.9588759962256842	1	0.8361421808269875	1	0.04112399343631788	0.9588760065636821	0.0	1.446446034539968	1.4464460605180403	1.4655930911121149	1.465593117434067	0.9588760065636821	1	0.8361421554366288	1	
exampleTumor1	m121	region2	1	0.9999999612860685	0.9999999744101855	1.0	2.0	1.0					clipp2_single_switch_path_mixture_v1	5c247107561660669e1e40fa17e9c74b9ce7f23c4cacc5cd6479e760fab68aab	1	0.03454431949443236	0.9654556805055676	0.0	1.5375175174873728	1.537517577010723	1.5567500518045032	1.5567501120724203	0.9654556805055676	1	0.8194028830484068	1	0.03454432985559565	0.9654556701444044	0.0	1.5375175311782876	1.537517570523077	1.5567500780527375	1.556750117889684	0.9654556701444044	1	0.8194029103729674	1	
exampleTumor1	m122	region1	1	1.0	0.9999999820400683	1.0	1.0	1.0					clipp2_single_switch_path_mixture_v1	5c247107561660669e1e40fa17e9c74b9ce7f23c4cacc5cd6479e760fab68aab	3	0.0	0.19824986316178936	0.8017501368382106	1.0923037701626053	1.0923037701626053	1.0	1.0	0.19824986316178936	0	0.6353829595562126	3	0.8017500848245942	0.19824991517540574	0.0	1.0923037746395774	1.0923037942572789	0.9999999820400683	1.0	0.19824991517540574	0	0.6353830682863008	1	
exampleTumor1	m122	region2	1	0.999999961286073	0.9999999744101855	1.0	2.0	1.0					clipp2_single_switch_path_mixture_v1	5c247107561660669e1e40fa17e9c74b9ce7f23c4cacc5cd6479e760fab68aab	2	0.005152437759119091	0.9948475622408809	0.0	1.5538814508729613	1.5538815110298165	1.5567500905184395	1.556750150786351	0.9948475622408809	1	0.7218594361839142	2	0.005152439250795005	0.9948475607492051	0.0	1.553881469694828	1.5538815094583676	1.556750103642552	1.5567501434794992	0.9948475607492051	1	0.7218594430008327	1	
exampleTumor1	m123	region1	1	1.0	0.9999999820400683	1.0	1.0	1.0					clipp2_single_switch_path_mixture_v1	5c247107561660669e1e40fa17e9c74b9ce7f23c4cacc5cd6479e760fab68aab	2	0.0	0.8842221256806715	0.11577787431932848	1.4116877286059577	1.4116877286059577	1.4655931090720464	1.4655931090720464	0.8842221256806715	1	0.971323498447903	1	0.11577785161080785	0.8842221483891921	0.0	1.4116877132786723	1.4116877386324875	1.4655930911121149	1.465593117434067	0.8842221483891921	1	0.9713234680210341	1	
exampleTumor1	m123	region2	1	0.9999999612858774	0.9999999744101855	1.0	2.0	1.0					clipp2_single_switch_path_mixture_v1	5c247107561660669e1e40fa17e9c74b9ce7f23c4cacc5cd6479e760fab68aab	1	0.24310995543935177	0.7568900445606483	0.0	1.421398576758542	1.4213986317867429	1.5567500518041213	1.556750112072336	0.7568900445606483	1	1.0792744754849148	1	0.24311001717232827	0.7568899828276718	0.0	1.4213985604798378	1.4213985968531642	1.5567500780527375	1.556750117889684	0.7568899828276718	1	1.0792745028052657	1	
exampleTumor1	m124	region1	1	1.0	0.9999999820400683	1.0	1.0	1.0					clipp2_single_switch_path_mixture_v1	5c247107561660669e1e40fa17e9c74b9ce7f23c4cacc5cd6479e760fab68aab	1	0.0	0.9651916077901098	0.03480839220989021	1.4493865615212447	1.4493865615212447	1.4655931090720467	1.4655931090720467	0.9651916077901098	1	0.8200982553237675	1	0.034808383563545875	0.965191616436454	0.0	1.4493865389196035	1.4493865649504871	1.4655930911121149	1.465593117434067	0.965191616436454	1	0.8200982325897513	1	
exampleTumor1	m124	region2	1	0.999999961286189	0.9999999744101855	1.0	2.0	1.0					clipp2_single_switch_path_mixture_v1	5c247107561660669e1e40fa17e9c74b9ce7f23c4cacc5cd6479e760fab68aab	2	0.00359525179768303	0.996404748202317	0.0	1.554748414328261	1.5547484745184996	1.5567500905185554	1.5567501507862866	0.996404748202317	1	0.7144785079774245	2	0.0035952528805188563	0.9964047471194811	0.0	1.5547484333877941	1.554748473173519	1.556750103642552	1.5567501434794992	0.9964047471194811	1	0.7144785133173136	1	
exampleTumor1	m125	region1	1	0.9999999638953955	0.9999999820400683	1.0	2.0	1.0					clipp2_single_switch_path_mixture_v1	5c247107561660669e1e40fa17e9c74b9ce7f23c4cacc5cd6479e760fab68aab	1	1.0	0.0	0.0	1.0000066180748681	1.0000066541797128	0.9999999638953955	1.0	6.654179712800404e-06	0	8.597374558655876e-05	1	1.0	0.0	0.0	1.0000066362146651	1.0000066541747163	0.9999999820400683	1.0	6.654174716223518e-06	0	8.597368602597485e-05	1	
exampleTumor1	m125	region2	1	0.9999999612841955	0.9999999744101855	1.0	2.0	1.0					clipp2_single_switch_path_mixture_v1	5c247107561660669e1e40fa17e9c74b9ce7f23c4cacc5cd6479e760fab68aab	1	1.0	0.0	0.0	0.9999999674724913	1.000000006188296	0.9999999612841955	1.0	6.188296044271817e-09	0	1.2315084181700644e-07	1	1.0	0.0	0.0	0.9999999805984771	1.0000000061882917	0.9999999744101855	1.0	6.1882916817441405e-09	0	1.2315075928422346e-07	1	
exampleTumor1	m126	region1	1	0.9999999638987485	0.9999999820400683	1.0	1.0	1.0					clipp2_single_switch_path_mixture_v1	5c247107561660669e1e40fa17e9c74b9ce7f23c4cacc5cd6479e760fab68aab	1	0.16518690727887617	0.8348130927211239	0.0	1.3886831721639288	1.388683222297131	1.4655930729707949	1.465593125880541	0.8348130927211239	1	1.0268200678931712	1	0.16518694403186115	0.8348130559681388	0.0	1.388683180765618	1.3886832057062735	1.4655930911121149	1.465593117434067	0.8348130559681388	1	1.0268201019625613	1	
exampleTumor1	m126	region2	1	0.9999999612857428	0.9999999744101855	1.0	2.0	1.0					clipp2_single_switch_path_mixture_v1	5c247107561660669e1e40fa17e9c74b9ce7f23c4cacc5cd6479e760fab68aab	2	0.013675368564163123	0.9863246314358369	0.0	1.5491363082102991	1.549136368183963	1.5567500905181093	1.5567501507865351	0.9863246314358369	1	0.7559464248966536	2	0.013675372255079374	0.9863246277449207	0.0	1.549136325752304	1.5491363653944163	1.556750103642552	1.5567501434794992	0.9863246277449207	1	0.7559464381294817	1	
exampleTumor1	m127	region1	1	0.9999999638957205	0.9999999820400683	1.0	1.0	1.0					clipp2_single_switch_path_mixture_v1	5c247107561660669e1e40fa17e9c74b9ce7f23c4cacc5cd6479e760fab68aab	3	0.9957622454658644	0.004237754534135552	0.0	1.0019730331282524	1.001973069303768	0.9999999638957205	1.0	0.004237754534135552	0	0.030320061729980807	3	0.9957622470375838	0.004237752962416323	0.0	1.0019730505792643	1.0019730685746322	0.9999999820400683	1.0	0.004237752962416323	0	0.03032005205978597	1	
exampleTumor1	m127	region2	1	0.9999999612842909	0.9999999744101855	1.0	2.0	1.0					clipp2_single_switch_path_mixture_v1	5c247107561660669e1e40fa17e9c74b9ce7f23c4cacc5cd6479e760fab68aab	3	0.9996839754858753	0.00031602451412471246	0.0	1.000175907967253	1.000175946689774	0.9999999612842909	1.0	0.00031602451412471246	0	0.0030820859339842103	3	0.9996839755938921	0.00031602440610790873	0.0	1.0001759210350831	1.0001759466294	0.9999999744101855	1.0	0.00031602440610790873	0	0.003082084988564751	1	
exampleTumor1	m128	region1	1	0.9999999638946361	0.9999999820400683	1.0	2.0	1.0					clipp2_single_switch_path_mixture_v1	5c247107561660669e1e40fa17e9c74b9ce7f23c4cacc5cd6479e760fab68aab	1	1.0	0.0	0.0	1.0000005359974422	1.000000572102827	0.9999999638946361	1.0	5.721028268893079e-07	0	8.795478429522217e-06	1	1.0	0.0	0.0	1.0000005541424826	1.0000005721024245	0.9999999820400683	1.0	5.721024244711176e-07	0	8.795472645146873e-06	1	
exampleTumor1	m128	region2	1	0.9999999612843093	0.9999999744101855	1.0	2.0	1.0					clipp2_single_switch_path_mixture_v1	5c247107561660669e1e40fa17e9c74b9ce7f23c4cacc5cd6479e760fab68aab	1	1.0	0.0	0.0	0.9999999701382135	1.0000000088539045	0.9999999612843093	1.0	8.853904464151707e-09	0	1.730266070543302e-07	1	1.0	0.0	0.0	0.9999999832640832	1.000000008853898	0.9999999744101855	1.0	8.85389788513384e-09	0	1.7302648509220096e-07	1	
exampleTumor1	m129	region1	2	0.4644698429693332	0.4644698459572693	0.43946078886605616	1.0	1.0					clipp2_single_switch_path_mixture_v1	5c247107561660669e1e40fa17e9c74b9ce7f23c4cacc5cd6479e760fab68aab	3	0.8901101938429671	0.10988980615703298	0.0	0.4853266284786104	1.044904498806512	0.4644698429693332	1.0	0.10988980615703298	0	0.679801972921245	3	0.8901101964227613	0.1098898035772387	0.0	0.4853266309769086	1.0449044974634545	0.4644698459572693	1.0	0.1098898035772387	0	0.6798019684912859	1	
exampleTumor1	m129	region2	2	0.5783395107528783	0.5783395130938829	0.5608789113245486	1.0	1.0					clipp2_single_switch_path_mixture_v1	5c247107561660669e1e40fa17e9c74b9ce7f23c4cacc5cd6479e760fab68aab	3	0.9980778962713733	0.0019221037286266862	0.0	0.578956004152186	1.001065971436925	0.5783395107528783	1.0	0.0019221037286266862	0	0.3093470620210598	3	0.9980778963393357	0.001922103660664307	0.0	0.5789560064713924	1.0010659713949193	0.5783395130938829	1.0	0.001922103660664307	0	0.30934706161624625	1	
exampleTumor1	m130	region1	1	0.9999999638966659	0.9999999820400683	1.0	1.0	1.0					clipp2_single_switch_path_mixture_v1	5c247107561660669e1e40fa17e9c74b9ce7f23c4cacc5cd6479e760fab68aab	3	0.7270211848492577	0.2729788151507423	0.0	1.051810593597233	1.0518106315711038	0.9999999638966659	1.0	0.2729788151507423	0	0.775413675073649	3	0.727021208120413	0.27297879187958696	0.0	1.0518106098002162	1.0518106286906632	0.9999999820400683	1.0	0.27297879187958696	0	0.775413636147786	1	
exampleTumor1	m130	region2	1	1.0	0.9999999744101855	1.0	1.0	1.0					clipp2_single_switch_path_mixture_v1	5c247107561660669e1e40fa17e9c74b9ce7f23c4cacc5cd6479e760fab68aab	3	0.0	0.0021144371239981033	0.9978855628760018	1.00067818219734	1.00067818219734	1.0	1.0	0.0021144371239981033	0	0.016600563958584703	3	0.9978855617064671	0.0021144382935329485	0.0	1.0006781569555872	1.0006781825627562	0.9999999744101855	1.0	0.0021144382935329485	0	0.016600571969894503	1	
exampleTumor1	m131	region1	1	1.0	0.9999999820400683	1.0	1.0	1.0					clipp2_single_switch_path_mixture_v1	5c247107561660669e1e40fa17e9c74b9ce7f23c4cacc5cd6479e760fab68aab	1	0.0	0.7026971756019856	0.2973028243980144	1.1333700074833328	1.1333700074833328	1.1897972727285797	1.1897972727285797	0.7026971756019856	1	1.095634206307158	1	0.29730280370444423	0.7026971962955557	0.0	1.133369987140788	1.133370007496036	1.1897972547686484	1.189797276137326	0.7026971962955557	1	1.0956342028507577	1	
exampleTumor1	m131	region2	1	0.999999961285403	0.9999999744101855	1.0	1.0	1.0					clipp2_single_switch_path_mixture_v1	5c247107561660669e1e40fa17e9c74b9ce7f23c4cacc5cd6479e760fab68aab	3	0.8002021228774524	0.19979787712254746	0.0	1.0640829049753944	1.0640829461709367	0.999999961285403	1.0	0.19979787712254746	0	0.6386114292423234	3	0.800202162312191	0.19979783768780907	0.0	1.0640829067630757	1.0640829339927607	0.9999999744101855	1.0	0.19979783768780907	0	0.6386113471902506	1	
exampleTumor1	m132	region1	1	1.0	0.9999999820400683	1.0	2.0	1.0					clipp2_single_switch_path_mixture_v1	5c247107561660669e1e40fa17e9c74b9ce7f23c4cacc5cd6479e760fab68aab	2	0.0	0.0	1.0	1.9461490130193722	1.9461490130193722	2.0	2.0	0.9461490130193722	1	0.20970178982121218	2	1.0	0.0	0.0	1.9461490058696052	1.946149040822309	1.9999999640801367	2.0	0.9461490408223089	1	0.20970171013300162	1	
exampleTumor1	m132	region2	1	1.0	0.9999999744101855	1.0	2.0	1.0					clipp2_single_switch_path_mixture_v1	5c247107561660669e1e40fa17e9c74b9ce7f23c4cacc5cd6479e760fab68aab	2	0.0	0.0	1.0	1.9998788506259495	1.9998788506259495	2.0	2.0	0.9998788506259495	1	0.0012137260025646057	2	1.0	0.0	0.0	1.9998787995641591	1.999878850740688	1.999999948820371	2.0	0.9998788507406879	1	0.0012137249678109176	1	
exampleTumor1	m133	region1	2	0.4644697518699337	0.4644698459572693	0.43946078886605616	1.0	1.0					clipp2_single_switch_path_mixture_v1	5c247107561660669e1e40fa17e9c74b9ce7f23c4cacc5cd6479e760fab68aab	3	1.0	0.0	0.0	0.5820305398836617	1.253107522159266	0.4644697518699337	1.0	0.2531075221592659	0	0.7316179829333482	3	1.0	0.0	0.0	0.5820303951882049	1.2531069567899376	0.4644698459572693	1.0	0.25310695678993783	0	0.7316174967183795	1	
exampleTumor1	m133	region2	2	0.5783395117983176	0.5783395130938829	0.5608789113245486	2.0	1.0					clipp2_single_switch_path_mixture_v1	5c247107561660669e1e40fa17e9c74b9ce7f23c4cacc5cd6479e760fab68aab	3	0.9907351329023318	0.00926486709766823	0.0	0.5795913015028613	1.0021644547519353	0.5783395117983176	1.0	0.00926486709766823	0	0.052600739522322935	3	0.9907351331680482	0.009264866831951792	0.0	0.5795913027745279	1.0021644547057635	0.5783395130938829	1.0	0.009264866831951792	0	0.05260073828068857	1	
exampleTumor1	m134	region1	1	0.9999999638990769	0.9999999820400683	1.0	1.0	1.0					clipp2_single_switch_path_mixture_v1	5c247107561660669e1e40fa17e9c74b9ce7f23c4cacc5cd6479e760fab68aab	1	0.11895218767483084	0.881047812325169	0.0	1.410209738177358	1.4102097890872332	1.4655930729711235	1.4655931258803883	0.881047812325169	1	0.9755278938742812	1	0.11895221556153948	0.8810477844384605	0.0	1.4102097513260308	1.410209776653302	1.4655930911121149	1.465593117434067	0.8810477844384605	1	0.975527930384758	1	
exampleTumor1	m134	region2	1	1.0	0.9999999744101855	1.0	2.0	1.0					clipp2_single_switch_path_mixture_v1	5c247107561660669e1e40fa17e9c74b9ce7f23c4cacc5cd6479e760fab68aab	1	0.0	0.997350976203397	0.002649023796603061	1.555275284891268	1.555275284891268	1.5567501292323664	1.5567501292323664	0.997350976203397	1	0.7096746816760101	2	0.0026490226019031237	0.9973509773980969	0.0	1.5552752472055904	1.5552752870047966	1.556750103642552	1.5567501434794992	0.9973509773980969	1	0.7096746754184506	1	
exampleTumor1	m135	region1	1	0.9999999638969791	0.9999999820400683	1.0	1.0	1.0					clipp2_single_switch_path_mixture_v1	5c247107561660669e1e40fa17e9c74b9ce7f23c4cacc5cd6479e760fab68aab	3	0.7598997136615914	0.24010028633840863	0.0	1.0455703390911872	1.0455703768394364	0.9999999638969791	1.0	0.24010028633840863	0	0.7176203350546241	3	0.7598997387120449	0.24010026128795525	0.0	1.0455703546578496	1.045570373436222	0.9999999820400683	1.0	0.24010026128795525	0	0.717620288829598	1	
exampleTumor1	m135	region2	1	1.0	0.9999999744101855	1.0	1.0	1.0					clipp2_single_switch_path_mixture_v1	5c247107561660669e1e40fa17e9c74b9ce7f23c4cacc5cd6479e760fab68aab	1	0.0	0.9749619285562148	0.02503807144378525	1.3127081980953352	1.3127081980953352	1.320738881115505	1.320738881115505	0.9749619285562148	1	0.7928384084335204	1	0.025038063945193166	0.9749619360548067	0.0	1.3127081624360646	1.3127081960280238	1.3207388555256907	1.320738889323154	0.9749619360548067	1	0.7928383861712901	1	
exampleTumor1	m136	region1	2	0.4644698392279685	0.4644698459572693	0.43946078886605616	1.0	1.0					clipp2_single_switch_path_mixture_v1	5c247107561660669e1e40fa17e9c74b9ce7f23c4cacc5cd6479e760fab68aab	3	1.0	0.0	0.0	0.46472872345698574	1.0005573757586663	0.4644698392279685	1.0	0.0005573757586661906	0	0.2267224675472838	3	1.0	0.0	0.0	0.46472873013074006	1.0005573756309998	0.4644698459572693	1.0	0.0005573756309995815	0	0.22672246661919854	1	
exampleTumor1	m136	region2	2	0.5783394980413237	0.5783395130938829	0.5608789113245486	2.0	1.0					clipp2_single_switch_path_mixture_v1	5c247107561660669e1e40fa17e9c74b9ce7f23c4cacc5cd6479e760fab68aab	3	0.9451833665525952	0.05481663344740489	0.0	0.5859702529384733	1.0131942482278884	0.5783394980413237	1.0	0.05481663344740489	0	0.21546964699983795	3	0.9451833746864868	0.05481662531351323	0.0	0.5859702676297022	1.013194247259707	0.5783395130938829	1.0	0.05481662531351323	0	0.21546962288761995	1	
exampleTumor1	m137	region1	1	0.9999999639013849	0.9999999820400683	1.0	2.0	1.0					clipp2_single_switch_path_mixture_v1	5c247107561660669e1e40fa17e9c74b9ce7f23c4cacc5cd6479e760fab68aab	2	1.0	0.0	0.0	1.9993749515200272	1.9993750236946966	1.9999999278027698	2.0	0.9993750236946968	1	0.005235729165044007	2	1.0	0.0	0.0	1.9993749874359075	1.9993750233445462	1.9999999640801367	2.0	0.9993750233445462	1	0.005235731748164597	1	
exampleTumor1	m137	region2	1	1.0	0.9999999744101855	1.0	2.0	1.0					clipp2_single_switch_path_mixture_v1	5c247107561660669e1e40fa17e9c74b9ce7f23c4cacc5cd6479e760fab68aab	2	0.0	0.0	1.0	1.9994793744360218	1.9994793744360218	2.0	2.0	0.9994793744360218	1	0.004456668898695238	2	1.0	0.0	0.0	1.9994793238109154	1.9994793749772217	1.999999948820371	2.0	0.9994793749772217	1	0.004456664807245509	1	
exampleTumor1	m138	region1	2	0.4644698336032344	0.4644698459572693	0.43946078886605616	1.0	1.0					clipp2_single_switch_path_mixture_v1	5c247107561660669e1e40fa17e9c74b9ce7f23c4cacc5cd6479e760fab68aab	3	1.0	0.0	0.0	0.4666476901957553	1.004688908589877	0.4644698336032344	1.0	0.004688908589876893	0	0.2508940003218111	3	1.0	0.0	0.0	0.46664770179704385	1.0046889068445035	0.4644698459572693	1.0	0.004688906844503552	0	0.2508939913580217	1	
exampleTumor1	m138	region2	2	0.578339503745136	0.5783395130938829	0.5608789113245486	2.0	1.0					clipp2_single_switch_path_mixture_v1	5c247107561660669e1e40fa17e9c74b9ce7f23c4cacc5cd6479e760fab68aab	3	0.91534258671212	0.0846574132878799	0.0	0.5920982466657156	1.0237900797567563	0.578339503745136	1.0	0.0846574132878799	0	0.3103738443320836	3	0.9153425916609171	0.08465740833908275	0.0	0.5920982556456377	1.0237900787344636	0.5783395130938829	1.0	0.08465740833908275	0	0.31037382943499453	1	
exampleTumor1	m139	region1	1	0.9999999638962532	0.9999999820400683	1.0	1.0	1.0					clipp2_single_switch_path_mixture_v1	5c247107561660669e1e40fa17e9c74b9ce7f23c4cacc5cd6479e760fab68aab	3	0.9966621390239145	0.0033378609760853746	0.0	1.0015540489055044	1.0015540850653595	0.9999999638962532	1.0	0.0033378609760853746	0	0.024679815256361554	3	0.9966621403880556	0.003337859611944502	0.0	1.0015540664444658	1.0015540844323088	0.9999999820400683	1.0	0.003337859611944502	0	0.024679806536460586	1	
exampleTumor1	m139	region2	1	1.0	0.9999999744101855	1.0	2.0	1.0					clipp2_single_switch_path_mixture_v1	5c247107561660669e1e40fa17e9c74b9ce7f23c4cacc5cd6479e760fab68aab	3	0.0	8.15042863696884e-07	0.9999991849571362	1.0000004537752196	1.0000004537752196	1.0	1.0	8.15042863696884e-07	0	1.2806908626972737e-05	3	0.999999184956465	8.150435350077901e-07	0.0	1.0000004281857686	1.0000004537755947	0.9999999744101855	1.0	8.150435350077901e-07	0	1.280691850401483e-05	1	
exampleTumor1	m140	region1	1	1.0	0.9999999820400683	1.0	2.0	1.0					clipp2_single_switch_path_mixture_v1	5c247107561660669e1e40fa17e9c74b9ce7f23c4cacc5cd6479e760fab68aab	1	0.0	0.0	1.0	1.0000000000099698	1.0000000000099698	1.0	1.0	9.969661955203285e-12	0	2.625158176974693e-10	1	1.0	0.0	0.0	0.9999999820500381	1.0000000000099698	0.9999999820400683	1.0	9.969671147335709e-12	0	2.6251604135560016e-10	1	
exampleTumor1	m140	region2	1	0.9999999612844109	0.9999999744101855	1.0	2.0	1.0					clipp2_single_switch_path_mixture_v1	5c247107561660669e1e40fa17e9c74b9ce7f23c4cacc5cd6479e760fab68aab	1	1.0	0.0	0.0	0.9999999620761436	1.0000000007917327	0.9999999612844109	1.0	7.917327377002727e-10	0	1.738391512618258e-08	1	1.0	0.0	0.0	0.9999999752019177	1.0000000007917322	0.9999999744101855	1.0	7.917321192273201e-10	0	1.7383902117309216e-08	1	
exampleTumor1	m141	region1	2	0.4644698450141263	0.4644698459572693	0.43946078886605616	1.0	1.0					clipp2_single_switch_path_mixture_v1	5c247107561660669e1e40fa17e9c74b9ce7f23c4cacc5cd6479e760fab68aab	3	1.0	0.0	0.0	0.46456691575556874	1.0002089925589022	0.4644698450141263	1.0	0.00020899255890228802	0	0.22404642636374508	3	1.0	0.0	0.0	0.46456691669572237	1.0002089925520417	0.4644698459572693	1.0	0.00020899255204165273	0	0.2240464263071387	1	
exampleTumor1	m141	region2	2	0.578339491263255	0.5783395130938829	0.5608789113245486	2.0	1.0					clipp2_single_switch_path_mixture_v1	5c247107561660669e1e40fa17e9c74b9ce7f23c4cacc5cd6479e760fab68aab	3	0.8946052495831819	0.10539475041681817	0.0	0.5955683201950116	1.0297901651054886	0.578339491263255	1.0	0.10539475041681817	0	0.36276884871927595	3	0.8946052639265658	0.1053947360734343	0.0	0.5955683407090807	1.0297901617045506	0.5783395130938829	1.0	0.1053947360734343	0	0.3627688075371678	1	
exampleTumor1	m142	region1	1	0.9999999638950802	0.9999999820400683	1.0	2.0	1.0					clipp2_single_switch_path_mixture_v1	5c247107561660669e1e40fa17e9c74b9ce7f23c4cacc5cd6479e760fab68aab	1	1.0	0.0	0.0	1.0000001764943656	1.000000212599293	0.9999999638950802	1.0	2.1259929311518106e-07	0	3.478944343662582e-06	1	1.0	0.0	0.0	1.0000001946391899	1.0000002125991254	0.9999999820400683	1.0	2.1259912538886291e-07	0	3.478941766600032e-06	1	
exampleTumor1	m142	region2	1	0.9999999612844969	0.9999999744101855	1.0	2.0	1.0					clipp2_single_switch_path_mixture_v1	5c247107561660669e1e40fa17e9c74b9ce7f23c4cacc5cd6479e760fab68aab	1	1.0	0.0	0.0	1.0000013011997428	1.0000013399152978	0.9999999612844969	1.0	1.3399152979600659e-06	0	1.9459460552361877e-05	1	1.0	0.0	0.0	1.000001314324479	1.0000013399143277	0.9999999744101855	1.0	1.3399143278616661e-06	0	1.9459447433800667e-05	1	
exampleTumor1	m143	region1	1	0.9999999638953496	0.9999999820400683	1.0	1.0	1.0					clipp2_single_switch_path_mixture_v1	5c247107561660669e1e40fa17e9c74b9ce7f23c4cacc5cd6479e760fab68aab	3	0.9961905926926824	0.0038094073073176513	0.0	1.0017735976185167	1.0017736337872034	0.9999999638953496	1.0	0.0038094073073176513	0	0.02766209389487147	3	0.9961905940003518	0.0038094059996481335	0.0	1.0017736151889538	1.0017736331807399	0.9999999820400683	1.0	0.0038094059996481335	0	0.027662085709367408	1	
exampleTumor1	m143	region2	1	1.0	0.9999999744101855	1.0	2.0	1.0					clipp2_single_switch_path_mixture_v1	5c247107561660669e1e40fa17e9c74b9ce7f23c4cacc5cd6479e760fab68aab	3	0.0	0.04986759809911991	0.9501324019008801	1.0277637916861928	1.0277637916861928	1.0	1.0	0.04986759809911991	0	0.23269079436810636	3	0.9501323728219011	0.04986762717809895	0.0	1.0277637816480518	1.027763807948337	0.9999999744101855	1.0	0.04986762717809895	0	0.2326909002265455	1	
exampleTumor1	m144	region1	1	1.0	0.9999999820400683	1.0	1.0	1.0					clipp2_single_switch_path_mixture_v1	5c247107561660669e1e40fa17e9c74b9ce7f23c4cacc5cd6479e760fab68aab	3	0.0	0.0006720756248931408	0.9993279243751069	1.0003129137797255	1.0003129137797255	1.0	1.0	0.0006720756248931408	0	0.0060473033758670575	3	0.9993279241478464	0.0006720758521535688	0.0	1.0003128959195695	1.000312913885121	0.9999999820400683	1.0	0.0006720758521535688	0	0.006047305193408326	1	
exampleTumor1	m144	region2	1	0.999999961284699	0.9999999744101855	1.0	2.0	1.0					clipp2_single_switch_path_mixture_v1	5c247107561660669e1e40fa17e9c74b9ce7f23c4cacc5cd6479e760fab68aab	3	0.9999475663468487	5.243365315136537e-05	0.0	1.0000291537268522	1.0000291924432834	0.999999961284699	1.0	5.243365315136537e-05	0	0.0006055606070129834	3	0.9999475663695201	5.2433630479934744e-05	0.0	1.0000291668400605	1.000029192430622	0.9999999744101855	1.0	5.2433630479934744e-05	0	0.0006055603678507852	1	
exampleTumor1	m145	region1	1	0.9999999638957205	0.9999999820400683	1.0	1.0	1.0					clipp2_single_switch_path_mixture_v1	5c247107561660669e1e40fa17e9c74b9ce7f23c4cacc5cd6479e760fab68aab	3	0.9957622454658644	0.004237754534135552	0.0	1.0019730331282524	1.001973069303768	0.9999999638957205	1.0	0.004237754534135552	0	0.030320061729980807	3	0.9957622470375838	0.004237752962416323	0.0	1.0019730505792643	1.0019730685746322	0.9999999820400683	1.0	0.004237752962416323	0	0.03032005205978597	1	
exampleTumor1	m145	region2	1	0.9999999612845263	0.9999999744101855	1.0	2.0	1.0					clipp2_single_switch_path_mixture_v1	5c247107561660669e1e40fa17e9c74b9ce7f23c4cacc5cd6479e760fab68aab	3	0.9999039886575466	9.601134245342154e-05	0.0	1.0000534156099865	1.0000534543275297	0.9999999612845263	1.0	9.601134245342154e-05	0	0.0010507618994787479	3	0.9999039886970335	9.601130296660294e-05	0.0	1.0000534287142915	1.0000534543054738	0.9999999744101855	1.0	9.601130296660294e-05	0	0.001050761506818014	1	
exampleTumor1	m146	region1	1	0.9999999638997986	0.9999999820400683	1.0	1.0	1.0					clipp2_single_switch_path_mixture_v1	5c247107561660669e1e40fa17e9c74b9ce7f23c4cacc5cd6479e760fab68aab	2	0.21779682221978056	0.7822031777802194	0.0	1.3641883592496795	1.3641884084971558	1.4655930368716437	1.4655930897798493	0.7822031777802194	1	1.0662872232837488	2	0.2177968780205882	0.7822031219794119	0.0	1.3641883585041665	1.3641883830048966	1.4655930731521831	1.465593099474135	0.7822031219794119	1	1.0662872559497965	1	
exampleTumor1	m146	region2	1	0.9999999612855186	0.9999999744101855	1.0	2.0	1.0					clipp2_single_switch_path_mixture_v1	5c247107561660669e1e40fa17e9c74b9ce7f23c4cacc5cd6479e760fab68aab	2	0.035789367554445735	0.9642106324455543	0.0	1.5368243368423458	1.5368243963397052	1.5567500905178853	1.5567501507866601	0.9642106324455543	1	0.8226633607235319	2	0.035789376397710716	0.9642106236022893	0.0	1.5368243513709952	1.5368243906980463	1.556750103642552	1.5567501434794992	0.9642106236022893	1	0.8226633837205451	1	
exampleTumor1	m147	region1	2	0.4644698416754414	0.4644698459572693	0.43946078886605616	1.0	1.0					clipp2_single_switch_path_mixture_v1	5c247107561660669e1e40fa17e9c74b9ce7f23c4cacc5cd6479e760fab68aab	3	0.9920764165272958	0.007923583472704249	0.0	0.46597371620879796	1.0032378303140883	0.4644698416754414	1.0	0.007923583472704249	0	0.4179487090949129	3	0.992076416829479	0.007923583170521019	0.0	0.4659737204332723	1.0032378301607578	0.4644698459572693	1.0	0.007923583170521019	0	0.4179487077486066	1	
exampleTumor1	m147	region2	2	0.5783395106266414	0.5783395130938829	0.5608789113245486	1.0	1.0					clipp2_single_switch_path_mixture_v1	5c247107561660669e1e40fa17e9c74b9ce7f23c4cacc5cd6479e760fab68aab	3	0.9983144228999666	0.0016855771000333847	0.0	0.57888014073974	1.0009347971272322	0.5783395106266414	1.0	0.0016855771000333847	0	0.3079229884198343	3	0.9983144229630189	0.0016855770369811473	0.0	0.5788801431867582	1.0009347970882763	0.5783395130938829	1.0	0.0016855770369811473	0	0.3079229880359732	1	
exampleTumor1	m148	region1	1	1.0	0.9999999820400683	1.0	1.0	1.0					clipp2_single_switch_path_mixture_v1	5c247107561660669e1e40fa17e9c74b9ce7f23c4cacc5cd6479e760fab68aab	3	0.0	0.00020714331159926925	0.9997928566884007	1.000096444498471	1.000096444498471	1.0	1.0	0.00020714331159926925	0	0.002107712874898622	3	0.9997928566094435	0.000207143390556523	0.0	1.000096426573441	1.0000964445351048	0.9999999820400683	1.0	0.000207143390556523	0	0.002107713599334461	1	
exampleTumor1	m148	region2	1	0.9999999612843907	0.9999999744101855	1.0	2.0	1.0					clipp2_single_switch_path_mixture_v1	5c247107561660669e1e40fa17e9c74b9ce7f23c4cacc5cd6479e760fab68aab	3	0.933445178917104	0.06655482108289612	0.0	1.0370543652349749	1.037054405385168	0.9999999612843907	1.0	0.06655482108289612	0	0.2907670458987949	3	0.933445194102461	0.06655480589753901	0.0	1.0370543703431128	1.0370543968811423	0.9999999744101855	1.0	0.06655480589753901	0	0.2907669952707609	1	
exampleTumor1	m149	region1	2	0.4644698697903625	0.4644698459572693	0.43946078886605616	1.0	1.0					clipp2_single_switch_path_mixture_v1	5c247107561660669e1e40fa17e9c74b9ce7f23c4cacc5cd6479e760fab68aab	3	1.0	0.0	0.0	0.46449549854575795	1.0000551785100873	0.4644698697903625	1.0	5.517851008733521e-05	0	0.22269698031405655	3	1.0	0.0	0.0	0.46449547473030184	1.000055178550891	0.4644698459572693	1.0	5.517855089102377e-05	0	0.22269698070506883	1	
exampleTumor1	m149	region2	2	0.5783395055003757	0.5783395130938829	0.5608789113245486	2.0	1.0					clipp2_single_switch_path_mixture_v1	5c247107561660669e1e40fa17e9c74b9ce7f23c4cacc5cd6479e760fab68aab	3	0.9558207816525667	0.04417921834743323	0.0	0.5844495156148767	1.0105647462370992	0.5783395055003757	1.0	0.04417921834743323	0	0.18298180666302805	3	0.955820785172754	0.044179214827246016	0.0	0.5844495230426172	1.0105647458117608	0.5783395130938829	1.0	0.044179214827246016	0	0.1829817955466181	1	
exampleTumor1	m150	region1	2	0.46446985893323933	0.4644698459572693	0.43946078886605616	2.0	1.0					clipp2_single_switch_path_mixture_v1	5c247107561660669e1e40fa17e9c74b9ce7f23c4cacc5cd6479e760fab68aab	1	1.0	0.0	0.0	0.46450677063999973	1.0000794706180616	0.46446985893323933	1.0	7.947061806152279e-05	0	0.0008296798845750223	1	1.0	0.0	0.0	0.46450675767768157	1.000079470649674	0.4644698459572693	1.0	7.947064967418723e-05	0	0.0008296801829999984	1	
exampleTumor1	m150	region2	2	0.5783395276840421	0.5783395130938829	0.5608789113245486	2.0	1.0					clipp2_single_switch_path_mixture_v1	5c247107561660669e1e40fa17e9c74b9ce7f23c4cacc5cd6479e760fab68aab	1	1.0	0.0	0.0	0.5783405837341169	1.0000018260036263	0.5783395276840421	1.0	1.8260036263769576e-06	0	2.5953683198190963e-05	1	1.0	0.0	0.0	0.5783405691445479	1.000001826004693	0.5783395130938829	1.0	1.8260046929923057e-06	0	2.5953697291648342e-05	1	
exampleTumor1	m151	region1	3	0.20466101811457912	0.20466086196598293	0.18776779171076713	1.0	1.0					clipp2_single_switch_path_mixture_v1	5c247107561660669e1e40fa17e9c74b9ce7f23c4cacc5cd6479e760fab68aab	3	1.0	0.0	0.0	0.2047847493281796	1.000604566588891	0.20466101811457912	1.0	0.0006045665888908534	0	0.22706358128618837	3	1.0	0.0	0.0	0.2047845936238654	1.000604569220973	0.20466086196598293	1.0	0.0006045692209730337	0	0.22706360020632865	1	
exampleTumor1	m151	region2	3	0.26801967686165107	0.26801886587083323	0.2487078336611672	2.0	1.0					clipp2_single_switch_path_mixture_v1	5c247107561660669e1e40fa17e9c74b9ce7f23c4cacc5cd6479e760fab68aab	2	1.0	0.0	0.0	0.5006118123197624	1.8678173863263514	0.5360393537233021	2.0	0.8678173863263514	1	0.41474715863026246	2	1.0	0.0	0.0	0.5006111617117912	1.867820610632132	0.5360377317416665	2.0	0.8678206106321319	1	0.4147405000010175	1	
exampleTumor1	m152	region1	1	0.9999999638995346	0.9999999820400683	1.0	1.0	1.0					clipp2_single_switch_path_mixture_v1	5c247107561660669e1e40fa17e9c74b9ce7f23c4cacc5cd6479e760fab68aab	1	0.13006110502431278	0.8699388949756873	0.0	1.4050375030113664	1.405037553733876	1.4655930729715811	1.465593125880175	0.8699388949756873	1	0.9894985402272177	1	0.1300611377827967	0.8699388622172034	0.0	1.4050375137903535	1.4050375390247316	1.4655930911121149	1.465593117434067	0.8699388622172034	1	0.9894985797755944	1	
exampleTumor1	m152	region2	1	1.0	0.9999999744101855	1.0	2.0	1.0					clipp2_single_switch_path_mixture_v1	5c247107561660669e1e40fa17e9c74b9ce7f23c4cacc5cd6479e760fab68aab	1	0.0	0.9998640994623443	0.00013590053765562155	1.556674466590464	1.556674466590464	1.5567501292323664	1.5567501292323664	0.9998640994623443	1	0.6943988750866833	2	0.00013590045518910974	0.9998640995448109	0.0	1.5566744282533957	1.5566744680884066	1.556750103642552	1.5567501434794992	0.9998640995448109	1	0.6943988744096032	1	
exampleTumor1	m153	region1	1	1.0	0.9999999820400683	1.0	1.0	1.0					clipp2_single_switch_path_mixture_v1	5c247107561660669e1e40fa17e9c74b9ce7f23c4cacc5cd6479e760fab68aab	3	0.0	0.1974534394414099	0.8025465605585901	1.0919329607664952	1.0919329607664952	1.0	1.0	0.1974534394414099	0	0.6337161053453323	3	0.8025465167543939	0.19745348324560616	0.0	1.0919329614283697	1.0919329810394114	0.9999999820400683	1.0	0.19745348324560616	0	0.633716197134139	1	
exampleTumor1	m153	region2	1	0.9999999612863557	0.9999999744101855	1.0	2.0	1.0					clipp2_single_switch_path_mixture_v1	5c247107561660669e1e40fa17e9c74b9ce7f23c4cacc5cd6479e760fab68aab	2	0.01103270327761115	0.9889672967223888	0.0	1.550607612399866	1.55060767242954	1.5567500905187224	1.556750150786194	0.9889672967223888	1	0.7461947067637094	2	0.011032706918319613	0.9889672930816804	0.0	1.5506076299862501	1.5506076696660127	1.556750103642552	1.5567501434794992	0.9889672930816804	1	0.7461947206080495	1	
exampleTumor1	m154	region1	1	0.9999999638952867	0.9999999820400683	1.0	2.0	1.0					clipp2_single_switch_path_mixture_v1	5c247107561660669e1e40fa17e9c74b9ce7f23c4cacc5cd6479e760fab68aab	1	1.0	0.0	0.0	1.0000023295698324	1.000002365674631	0.9999999638952867	1.0	2.3656746311763595e-06	0	3.3011679219727763e-05	1	1.0	0.0	0.0	1.0000023477128581	1.0000023656728323	0.9999999820400683	1.0	2.3656728323037043e-06	0	3.301165591630858e-05	1	
exampleTumor1	m154	region2	1	0.9999999612840864	0.9999999744101855	1.0	2.0	1.0					clipp2_single_switch_path_mixture_v1	5c247107561660669e1e40fa17e9c74b9ce7f23c4cacc5cd6479e760fab68aab	1	1.0	0.0	0.0	1.0000001371607223	1.0000001758766428	0.9999999612840864	1.0	1.7587664256724312e-07	0	2.911370994133674e-06	1	1.0	0.0	0.0	1.0000001502867182	1.0000001758765371	0.9999999744101855	1.0	1.7587653701008713e-07	0	2.9113693524382e-06	1	
exampleTumor1	m155	region1	1	0.9999999638962797	0.9999999820400683	1.0	1.0	1.0					clipp2_single_switch_path_mixture_v1	5c247107561660669e1e40fa17e9c74b9ce7f23c4cacc5cd6479e760fab68aab	3	0.9876786226236619	0.01232137737633801	0.0	1.005736712074555	1.0057367483853934	0.9999999638962797	1.0	0.01232137737633801	0	0.07495562759381433	3	0.9876786269144696	0.012321373085530364	0.0	1.0057367283323515	1.0057367463953146	0.9999999820400683	1.0	0.012321373085530364	0	0.07495560580865902	1	
exampleTumor1	m155	region2	1	0.9999999595179342	0.9999999744101855	1.0	2.0	1.0					clipp2_single_switch_path_mixture_v1	5c247107561660669e1e40fa17e9c74b9ce7f23c4cacc5cd6479e760fab68aab	3	0.9999533964883213	4.66035116787557e-05	0.0	1.0000259060281407	1.0000259465112569	0.9999999595179342	1.0	4.66035116787557e-05	0	0.0005437212385837814	3	0.9999533965088773	4.660349112278453e-05	0.0	1.0000259209092945	1.000025946499773	0.9999999744101855	1.0	4.660349112278453e-05	0	0.0005437210193145362	1	
exampleTumor1	m156	region1	1	0.99999996389747	0.9999999820400683	1.0	1.0	1.0					clipp2_single_switch_path_mixture_v1	5c247107561660669e1e40fa17e9c74b9ce7f23c4cacc5cd6479e760fab68aab	3	0.43428521436159684	0.5657147856384033	0.0	1.2633928595790127	1.263392905190693	0.99999996389747	1.0	0.5657147856384033	1	1.0766088845585138	3	0.43428527906953956	0.5657147209304605	0.0	1.2633928527258078	1.2633928754162576	0.9999999820400683	1.0	0.5657147209304605	1	1.076608856814416	1	
exampleTumor1	m156	region2	1	0.9999999612856852	0.9999999744101855	1.0	2.0	1.0					clipp2_single_switch_path_mixture_v1	5c247107561660669e1e40fa17e9c74b9ce7f23c4cacc5cd6479e760fab68aab	1	0.1392125267700604	0.8607874732299396	0.0	1.479243481585657	1.479243538853557	1.5567500518037367	1.5567501120722504	0.8607874732299396	1	1.000183823662532	1	0.13921256315244743	0.8607874368475525	0.0	1.4792434801029621	1.4792435179565293	1.5567500780527375	1.556750117889684	0.8607874368475525	1	1.0001838647272807	1	
exampleTumor1	m157	region1	1	0.9999999638957947	0.9999999820400683	1.0	1.0	1.0					clipp2_single_switch_path_mixture_v1	5c247107561660669e1e40fa17e9c74b9ce7f23c4cacc5cd6479e760fab68aab	3	0.998497715653403	0.0015022843465970319	0.0	1.0006994171083177	1.0006994532377762	0.9999999638957947	1.0	0.0015022843465970319	0	0.012308462166820265	3	0.9984977162558493	0.0015022837441507043	0.0	1.0006994349857252	1.000699452958219	0.9999999820400683	1.0	0.0015022837441507043	0	0.01230845783377789	1	
exampleTumor1	m157	region2	1	0.9999999612842313	0.9999999744101855	1.0	2.0	1.0					clipp2_single_switch_path_mixture_v1	5c247107561660669e1e40fa17e9c74b9ce7f23c4cacc5cd6479e760fab68aab	3	0.999899621879895	0.00010037812010507392	0.0	1.000055846813629	1.0000558855315613	0.9999999612842313	1.0	0.00010037812010507392	0	0.001094087710980676	3	0.9998996219146329	0.00010037808536700849	0.0	1.0000558599209013	1.000055885512146	0.9999999744101855	1.0	0.00010037808536700849	0	0.0010940873670874525	1	
exampleTumor1	m158	region1	1	0.9999999638972534	0.9999999820400683	1.0	1.0	1.0					clipp2_single_switch_path_mixture_v1	5c247107561660669e1e40fa17e9c74b9ce7f23c4cacc5cd6479e760fab68aab	3	0.4430666876681936	0.5569333123318065	0.0	1.2593042662782012	1.2593043117425458	0.9999999638972534	1.0	0.5569333123318065	1	1.0726870495777485	3	0.44306675036724114	0.5569332496327588	0.0	1.259304260280941	1.25930428289796	0.9999999820400683	1.0	0.5569332496327588	1	1.0726870204589254	1	
exampleTumor1	m158	region2	1	0.9999999612844376	0.9999999744101855	1.0	2.0	1.0					clipp2_single_switch_path_mixture_v1	5c247107561660669e1e40fa17e9c74b9ce7f23c4cacc5cd6479e760fab68aab	3	0.9894070860954138	0.010592913904586176	0.0	1.005897567264708	1.0058976062085996	0.9999999612844376	1.0	0.010592913904586176	0	0.06605107573359059	3	0.9894070894337157	0.010592910566284374	0.0	1.005897578601376	1.005897604342109	0.9999999744101855	1.0	0.010592910566284374	0	0.06605105827404553	1	
exampleTumor1	m159	region1	1	1.0	0.9999999820400683	1.0	1.0	1.0					clipp2_single_switch_path_mixture_v1	5c247107561660669e1e40fa17e9c74b9ce7f23c4cacc5cd6479e760fab68aab	2	0.0	0.9673519269099761	0.032648073090023995	1.450392391216851	1.450392391216851	1.4655931090720464	1.4655931090720464	0.9673519269099761	1	0.8143471974718293	1	0.032648065985772336	0.9673519340142277	0.0	1.4503923678778228	1.450392393926771	1.4655930911121149	1.465593117434067	0.9673519340142277	1	0.8143471783213984	1	
exampleTumor1	m159	region2	1	0.9999999612865694	0.9999999744101855	1.0	2.0	1.0					clipp2_single_switch_path_mixture_v1	5c247107561660669e1e40fa17e9c74b9ce7f23c4cacc5cd6479e760fab68aab	2	0.004149837199800389	0.9958501628001997	0.0	1.5544396488452663	1.55443970902296	1.556750090518936	1.5567501507860748	0.9958501628001997	1	0.7171725020109834	2	0.0041498386505364115	0.9958501613494637	0.0	1.5544396676957621	1.5544397074735858	1.556750103642552	1.5567501434794992	0.9958501613494637	1	0.7171725089562088	1	
exampleTumor1	m160	region1	1	1.0	0.9999999820400683	1.0	1.0	1.0					clipp2_single_switch_path_mixture_v1	5c247107561660669e1e40fa17e9c74b9ce7f23c4cacc5cd6479e760fab68aab	3	0.0	0.0010957526722238503	0.9989042473277762	1.0005101748934346	1.0005101748934346	1.0	1.0	0.0010957526722238503	0	0.009323664030311884	3	0.9989042469276589	0.0010957530723410896	0.0	1.000510157109955	1.0005101750790495	0.9999999820400683	1.0	0.0010957530723410896	0	0.009323667034537951	1	
exampleTumor1	m160	region2	1	0.9999999612847535	0.9999999744101855	1.0	2.0	1.0					clipp2_single_switch_path_mixture_v1	5c247107561660669e1e40fa17e9c74b9ce7f23c4cacc5cd6479e760fab68aab	3	0.999785487466928	0.00021451253307197662	0.0	1.0001193911611108	1.000119429880981	0.9999999612847535	1.0	0.00021451253307197662	0	0.0021751961928480118	3	0.9997854875576582	0.00021451244234177972	0.0	1.0001194042374366	1.0001194298303073	0.9999999744101855	1.0	0.00021451244234177972	0	0.002175195363567191	1	
exampleTumor1	m161	region1	1	1.0	0.9999999820400683	1.0	1.0	1.0					clipp2_single_switch_path_mixture_v1	5c247107561660669e1e40fa17e9c74b9ce7f23c4cacc5cd6479e760fab68aab	3	0.0	0.0013500593374466618	0.9986499406625533	1.0006285783243536	1.0006285783243536	1.0	1.0	0.0013500593374466618	0	0.011205598589472935	3	0.9986499401637831	0.0013500598362169791	0.0	1.0006285605845224	1.0006285785557434	0.9999999820400683	1.0	0.0013500598362169791	0	0.011205602230198279	1	
exampleTumor1	m161	region2	1	0.999999961286078	0.9999999744101855	1.0	2.0	1.0					clipp2_single_switch_path_mixture_v1	5c247107561660669e1e40fa17e9c74b9ce7f23c4cacc5cd6479e760fab68aab	1	0.23974952140425115	0.7602504785957489	0.0	1.4232694987770895	1.423269553877436	1.5567500518045223	1.5567501120724248	0.7602504785957489	1	1.0777565102756497	1	0.23974958751258413	0.7602504124874159	0.0	1.4232694800841799	1.4232695165053828	1.5567500780527375	1.556750117889684	0.7602504124874159	1	1.077756540745371	1	
exampleTumor1	m162	region1	2	0.46446983267861913	0.4644698459572693	0.43946078886605616	1.0	1.0					clipp2_single_switch_path_mixture_v1	5c247107561660669e1e40fa17e9c74b9ce7f23c4cacc5cd6479e760fab68aab	3	1.0	0.0	0.0	0.464687984180395	1.0004696785160787	0.46446983267861913	1.0	0.0004696785160787871	0	0.22607764736602945	3	0.9999999999999999	0.0	0.0	0.4646879973601006	1.0004696782896243	0.4644698459572693	1.0	0.00046967828962441507	0	0.22607764568100983	1	
exampleTumor1	m162	region2	2	0.5783394795271658	0.5783395130938829	0.5608789113245486	2.0	1.0					clipp2_single_switch_path_mixture_v1	5c247107561660669e1e40fa17e9c74b9ce7f23c4cacc5cd6479e760fab68aab	3	0.8934565173000661	0.10654348269993388	0.0	0.5943758871439445	1.0277283640222687	0.5783394795271658	1.0	0.10654348269993388	0	0.35594670188399113	3	0.8934565425785248	0.1065434574214752	0.0	0.5943759192616773	1.0277283599074982	0.5783395130938829	1.0	0.1065434574214752	0	0.3559466357084868	1	
exampleTumor1	m163	region1	2	0.4644698476104483	0.4644698459572693	0.43946078886605616	2.0	1.0					clipp2_single_switch_path_mixture_v1	5c247107561660669e1e40fa17e9c74b9ce7f23c4cacc5cd6479e760fab68aab	1	1.0	0.0	0.0	0.46486628607835845	1.0008535289641507	0.4644698476104483	1.0	0.0008535289641506079	0	0.006884312146376748	1	1.0	0.0	0.0	0.4648662844421886	1.0008535290038092	0.4644698459572693	1.0	0.0008535290038089553	0	0.0068843124265738935	1	
exampleTumor1	m163	region2	2	0.5783395210026407	0.5783395130938829	0.5608789113245486	2.0	1.0					clipp2_single_switch_path_mixture_v1	5c247107561660669e1e40fa17e9c74b9ce7f23c4cacc5cd6479e760fab68aab	1	1.0	0.0	0.0	0.5785274219115547	1.0003248972309349	0.5783395210026407	1.0	0.000324897230934759	0	0.0029344195372104157	1	1.0	0.0	0.0	0.5785274140493597	1.0003248973158891	0.5783395130938829	1.0	0.00032489731588914594	0	0.002934420219536675	1	
exampleTumor1	m164	region1	1	1.0	0.9999999820400683	1.0	1.0	1.0					clipp2_single_switch_path_mixture_v1	5c247107561660669e1e40fa17e9c74b9ce7f23c4cacc5cd6479e760fab68aab	3	0.0	0.3087334606195173	0.6912665393804828	1.1437441718044132	1.1437441718044132	1.0	1.0	0.3087334606195173	0	0.8320812570748424	3	0.6912664686953118	0.3087335313046882	0.0	1.1437441839825935	1.1437442045241613	0.9999999820400683	1.0	0.3087335313046882	0	0.8320813630456388	1	
exampleTumor1	m164	region2	1	0.9999999612845079	0.9999999744101855	1.0	2.0	1.0					clipp2_single_switch_path_mixture_v1	5c247107561660669e1e40fa17e9c74b9ce7f23c4cacc5cd6479e760fab68aab	3	0.9998408519409944	0.00015914805900565563	0.0	1.0000885669838457	1.0000886057027683	0.9999999612845079	1.0	0.00015914805900565563	0	0.0016613057191562511	3	0.9998408520004729	0.0001591479995271763	0.0	1.000088580077453	1.0000886056695348	0.9999999744101855	1.0	0.0001591479995271763	0	0.0016613051577588338	1	
exampleTumor1	m165	region1	2	0.46446985438727223	0.4644698459572693	0.43946078886605616	2.0	1.0					clipp2_single_switch_path_mixture_v1	5c247107561660669e1e40fa17e9c74b9ce7f23c4cacc5cd6479e760fab68aab	1	1.0	0.0	0.0	0.4653420864003379	1.0018779087702394	0.46446985438727223	1.0	0.0018779087702394555	0	0.01366489787593865	1	1.0	0.0	0.0	0.4653420781331167	1.0018779091547907	0.4644698459572693	1.0	0.001877909154790515	0	0.013664900289272155	1	
exampleTumor1	m165	region2	2	0.5783395406764653	0.5783395130938829	0.5608789113245486	2.0	1.0					clipp2_single_switch_path_mixture_v1	5c247107561660669e1e40fa17e9c74b9ce7f23c4cacc5cd6479e760fab68aab	1	1.0	0.0	0.0	0.5783395591231085	1.0000000318958706	0.5783395406764653	1.0	3.189587066308102e-08	0	5.824437725787291e-07	1	1.0	0.0	0.0	0.5783395315405463	1.0000000318959072	0.5783395130938829	1.0	3.189590703382922e-08	0	5.82444400411095e-07	1	
exampleTumor1	m166	region1	1	1.0	0.9999999820400683	1.0	1.0	1.0					clipp2_single_switch_path_mixture_v1	5c247107561660669e1e40fa17e9c74b9ce7f23c4cacc5cd6479e760fab68aab	3	0.0	0.46293882727395536	0.5370611727260447	1.2155411279006483	1.2155411279006483	1.0	1.0	0.46293882727395536	0	1.011282341416424	3	0.5370610974511925	0.46293890254880754	0.0	1.215541140830993	1.2155411626620294	0.9999999820400683	1.0	0.46293890254880754	0	1.0112824047725655	1	
exampleTumor1	m166	region2	1	0.9999999612855008	0.9999999744101855	1.0	2.0	1.0					clipp2_single_switch_path_mixture_v1	5c247107561660669e1e40fa17e9c74b9ce7f23c4cacc5cd6479e760fab68aab	3	0.39822552549175566	0.6017744745082443	0.0	1.3350379660880054	1.3350380177733336	0.9999999612855008	1.0	0.6017744745082443	1	1.089403896682848	3	0.3982256004919625	0.6017743995080376	0.0	1.335037941405367	1.3350379755687412	0.9999999744101855	1.0	0.6017743995080376	1	1.0894038756615607	1	
exampleTumor1	m167	region1	1	1.0	0.9999999820400683	1.0	1.0	1.0					clipp2_single_switch_path_mixture_v1	5c247107561660669e1e40fa17e9c74b9ce7f23c4cacc5cd6479e760fab68aab	2	0.0	0.9810037537355216	0.01899624626447828	1.4567485877130697	1.4567485877130697	1.4655931090720464	1.4655931090720464	0.9810037537355216	1	0.774086535952896	1	0.018996242170051855	0.9810037578299482	0.0	1.4567485628500954	1.4567485890132004	1.4655930911121149	1.465593117434067	0.9810037578299482	1	0.7740865226411452	1	
exampleTumor1	m167	region2	1	1.0	0.9999999744101855	1.0	2.0	1.0					clipp2_single_switch_path_mixture_v1	5c247107561660669e1e40fa17e9c74b9ce7f23c4cacc5cd6479e760fab68aab	3	0.0	0.1767900767856892	0.8232099232143107	1.0984278980974325	1.0984278980974325	1.0	1.0	0.1767900767856892	0	0.5890326037759728	3	0.8232098365490265	0.17679016345097354	0.0	1.0984279184965122	1.0984279466050797	0.9999999744101855	1.0	0.17679016345097354	0	0.5890327971604628	1	
exampleTumor1	m168	region1	1	0.9999999638954769	0.9999999820400683	1.0	1.0	1.0					clipp2_single_switch_path_mixture_v1	5c247107561660669e1e40fa17e9c74b9ce7f23c4cacc5cd6479e760fab68aab	3	0.9980226038196695	0.0019773961803305823	0.0	1.0009206258952477	1.0009206620330109	0.9999999638954769	1.0	0.0019773961803305823	0	0.015657284348466947	3	0.9980226045564118	0.001977395443588238	0.0	1.0009206437147566	1.0009206616912234	0.9999999820400683	1.0	0.001977395443588238	0	0.015657279252315325	1	
exampleTumor1	m168	region2	1	0.9999999612847529	0.9999999744101855	1.0	2.0	1.0					clipp2_single_switch_path_mixture_v1	5c247107561660669e1e40fa17e9c74b9ce7f23c4cacc5cd6479e760fab68aab	3	0.9972430100342444	0.002756989965755632	0.0	1.0015349157511109	1.0015349545257841	0.9999999612847529	1.0	0.002756989965755632	0	0.020912825378445424	3	0.9972430111601163	0.0027569888398837564	0.0	1.0015349282678074	1.0015349538969012	0.9999999744101855	1.0	0.0027569888398837564	0	0.02091281796570244	1	
exampleTumor1	m169	region1	2	0.4644698682036819	0.4644698459572693	0.43946078886605616	1.0	1.0					clipp2_single_switch_path_mixture_v1	5c247107561660669e1e40fa17e9c74b9ce7f23c4cacc5cd6479e760fab68aab	3	1.0	0.0	0.0	0.46447282083826774	1.0000063569992113	0.4644698682036819	1.0	6.3569992112668044e-06	0	0.22219404994563638	3	1.0	0.0	0.0	0.46447279859412477	1.0000063570044022	0.4644698459572693	1.0	6.357004402138458e-06	0	0.22219405000659703	1	
exampleTumor1	m169	region2	2	0.5783395125168045	0.5783395130938829	0.5608789113245486	2.0	1.0					clipp2_single_switch_path_mixture_v1	5c247107561660669e1e40fa17e9c74b9ce7f23c4cacc5cd6479e760fab68aab	3	0.981817435161307	0.01818256483869285	0.0	0.5808000489259812	1.0042544843572403	0.5783395125168045	1.0	0.01818256483869285	0	0.0909649294080141	3	0.9818174353356205	0.0181825646643794	0.0	0.5808000494899475	1.004254484330323	0.5783395130938829	1.0	0.0181825646643794	0	0.09096492871168073	1	
exampleTumor1	m170	region1	3	0.20466077841185443	0.20466086196598293	0.18776779171076713	1.0	1.0					clipp2_single_switch_path_mixture_v1	5c247107561660669e1e40fa17e9c74b9ce7f23c4cacc5cd6479e760fab68aab	3	0.952149413347031	0.04785058665296906	0.0	0.21374268925705053	1.0443754339041937	0.20466077841185443	1.0	0.04785058665296906	0	0.5488997989862694	3	0.9521494822427379	0.04785051775726216	0.0	0.21374275973496176	1.0443753518955097	0.20466086196598293	1.0	0.04785051775726216	0	0.5488996187587212	1	
exampleTumor1	m170	region2	3	0.2680187372924937	0.26801886587083323	0.2487078336611672	1.0	1.0					clipp2_single_switch_path_mixture_v1	5c247107561660669e1e40fa17e9c74b9ce7f23c4cacc5cd6479e760fab68aab	3	1.0	0.0	0.0	0.2696419557390186	1.0060563618160527	0.2680187372924937	1.0	0.006056361816052584	0	0.3311473731651065	3	1.0	0.0	0.0	0.2696420778142705	1.0060563346470526	0.26801886587083323	1.0	0.006056334647052703	0	0.33114724262894923	1	
exampleTumor1	m171	region1	1	0.9999999638956105	0.9999999820400683	1.0	1.0	1.0					clipp2_single_switch_path_mixture_v1	5c247107561660669e1e40fa17e9c74b9ce7f23c4cacc5cd6479e760fab68aab	3	0.9975641807321793	0.0024358192678207596	0.0	1.001134064517681	1.0011341006630163	0.9999999638956105	1.0	0.0024358192678207596	0	0.018778706049671863	3	0.9975641816500732	0.0024358183499267353	0.0	1.001134082256872	1.0011341002371719	0.9999999820400683	1.0	0.0024358183499267353	0	0.0187786998922731	1	
exampleTumor1	m171	region2	1	0.9999999612845536	0.9999999744101855	1.0	2.0	1.0					clipp2_single_switch_path_mixture_v1	5c247107561660669e1e40fa17e9c74b9ce7f23c4cacc5cd6479e760fab68aab	3	0.9998058057473047	0.00019419425269527667	0.0	1.0001080789560788	1.000108117675711	0.9999999612845536	1.0	0.00019419425269527667	0	0.001988491214495251	3	0.9998058058262554	0.00019419417374457598	0.0	1.0001080920390293	1.0001081176316104	0.9999999744101855	1.0	0.00019419417374457598	0	0.001988490485021955	1	
exampleTumor1	m172	region1	1	1.0	0.9999999820400683	1.0	1.0	1.0					clipp2_single_switch_path_mixture_v1	5c247107561660669e1e40fa17e9c74b9ce7f23c4cacc5cd6479e760fab68aab	3	0.0	4.354911380113048e-05	0.9999564508861989	1.000020276167292	1.000020276167292	1.0	1.0	4.354911380113048e-05	0	0.0005110378155270482	3	0.999956450867711	4.354913228907124e-05	0.0	1.0000202582155773	1.0000202761758732	0.9999999820400683	1.0	4.354913228907124e-05	0	0.0005110380139899373	1	
exampleTumor1	m172	region2	1	0.9999999612852518	0.9999999744101855	1.0	2.0	1.0					clipp2_single_switch_path_mixture_v1	5c247107561660669e1e40fa17e9c74b9ce7f23c4cacc5cd6479e760fab68aab	1	0.30602556127437275	0.6939744387256274	0.0	1.3863703062961803	1.3863703599691597	1.5567500518028698	1.5567501120720584	0.6939744387256274	1	1.0969100530296736	1	0.3060256162858772	0.6939743837141228	0.0	1.3863702933476372	1.3863703288245968	1.5567500780527375	1.556750117889684	0.6939743837141228	1	1.0969100599401747	1	
exampleTumor1	m173	region1	1	0.9999999638953049	0.9999999820400683	1.0	1.0	1.0					clipp2_single_switch_path_mixture_v1	5c247107561660669e1e40fa17e9c74b9ce7f23c4cacc5cd6479e760fab68aab	3	0.9924097505874254	0.007590249412574588	0.0	1.003533931580916	1.003533967813204	0.9999999638953049	1.0	0.007590249412574588	0	0.049869709026045726	3	0.9924097530366291	0.007590246963370803	0.0	1.0035339486542085	1.00353396667761	0.9999999820400683	1.0	0.007590246963370803	0	0.04986969539275151	1	
exampleTumor1	m173	region2	1	1.0	0.9999999744101855	1.0	2.0	1.0					clipp2_single_switch_path_mixture_v1	5c247107561660669e1e40fa17e9c74b9ce7f23c4cacc5cd6479e760fab68aab	3	0.0	0.011185654076293934	0.9888143459237061	1.0062276143525253	1.0062276143525253	1.0	1.0	0.011185654076293934	0	0.06913468658820804	3	0.9888143372949573	0.011185662705042766	0.0	1.0062275934236482	1.0062276191728263	0.9999999744101855	1.0	0.011185662705042766	0	0.06913473124216696	1	
exampleTumor1	m174	region1	1	1.0	0.9999999820400683	1.0	1.0	1.0					clipp2_single_switch_path_mixture_v1	5c247107561660669e1e40fa17e9c74b9ce7f23c4cacc5cd6479e760fab68aab	1	0.0	0.9769193541730995	0.023080645826900493	1.4548469194221092	1.4548469194221092	1.4655931090720467	1.4655931090720467	0.9769193541730995	1	0.7869465449951318	1	0.023080638680406235	0.9769193613195938	0.0	1.4548468960168337	1.454846922145785	1.4655930911121149	1.465593117434067	0.9769193613195938	1	0.7869465231821537	1	
exampleTumor1	m174	region2	1	0.9999999612859669	0.9999999744101855	1.0	2.0	1.0					clipp2_single_switch_path_mixture_v1	5c247107561660669e1e40fa17e9c74b9ce7f23c4cacc5cd6479e760fab68aab	1	0.2114155067140995	0.7885844932859005	0.0	1.4390444645688878	1.439044520280105	1.5567500518043003	1.5567501120723757	0.7885844932859005	1	1.0624312007605647	1	0.2114155635856925	0.7885844364143075	0.0	1.4390444512046188	1.4390444880295004	1.5567500780527375	1.556750117889684	0.7885844364143075	1	1.0624312362067412	1	
exampleTumor1	m175	region1	2	0.4644698479150689	0.4644698459572693	0.43946078886605616	2.0	1.0					clipp2_single_switch_path_mixture_v1	5c247107561660669e1e40fa17e9c74b9ce7f23c4cacc5cd6479e760fab68aab	1	1.0	0.0	0.0	0.46520463910366044	1.0015819997614268	0.4644698479150689	1.0	0.0015819997614267742	0	0.011783167917441262	1	1.0	0.0	0.0	0.4652046371808967	1.001581999843527	0.4644698459572693	1.0	0.0015819998435268818	0	0.011783168446780137	1	
exampleTumor1	m175	region2	2	0.5783395223864154	0.5783395130938829	0.5608789113245486	2.0	1.0					clipp2_single_switch_path_mixture_v1	5c247107561660669e1e40fa17e9c74b9ce7f23c4cacc5cd6479e760fab68aab	1	1.0	0.0	0.0	0.5783437465644319	1.0000073039760435	0.5783395223864154	1.0	7.303976043373311e-06	0	9.368874376942467e-05	1	1.0	0.0	0.0	0.578343737273403	1.0000073039787607	0.5783395130938829	1.0	7.303978760670819e-06	0	9.368877590710444e-05	1	
exampleTumor1	m176	region1	2	0.46446980857359754	0.4644698459572693	0.43946078886605616	1.0	1.0					clipp2_single_switch_path_mixture_v1	5c247107561660669e1e40fa17e9c74b9ce7f23c4cacc5cd6479e760fab68aab	3	1.0	0.0	0.0	0.48670273919024865	1.0478673321844734	0.46446980857359754	1.0	0.04786733218447328	0	0.40366827635948693	3	1.0	0.0	0.0	0.4867027550057059	1.0478672818955872	0.4644698459572693	1.0	0.04786728189558728	0	0.4036681371518735	1	
exampleTumor1	m176	region2	2	0.578339518825732	0.5783395130938829	0.5608789113245486	2.0	1.0					clipp2_single_switch_path_mixture_v1	5c247107561660669e1e40fa17e9c74b9ce7f23c4cacc5cd6479e760fab68aab	3	0.9854259575504085	0.014574042449591531	0.0	0.5803109798653737	1.0034088298922486	0.578339518825732	1.0	0.014574042449591531	0	0.07614899668581498	3	0.9854259561084315	0.01457404389156857	0.0	0.5803109742451078	1.00340883011897	0.5783395130938829	1.0	0.01457404389156857	0	0.07614900276796199	1	
exampleTumor1	m177	region1	1	0.9999999638962767	0.9999999820400683	1.0	1.0	1.0					clipp2_single_switch_path_mixture_v1	5c247107561660669e1e40fa17e9c74b9ce7f23c4cacc5cd6479e760fab68aab	3	0.9918125093612754	0.008187490638724482	0.0	1.0038120029704591	1.0038120392118113	0.9999999638962767	1.0	0.008187490638724482	0	0.05317112014353363	3	0.9918125125692526	0.008187487430747467	0.0	1.0038120196949152	1.0038120377233108	0.9999999820400683	1.0	0.008187487430747467	0	0.05317110253150237	1	
exampleTumor1	m177	region2	1	0.9999999612844338	0.9999999744101855	1.0	2.0	1.0					clipp2_single_switch_path_mixture_v1	5c247107561660669e1e40fa17e9c74b9ce7f23c4cacc5cd6479e760fab68aab	3	0.9989015476045867	0.0010984523954132705	0.0	1.0006115247762721	1.0006115635155153	0.9999999612844338	1.0	0.0010984523954132705	0	0.009343931209637377	3	0.998901547993152	0.0010984520068480982	0.0	1.0006115376928992	1.0006115632983634	0.9999999744101855	1.0	0.0010984520068480982	0	0.009343928293105454	1	
exampleTumor1	m178	region1	1	1.0	0.9999999820400683	1.0	2.0	1.0					clipp2_single_switch_path_mixture_v1	5c247107561660669e1e40fa17e9c74b9ce7f23c4cacc5cd6479e760fab68aab	2	0.0	0.0	1.0	1.9904137110623155	1.9904137110623155	2.0	2.0	0.9904137110623155	1	0.05409171764787468	2	1.0	0.0	0.0	1.9904136811207938	1.9904137168684881	1.9999999640801367	2.0	0.9904137168684882	1	0.054091690720069426	1	
exampleTumor1	m178	region2	1	0.9999999612873278	0.9999999744101855	1.0	2.0	1.0					clipp2_single_switch_path_mixture_v1	5c247107561660669e1e40fa17e9c74b9ce7f23c4cacc5cd6479e760fab68aab	2	1.0	0.0	0.0	1.999999905087615	1.9999999825129586	1.9999999225746556	2.0	0.9999999825129585	1	3.2983717947413196e-07	2	1.0	0.0	0.0	1.999999931333321	1.9999999825129495	1.999999948820371	2.0	0.9999999825129496	1	3.298373371988714e-07	1	
exampleTumor1	m179	region1	1	1.0	0.9999999820400683	1.0	1.0	1.0					clipp2_single_switch_path_mixture_v1	5c247107561660669e1e40fa17e9c74b9ce7f23c4cacc5cd6479e760fab68aab	1	0.0	0.9734742759785899	0.026525724021410065	1.4532429147545312	1.4532429147545312	1.4655931090720467	1.4655931090720467	0.9734742759785899	1	0.7972105510457821	1	0.026525716787447313	0.9734742832125526	0.0	1.453242891420917	1.4532429175210604	1.4655930911121149	1.465593117434067	0.9734742832125526	1	0.7972105299977756	1	
exampleTumor1	m179	region2	1	1.0	0.9999999744101855	1.0	2.0	1.0					clipp2_single_switch_path_mixture_v1	5c247107561660669e1e40fa17e9c74b9ce7f23c4cacc5cd6479e760fab68aab	1	0.0	0.9995642522249882	0.0004357477750117787	1.556507526602316	1.556507526602316	1.5567501292323664	1.5567501292323664	0.9995642522249882	1	0.6966528070948641	2	0.00043574753021501897	0.9995642524697851	0.0	1.5565074883594616	1.5565075281902006	1.556750103642552	1.5567501434794992	0.9995642524697851	1	0.6966528053703005	1	
exampleTumor1	m180	region1	2	0.4644698530548644	0.4644698459572693	0.43946078886605616	1.0	1.0					clipp2_single_switch_path_mixture_v1	5c247107561660669e1e40fa17e9c74b9ce7f23c4cacc5cd6479e760fab68aab	3	1.0	0.0	0.0	0.46600578821085525	1.0033068565072392	0.4644698530548644	1.0	0.003306856507239134	0	0.24356788584095093	3	1.0	0.0	0.0	0.46600578136937426	1.003306857109183	0.4644698459572693	1.0	0.0033068571091830084	0	0.24356788914341576	1	
exampleTumor1	m180	region2	2	0.5783395092276828	0.5783395130938829	0.5608789113245486	2.0	1.0					clipp2_single_switch_path_mixture_v1	5c247107561660669e1e40fa17e9c74b9ce7f23c4cacc5cd6479e760fab68aab	3	0.9672638462095612	0.03273615379043884	0.0	0.5828090843647088	1.0077282894661557	0.5783395092276828	1.0	0.03273615379043884	0	0.14487647175994522	3	0.9672638477731846	0.032736152226815377	0.0	0.5828090881419958	1.0077282892607538	0.5783395130938829	1.0	0.032736152226815377	0	0.14487646640883622	1	
exampleTumor1	m181	region1	2	0.4644698338452959	0.4644698459572693	0.43946078886605616	2.0	1.0					clipp2_single_switch_path_mixture_v1	5c247107561660669e1e40fa17e9c74b9ce7f23c4cacc5cd6479e760fab68aab	1	1.0	0.0	0.0	0.48049906940596454	1.0345108215704006	0.4644698338452959	1.0	0.03451082157040076	0	0.15008842327410352	1	1.0	0.0	0.0	0.4804990777887749	1.0345108126416032	0.4644698459572693	1.0	0.034510812641603134	0	0.15008839352904568	1	
exampleTumor1	m181	region2	2	0.5783395373624544	0.5783395130938829	0.5608789113245486	2.0	1.0					clipp2_single_switch_path_mixture_v1	5c247107561660669e1e40fa17e9c74b9ce7f23c4cacc5cd6479e760fab68aab	1	1.0	0.0	0.0	0.5783395451841351	1.000000013524375	0.5783395373624544	1.0	1.3524374836247532e-08	0	2.5856944193353127e-07	1	1.0	0.0	0.0	0.5783395209155717	1.0000000135243896	0.5783395130938829	1.0	1.3524389547778645e-08	0	2.5856970854283966e-07	1	
exampleTumor1	m182	region1	1	1.0	0.9999999820400683	1.0	2.0	1.0					clipp2_single_switch_path_mixture_v1	5c247107561660669e1e40fa17e9c74b9ce7f23c4cacc5cd6479e760fab68aab	1	0.0	0.0	1.0	1.0000000004245275	1.0000000004245275	1.0	1.0	4.245273783859403e-10	0	9.585847068667897e-09	1	1.0	0.0	0.0	0.999999982464596	1.0000000004245277	0.9999999820400683	1.0	4.245277258698491e-10	0	9.585854663991311e-09	1	
exampleTumor1	m182	region2	1	0.9999999612843467	0.9999999744101855	1.0	2.0	1.0					clipp2_single_switch_path_mixture_v1	5c247107561660669e1e40fa17e9c74b9ce7f23c4cacc5cd6479e760fab68aab	1	1.0	0.0	0.0	0.9999999736609382	1.000000012376592	0.9999999612843467	1.0	1.2376592011853303e-08	0	2.37722882142913e-07	1	1.0	0.0	0.0	0.9999999867867685	1.0000000123765833	0.9999999744101855	1.0	1.2376583286898396e-08	0	2.3772272334886758e-07	1	
exampleTumor1	m183	region1	1	1.0	0.9999999820400683	1.0	1.0	1.0					clipp2_single_switch_path_mixture_v1	5c247107561660669e1e40fa17e9c74b9ce7f23c4cacc5cd6479e760fab68aab	1	0.0	0.9969645174724372	0.003035482527562797	1.4641798093245046	1.4641798093245046	1.4655931090720467	1.4655931090720467	0.9969645174724372	1	0.7116718756932522	1	0.0030354816171780006	0.996964518382822	0.0	1.464179782835735	1.4641798091323044	1.4655930911121149	1.465593117434067	0.996964518382822	1	0.7116718710491972	1	
exampleTumor1	m183	region2	1	0.9999999612861573	0.9999999744101855	1.0	2.0	1.0					clipp2_single_switch_path_mixture_v1	5c247107561660669e1e40fa17e9c74b9ce7f23c4cacc5cd6479e760fab68aab	2	0.01454927625792374	0.9854507237420762	0.0	1.548649760006395	1.5486498199605807	1.5567500905185239	1.5567501507863044	0.9854507237420762	1	0.7590518617399754	2	0.014549280725875793	0.9854507192741242	0.0	1.548649777109432	1.5486498167390936	1.556750103642552	1.5567501434794992	0.9854507192741242	1	0.7590518774779369	1	
exampleTumor1	m184	region1	1	1.0	0.9999999820400683	1.0	1.0	1.0					clipp2_single_switch_path_mixture_v1	5c247107561660669e1e40fa17e9c74b9ce7f23c4cacc5cd6479e760fab68aab	3	0.0	0.00010733777314591642	0.999892662226854	1.0000499757275199	1.0000499757275199	1.0	1.0	0.00010733777314591642	0	0.001162749678127457	3	0.9998926621828831	0.00010733781711693525	0.0	1.000049957787097	1.0000499757479262	0.9999999820400683	1.0	0.00010733781711693525	0	0.001162750110475476	1	
exampleTumor1	m184	region2	1	0.9999999612854052	0.9999999744101855	1.0	2.0	1.0					clipp2_single_switch_path_mixture_v1	5c247107561660669e1e40fa17e9c74b9ce7f23c4cacc5cd6479e760fab68aab	3	0.4422207012432842	0.5577792987567158	0.0	1.3105436471542447	1.310543697891413	0.9999999612854052	1.0	0.5577792987567158	1	1.073078493881309	3	0.4422207770514193	0.5577792229485805	0.0	1.3105436217332027	1.3105436552697718	0.9999999744101855	1.0	0.5577792229485805	1	1.0730784589342868	1	
exampleTumor1	m185	region1	1	1.0	0.9999999820400683	1.0	1.0	1.0					clipp2_single_switch_path_mixture_v1	5c247107561660669e1e40fa17e9c74b9ce7f23c4cacc5cd6479e760fab68aab	3	0.0	0.44649922583624907	0.553500774163751	1.207886962755361	1.207886962755361	1.0	1.0	0.44649922583624907	0	0.9969012201281992	3	0.5535006913295549	0.44649930867044507	0.0	1.2078869793529114	1.2078870010464795	0.9999999820400683	1.0	0.44649930867044507	0	0.9969012953393707	1	
exampleTumor1	m185	region2	1	0.9999999612860145	0.9999999744101855	1.0	2.0	1.0					clipp2_single_switch_path_mixture_v1	5c247107561660669e1e40fa17e9c74b9ce7f23c4cacc5cd6479e760fab68aab	2	0.006166675764200481	0.9938333242357995	0.0	1.5533167737521048	1.55331683388719	1.556750090518381	1.556750150786384	0.9938333242357995	1	0.7264001069366669	2	0.006166677513171556	0.9938333224868285	0.0	1.5533167924241547	1.5533168321732442	1.556750103642552	1.5567501434794992	0.9938333224868285	1	0.7264001146133603	1	
exampleTumor1	m186	region1	1	0.9999999638949322	0.9999999820400683	1.0	2.0	1.0					clipp2_single_switch_path_mixture_v1	5c247107561660669e1e40fa17e9c74b9ce7f23c4cacc5cd6479e760fab68aab	1	1.0	0.0	0.0	1.0000353813386187	1.0000354174449653	0.9999999638949322	1.0	3.5417444965152435e-05	0	0.000398385633752915	1	1.0	0.0	0.0	1.0000353994615059	1.0000354174220736	0.9999999820400683	1.0	3.5417422073574547e-05	0	0.0003983853991538222	1	
exampleTumor1	m186	region2	1	0.9999999612842733	0.9999999744101855	1.0	2.0	1.0					clipp2_single_switch_path_mixture_v1	5c247107561660669e1e40fa17e9c74b9ce7f23c4cacc5cd6479e760fab68aab	1	1.0	0.0	0.0	1.000000386949982	1.0000004256657253	0.9999999612842733	1.0	4.2566572519321486e-07	0	6.670016444026732e-06	1	1.0	0.0	0.0	1.00000040007562	1.0000004256654453	0.9999999744101855	1.0	4.256654453914556e-07	0	6.670012339469216e-06	1	
exampleTumor1	m187	region1	1	0.9999999639015907	0.9999999820400683	1.0	2.0	1.0					clipp2_single_switch_path_mixture_v1	5c247107561660669e1e40fa17e9c74b9ce7f23c4cacc5cd6479e760fab68aab	2	1.0	0.0	0.0	1.9999443489552962	1.9999444211501083	1.9999999278031815	2.0	0.9999444211501083	1	0.0006001226379429529	2	1.0	0.0	0.0	1.9999443852006151	1.9999444211194803	1.9999999640801367	2.0	0.9999444211194802	1	0.0006001229380258672	1	
exampleTumor1	m187	region2	1	0.9999999612865865	0.9999999744101855	1.0	2.0	1.0					clipp2_single_switch_path_mixture_v1	5c247107561660669e1e40fa17e9c74b9ce7f23c4cacc5cd6479e760fab68aab	2	1.0	0.0	0.0	1.9999981611057895	1.9999982385325483	1.999999922573173	2.0	0.9999982385325484	1	2.5099788137083406e-05	2	1.0	0.0	0.0	1.9999981873521928	1.9999982385317767	1.999999948820371	2.0	0.9999982385317767	1	2.5099798362496353e-05	1	
exampleTumor1	m188	region1	1	1.0	0.9999999820400683	1.0	2.0	1.0					clipp2_single_switch_path_mixture_v1	5c247107561660669e1e40fa17e9c74b9ce7f23c4cacc5cd6479e760fab68aab	1	0.0	0.0	1.0	1.0045131270359036	1.0045131270359036	1.0	1.0	0.004513127035903486	0	0.02887726610223723	1	1.0	0.0	0.0	1.0045131118692139	1.004513129910201	0.9999999820400683	1.0	0.004513129910200988	0	0.02887728161264022	1	
exampleTumor1	m188	region2	1	1.0	0.9999999744101855	1.0	2.0	1.0					clipp2_single_switch_path_mixture_v1	5c247107561660669e1e40fa17e9c74b9ce7f23c4cacc5cd6479e760fab68aab	1	0.0	0.0	1.0	1.018693537949276	1.018693537949276	1.0	1.0	0.018693537949276053	0	0.09291009549668555	1	1.0	0.0	0.0	1.0186935313007683	1.0186935573689475	0.9999999744101855	1.0	0.018693557368947473	0	0.09291017241230193	1	
exampleTumor1	m189	region1	1	0.9999999638989534	0.9999999820400683	1.0	1.0	1.0					clipp2_single_switch_path_mixture_v1	5c247107561660669e1e40fa17e9c74b9ce7f23c4cacc5cd6479e760fab68aab	1	0.18505082249036747	0.8149491775096326	0.0	1.3794346704811116	1.3794347202801487	1.465593072971	1.4655931258804458	0.8149491775096326	1	1.0438462164065831	1	0.18505086481709246	0.8149491351829076	0.0	1.3794346763072385	1.3794347010817913	1.4655930911121149	1.465593117434067	0.8149491351829076	1	1.043846249817096	1	
exampleTumor1	m189	region2	1	0.9999999612845264	0.9999999744101855	1.0	2.0	1.0					clipp2_single_switch_path_mixture_v1	5c247107561660669e1e40fa17e9c74b9ce7f23c4cacc5cd6479e760fab68aab	3	0.99928105411751	0.0007189458824899992	0.0	1.0004002344835965	1.000400273214567	0.9999999612845264	1.0	0.0007189458824899992	0	0.006420554897259857	3	0.9992810543911299	0.0007189456088701057	0.0	1.0004002474616362	1.0004002730616937	0.9999999744101855	1.0	0.0007189456088701057	0	0.006420552727412352	1	
exampleTumor1	m190	region1	1	0.999999963896521	0.9999999820400683	1.0	1.0	1.0					clipp2_single_switch_path_mixture_v1	5c247107561660669e1e40fa17e9c74b9ce7f23c4cacc5cd6479e760fab68aab	3	0.8352266508176381	0.16477334918236192	0.0	1.0312734932152416	1.0312735304478038	0.999999963896521	1.0	0.16477334918236192	0	0.561713270272841	3	0.835226672684864	0.16477332731513616	0.0	1.031273508703236	1.0312735272248381	0.9999999820400683	1.0	0.16477332731513616	0	0.5617132196222347	1	
exampleTumor1	m190	region2	1	0.9999999612849009	0.9999999744101855	1.0	1.0	1.0					clipp2_single_switch_path_mixture_v1	5c247107561660669e1e40fa17e9c74b9ce7f23c4cacc5cd6479e760fab68aab	3	0.9775386588025472	0.02246134119745285	0.0	1.007204186294129	1.0072042252881404	0.9999999612849009	1.0	0.02246134119745285	0	0.12303853454423751	3	0.9775386651772077	0.02246133482279239	0.0	1.0072041975222181	1.0072042232963874	0.9999999744101855	1.0	0.02246133482279239	0	0.1230385060725214	1	
exampleTumor1	m191	region1	2	0.4644698782043026	0.4644698459572693	0.43946078886605616	2.0	1.0					clipp2_single_switch_path_mixture_v1	5c247107561660669e1e40fa17e9c74b9ce7f23c4cacc5cd6479e760fab68aab	1	1.0	0.0	0.0	0.46451814206128894	1.0001039117050452	0.4644698782043026	1.0	0.00010391170504525386	0	0.001056981244422673	1	1.0	0.0	0.0	0.46451810984927017	1.0001039117876456	0.4644698459572693	1.0	0.00010391178764548539	0	0.0010569820020208487	1	
exampleTumor1	m191	region2	2	0.5783395035384664	0.5783395130938829	0.5608789113245486	2.0	1.0					clipp2_single_switch_path_mixture_v1	5c247107561660669e1e40fa17e9c74b9ce7f23c4cacc5cd6479e760fab68aab	1	1.0	0.0	0.0	0.578706167664356	1.0006339946063623	0.5783395035384664	1.0	0.0006339946063621998	0	0.0053021939237021315	1	1.0	0.0	0.0	0.5787061770826021	1.0006339943587075	0.5783395130938829	1.0	0.0006339943587075276	0	0.005302192100261366	1	
exampleTumor1	m192	region1	2	0.46446988173972376	0.4644698459572693	0.43946078886605616	1.0	1.0					clipp2_single_switch_path_mixture_v1	5c247107561660669e1e40fa17e9c74b9ce7f23c4cacc5cd6479e760fab68aab	3	1.0	0.0	0.0	0.4644772821141054	1.0000159329478027	0.46446988173972376	1.0	1.5932947802458895e-05	0	0.2223014444923067	3	1.0	0.0	0.0	0.4644772463391972	1.0000159329652771	0.4644698459572693	1.0	1.5932965276912315e-05	0	0.2223014446814675	1	
exampleTumor1	m192	region2	2	0.5783395092543252	0.5783395130938829	0.5608789113245486	2.0	1.0					clipp2_single_switch_path_mixture_v1	5c247107561660669e1e40fa17e9c74b9ce7f23c4cacc5cd6479e760fab68aab	3	0.9687895627301989	0.031210437269801144	0.0	0.5825937647094055	1.007355982752355	0.5783395092543252	1.0	0.031210437269801144	0	0.1395425443158483	3	0.9687895642573746	0.031210435742625425	0.0	0.5825937684590815	1.0073559825481058	0.5783395130938829	1.0	0.031210435742625425	0	0.1395425390226698	1	
exampleTumor1	m193	region1	1	1.0	0.9999999820400683	1.0	1.0	1.0					clipp2_single_switch_path_mixture_v1	5c247107561660669e1e40fa17e9c74b9ce7f23c4cacc5cd6479e760fab68aab	2	0.0	0.8913263670633247	0.10867363293667526	1.4149954144389054	1.4149954144389054	1.4655931090720464	1.4655931090720464	0.8913263670633247	1	0.9615535883017208	1	0.10867360966798952	0.8913263903320104	0.0	1.4149953993086333	1.4149954247218544	1.4655930911121149	1.465593117434067	0.8913263903320104	1	0.9615535554646164	1	
exampleTumor1	m193	region2	1	0.9999999612859528	0.9999999744101855	1.0	2.0	1.0					clipp2_single_switch_path_mixture_v1	5c247107561660669e1e40fa17e9c74b9ce7f23c4cacc5cd6479e760fab68aab	1	0.10126331839713784	0.8987366816028621	0.0	1.5003717075173464	1.5003717656028097	1.5567500518042718	1.5567501120723692	0.8987366816028621	1	0.9508067310006196	1	0.1012633470532298	0.8987366529467702	0.0	1.500371710584912	1.5003717489791466	1.5567500780527375	1.556750117889684	0.8987366529467702	1	0.9508067737015934	1	
exampleTumor1	m194	region1	2	0.46446982223202016	0.4644698459572693	0.43946078886605616	2.0	1.0					clipp2_single_switch_path_mixture_v1	5c247107561660669e1e40fa17e9c74b9ce7f23c4cacc5cd6479e760fab68aab	1	1.0	0.0	0.0	0.4688109817937327	1.0093464835688377	0.46446982223202016	1.0	0.009346483568837561	0	0.05297649719158245	1	1.0	0.0	0.0	0.46881100277382615	1.0093464771811176	0.4644698459572693	1.0	0.009346477181117623	0	0.05297646740331286	1	
exampleTumor1	m194	region2	2	0.5783395121398639	0.5783395130938829	0.5608789113245486	2.0	1.0					clipp2_single_switch_path_mixture_v1	5c247107561660669e1e40fa17e9c74b9ce7f23c4cacc5cd6479e760fab68aab	1	0.9999999999999999	0.0	0.0	0.5785176520792439	1.0003080196591114	0.5783395121398639	1.0	0.00030801965911155747	0	0.0027984180271356804	1	1.0	0.0	0.0	0.5785176530271245	1.0003080196479897	0.5783395130938829	1.0	0.0003080196479896342	0	0.0027984179372144294	1	
exampleTumor1	m195	region1	1	0.999999963894863	0.9999999820400683	1.0	2.0	1.0					clipp2_single_switch_path_mixture_v1	5c247107561660669e1e40fa17e9c74b9ce7f23c4cacc5cd6479e760fab68aab	1	1.0	0.0	0.0	1.0000349914758484	1.00003502758225	0.999999963894863	1.0	3.502758225008156e-05	0	0.0003943880614060792	1	1.0	0.0	0.0	1.0000350095997155	1.0000350275602763	0.9999999820400683	1.0	3.502756027626396e-05	0	0.00039438783596927417	1	
exampleTumor1	m195	region2	1	1.0	0.9999999744101855	1.0	2.0	1.0					clipp2_single_switch_path_mixture_v1	5c247107561660669e1e40fa17e9c74b9ce7f23c4cacc5cd6479e760fab68aab	1	0.0	0.0	1.0	1.0000000001635638	1.0000000001635638	1.0	1.0	1.6356374898809694e-10	0	3.849279518197154e-09	1	1.0	0.0	0.0	0.9999999745737496	1.000000000163564	0.9999999744101855	1.0	1.6356397986026988e-10	0	3.8492847118010185e-09	1	
exampleTumor1	m196	region1	1	0.9999999639022815	0.9999999820400683	1.0	2.0	1.0					clipp2_single_switch_path_mixture_v1	5c247107561660669e1e40fa17e9c74b9ce7f23c4cacc5cd6479e760fab68aab	2	1.0	0.0	0.0	1.999993056590612	1.999993128785801	1.999999927804563	2.0	0.999993128785801	1	8.855735122766388e-05	2	0.9999999999999999	0.0	0.0	1.9999930928621439	1.9999931287818837	1.9999999640801367	2.0	0.9999931287818837	1	8.855739779562057e-05	1	
exampleTumor1	m196	region2	1	1.0	0.9999999744101855	1.0	2.0	1.0					clipp2_single_switch_path_mixture_v1	5c247107561660669e1e40fa17e9c74b9ce7f23c4cacc5cd6479e760fab68aab	2	0.0	0.0	1.0	1.9999999848615557	1.9999999848615557	2.0	2.0	0.9999999848615556	1	2.877217033202421e-07	2	1.0	0.0	0.0	1.999999933681939	1.9999999848615675	1.999999948820371	2.0	0.9999999848615677	1	2.877214856188314e-07	1	
exampleTumor1	m197	region1	1	1.0	0.9999999820400683	1.0	1.0	1.0					clipp2_single_switch_path_mixture_v1	5c247107561660669e1e40fa17e9c74b9ce7f23c4cacc5cd6479e760fab68aab	3	0.0	0.04473155459321261	0.9552684454067875	1.0084899270667014	1.0084899270667014	1.0	1.0	0.04473155459321261	0	0.21370573387825023	3	0.9552684361027709	0.04473156389722917	0.0	1.0084899104709588	1.008489928583369	0.9999999820400683	1.0	0.04473156389722917	0	0.21370576880981074	1	
exampleTumor1	m197	region2	1	0.9999999612848914	0.9999999744101855	1.0	1.0	1.0					clipp2_single_switch_path_mixture_v1	5c247107561660669e1e40fa17e9c74b9ce7f23c4cacc5cd6479e760fab68aab	3	0.9457077919137189	0.0542922080862811	0.0	1.0174135823088108	1.0174136216980896	0.9999999612848914	1.0	0.0542922080862811	0	0.24859699408003788	3	0.9457078045153405	0.054292195484659564	0.0	1.0174135917485758	1.0174136177840016	0.9999999744101855	1.0	0.054292195484659564	0	0.24859694933545806	1	
exampleTumor1	m198	region1	1	1.0	0.9999999820400683	1.0	2.0	1.0					clipp2_single_switch_path_mixture_v1	5c247107561660669e1e40fa17e9c74b9ce7f23c4cacc5cd6479e760fab68aab	2	0.0	0.0	1.0	1.9303160569222357	1.9303160569222357	2.0	2.0	0.9303160569222358	1	0.2528206375591113	2	1.0	0.0	0.0	1.930316065558191	1.9303161002265363	1.9999999640801367	2.0	0.9303161002265361	1	0.25282052533364474	1	
exampleTumor1	m198	region2	1	0.9999999612863223	0.9999999744101855	1.0	2.0	1.0					clipp2_single_switch_path_mixture_v1	5c247107561660669e1e40fa17e9c74b9ce7f23c4cacc5cd6479e760fab68aab	2	1.0	0.0	0.0	1.9999596006165552	1.9999596780423496	1.9999999225726446	2.0	0.9999596780423496	1	0.0004483234853228855	2	1.0	0.0	0.0	1.9999596268476223	1.9999596780262194	1.999999948820371	2.0	0.9999596780262194	1	0.0004483236485371432	1	
exampleTumor1	m199	region1	1	1.0	0.9999999820400683	1.0	1.0	1.0					clipp2_single_switch_path_mixture_v1	5c247107561660669e1e40fa17e9c74b9ce7f23c4cacc5cd6479e760fab68aab	1	0.0	0.9663701034452311	0.03362989655476885	1.4499352609773404	1.4499352609773404	1.4655931090720467	1.4655931090720467	0.9663701034452311	1	0.8169787138409383	1	0.03362988789196569	0.9663701121080344	0.0	1.44993523837278	1.4499352644135182	1.4655930911121149	1.465593117434067	0.9663701121080344	1	0.8169786907547025	1	
exampleTumor1	m199	region2	1	1.0	0.9999999744101855	1.0	2.0	1.0					clipp2_single_switch_path_mixture_v1	5c247107561660669e1e40fa17e9c74b9ce7f23c4cacc5cd6479e760fab68aab	1	0.0	0.9998168208878578	0.00018317911214215025	1.5566481442380085	1.5566481442380085	1.5567501292323664	1.5567501292323664	0.9998168208878578	1	0.6947796375184877	2	0.0001831790185833957	0.9998168209814166	0.0	1.5566481059077208	1.5566481457420582	1.556750103642552	1.5567501434794992	0.9998168209814166	1	0.6947796367782714	1	
exampleTumor1	m200	region1	2	0.46446982873891596	0.4644698459572693	0.43946078886605616	2.0	1.0					clipp2_single_switch_path_mixture_v1	5c247107561660669e1e40fa17e9c74b9ce7f23c4cacc5cd6479e760fab68aab	1	1.0	0.0	0.0	0.46902328460056897	1.0098035557530531	0.46446982873891596	1.0	0.009803555753053216	0	0.05509688773003219	1	1.0	0.0	0.0	0.46902329987749325	1.0098035512097439	0.4644698459572693	1.0	0.00980355120974379	0	0.055096866761939305	1	
exampleTumor1	m200	region2	2	0.5783395164295684	0.5783395130938829	0.5608789113245486	2.0	1.0					clipp2_single_switch_path_mixture_v1	5c247107561660669e1e40fa17e9c74b9ce7f23c4cacc5cd6479e760fab68aab	1	1.0	0.0	0.0	0.5783430986762615	1.0000061940202793	0.5783395164295684	1.0	6.1940202794002145e-06	0	8.0472235182973e-05	1	1.0	0.0	0.0	0.5783430953410754	1.0000061940211786	0.5783395130938829	1.0	6.1940211785127606e-06	0	8.047224596511575e-05	1	
exampleTumor1	m201	region1	1	0.99999996390166	0.9999999820400683	1.0	2.0	1.0					clipp2_single_switch_path_mixture_v1	5c247107561660669e1e40fa17e9c74b9ce7f23c4cacc5cd6479e760fab68aab	2	1.0	0.0	0.0	1.9999443489554343	1.9999444211501078	1.99999992780332	2.0	0.9999444211501081	1	0.0006001226379442103	2	1.0	0.0	0.0	1.9999443852006151	1.9999444211194803	1.9999999640801367	2.0	0.9999444211194802	1	0.0006001229380258672	1	
exampleTumor1	m201	region2	1	1.0	0.9999999744101855	1.0	2.0	1.0					clipp2_single_switch_path_mixture_v1	5c247107561660669e1e40fa17e9c74b9ce7f23c4cacc5cd6479e760fab68aab	2	0.0	0.0	1.0	1.9999995902698615	1.9999995902698615	2.0	2.0	0.9999995902698615	1	6.435945501572181e-06	2	1.0	0.0	0.0	1.999999539090555	1.9999995902701735	1.999999948820371	2.0	0.9999995902701736	1	6.435940912690179e-06	1	
exampleTumor1	m202	region1	1	1.0	0.9999999820400683	1.0	1.0	1.0					clipp2_single_switch_path_mixture_v1	5c247107561660669e1e40fa17e9c74b9ce7f23c4cacc5cd6479e760fab68aab	3	0.0	0.0012132413664037553	0.9987867586335963	1.0005648768198387	1.0005648768198387	1.0	1.0	0.0012132413664037553	0	0.010199720167594507	3	0.9987867582187566	0.0012132417812434856	0.0	1.000564859042159	1.0005648770122357	0.9999999820400683	1.0	0.0012132417812434856	0	0.01019972324006044	1	
exampleTumor1	m202	region2	1	0.9999999612846674	0.9999999744101855	1.0	2.0	1.0					clipp2_single_switch_path_mixture_v1	5c247107561660669e1e40fa17e9c74b9ce7f23c4cacc5cd6479e760fab68aab	3	0.9981125211504364	0.0018874788495637116	0.0	1.0010508153415483	1.0010508540975651	0.9999999612846674	1.0	0.0018874788495637116	0	0.015033233236727728	3	0.9981125218494118	0.0018874781505882573	0.0	1.0010508280902988	1.0010508537070044	0.9999999744101855	1.0	0.0018874781505882573	0	0.015033228369222532	1	
exampleTumor1	m203	region1	1	0.9999999638958208	0.9999999820400683	1.0	1.0	1.0					clipp2_single_switch_path_mixture_v1	5c247107561660669e1e40fa17e9c74b9ce7f23c4cacc5cd6479e760fab68aab	3	0.9989372814454769	0.0010627185545231475	0.0	1.0004947583125054	1.0004947944345488	0.9999999638958208	1.0	0.0010627185545231475	0	0.009075128256430733	3	0.9989372818821547	0.001062718117845314	0.0	1.00049477626308	1.0004947942318982	0.9999999820400683	1.0	0.001062718117845314	0	0.009075124964312647	1	
exampleTumor1	m203	region2	1	0.9999999612844716	0.9999999744101855	1.0	2.0	1.0					clipp2_single_switch_path_mixture_v1	5c247107561660669e1e40fa17e9c74b9ce7f23c4cacc5cd6479e760fab68aab	3	0.9998241998514116	0.0001758001485884426	0.0	1.0000978380365142	1.000097876755832	0.9999999612844716	1.0	0.0001758001485884426	0	0.0018176367643872227	3	0.9998241999199993	0.0001758000800008428	0.0	1.000097851125196	1.000097876717515	0.9999999744101855	1.0	0.0001758000800008428	0	0.0018176361238383346	1	
exampleTumor1	m204	region1	1	0.9999999638975009	0.9999999820400683	1.0	1.0	1.0					clipp2_single_switch_path_mixture_v1	5c247107561660669e1e40fa17e9c74b9ce7f23c4cacc5cd6479e760fab68aab	3	0.7596780416710985	0.24032195832890157	0.0	1.045612411827006	1.0456124495762285	0.9999999638975009	1.0	0.24032195832890157	0	0.7180292466370118	3	0.7596780695321596	0.2403219304678405	0.0	1.0456124268616491	1.0456124456407772	0.9999999820400683	1.0	0.2403219304678405	0	0.7180291952594754	1	
exampleTumor1	m204	region2	1	0.9999999612844029	0.9999999744101855	1.0	1.0	1.0					clipp2_single_switch_path_mixture_v1	5c247107561660669e1e40fa17e9c74b9ce7f23c4cacc5cd6479e760fab68aab	3	0.9814630746684776	0.018536925331522416	0.0	1.005945473615723	1.005945512561504	0.9999999612844029	1.0	0.018536925331522416	0	0.10513794597034587	3	0.981463078811499	0.01853692118850101	0.0	1.0059454855343333	1.0059455112762923	0.9999999744101855	1.0	0.01853692118850101	0	0.10513792665381144	1	
exampleTumor1	m205	region1	2	0.4644698858508214	0.4644698459572693	0.43946078886605616	1.0	1.0					clipp2_single_switch_path_mixture_v1	5c247107561660669e1e40fa17e9c74b9ce7f23c4cacc5cd6479e760fab68aab	3	1.0	0.0	0.0	0.4644702054109893	1.0000006880105206	0.4644698858508214	1.0	6.880105205948529e-07	0	0.22212333507128285	3	1.0	0.0	0.0	0.46447016551788256	1.0000006880115384	0.4644698459572693	1.0	6.880115384427549e-07	0	0.22212333508549947	1	
exampleTumor1	m205	region2	2	0.5783395092868595	0.5783395130938829	0.5608789113245486	2.0	1.0					clipp2_single_switch_path_mixture_v1	5c247107561660669e1e40fa17e9c74b9ce7f23c4cacc5cd6479e760fab68aab	3	0.9796972011378001	0.020302798862199937	0.0	0.5810875980292148	1.0047516877166907	0.5783395092868595	1.0	0.020302798862199937	0	0.09932223500601171	3	0.9796972023965151	0.02030279760348491	0.0	0.5810876017429956	1.004751687524187	0.5783395130938829	1.0	0.02030279760348491	0	0.09932223011800244	1	
exampleTumor1	m206	region1	1	1.0	0.9999999820400683	1.0	1.0	1.0					clipp2_single_switch_path_mixture_v1	5c247107561660669e1e40fa17e9c74b9ce7f23c4cacc5cd6479e760fab68aab	3	0.0	0.19824986316178936	0.8017501368382106	1.0923037701626053	1.0923037701626053	1.0	1.0	0.19824986316178936	0	0.6353829595562126	3	0.8017500848245942	0.19824991517540574	0.0	1.0923037746395774	1.0923037942572789	0.9999999820400683	1.0	0.19824991517540574	0	0.6353830682863008	1	
exampleTumor1	m206	region2	1	0.9999999612860531	0.9999999744101855	1.0	2.0	1.0					clipp2_single_switch_path_mixture_v1	5c247107561660669e1e40fa17e9c74b9ce7f23c4cacc5cd6479e760fab68aab	1	0.026798441001830483	0.9732015589981696	0.0	1.541830036189188	1.5418300958795164	1.5567500518044726	1.5567501120724139	0.9732015589981696	1	0.7980026155351347	1	0.026798448969770388	0.9732015510302297	0.0	1.541830051263382	1.541830090718528	1.5567500780527375	1.556750117889684	0.9732015510302297	1	0.7980026386349908	1	
exampleTumor1	m207	region1	1	1.0	0.9999999820400683	1.0	2.0	1.0					clipp2_single_switch_path_mixture_v1	5c247107561660669e1e40fa17e9c74b9ce7f23c4cacc5cd6479e760fab68aab	2	0.0	0.0	1.0	1.9723294636636899	1.9723294636636899	2.0	2.0	0.9723294636636898	1	0.12654905149592569	2	1.0	0.0	0.0	1.9723294429222205	1.972329478345123	1.9999999640801367	2.0	0.9723294783451231	1	0.1265489992399066	1	
exampleTumor1	m207	region2	1	0.9999999612864581	0.9999999744101855	1.0	2.0	1.0					clipp2_single_switch_path_mixture_v1	5c247107561660669e1e40fa17e9c74b9ce7f23c4cacc5cd6479e760fab68aab	2	1.0	0.0	0.0	1.9999921717590023	1.9999922491857862	1.9999999225729161	2.0	0.9999922491857861	1	9.896013872860727e-05	2	1.0	0.0	0.0	1.9999921980031812	1.9999922491826119	1.999999948820371	2.0	0.9999922491826116	1	9.896017608497797e-05	1	
exampleTumor1	m208	region1	2	0.46446983355980037	0.4644698459572693	0.43946078886605616	1.0	1.0					clipp2_single_switch_path_mixture_v1	5c247107561660669e1e40fa17e9c74b9ce7f23c4cacc5cd6479e760fab68aab	3	1.0	0.0	0.0	0.4658857469797809	1.003048450766175	0.46446983355980037	1.0	0.0030484507661748816	0	0.24213978270729553	3	1.0	0.0	0.0	0.4658857588653998	1.0030484495827976	0.4644698459572693	1.0	0.003048449582797514	0	0.24213977611830373	1	
exampleTumor1	m208	region2	2	0.578339525229197	0.5783395130938829	0.5608789113245486	2.0	1.0					clipp2_single_switch_path_mixture_v1	5c247107561660669e1e40fa17e9c74b9ce7f23c4cacc5cd6479e760fab68aab	3	0.98650917588212	0.013490824117880077	0.0	0.5801651825756868	1.0031567224214295	0.578339525229197	1.0	0.013490824117880077	0	0.07155160437530651	3	0.9865091731442964	0.01349082685570367	0.0	0.5801651706472415	1.0031567228453613	0.5783395130938829	1.0	0.01349082685570367	0	0.07155161613940184	1	
exampleTumor1	m209	region1	1	1.0	0.9999999820400683	1.0	1.0	1.0					clipp2_single_switch_path_mixture_v1	5c247107561660669e1e40fa17e9c74b9ce7f23c4cacc5cd6479e760fab68aab	3	0.0	0.36492592441306776	0.6350740755869323	1.0692619452015562	1.0692619452015562	1.0	1.0	0.36492592441306776	0	0.9091472167098243	3	0.6350740412850537	0.3649259587149462	0.0	1.0692619304750048	1.0692619496788764	0.9999999820400683	1.0	0.3649259587149462	0	0.909147259490934	1	
exampleTumor1	m209	region2	1	0.9999999612855615	0.9999999744101855	1.0	1.0	1.0					clipp2_single_switch_path_mixture_v1	5c247107561660669e1e40fa17e9c74b9ce7f23c4cacc5cd6479e760fab68aab	3	0.5872945533071829	0.41270544669281706	0.0	1.13237063649926	1.132370680338355	0.9999999612855615	1.0	0.41270544669281706	0	0.9638937334385537	3	0.5872946028845534	0.41270539711544657	0.0	1.1323706364307966	1.132370665407952	0.9999999744101855	1.0	0.41270539711544657	0	0.963893681583617	1	
exampleTumor1	m210	region1	1	0.9999999638997118	0.9999999820400683	1.0	2.0	1.0					clipp2_single_switch_path_mixture_v1	5c247107561660669e1e40fa17e9c74b9ce7f23c4cacc5cd6479e760fab68aab	2	1.0	0.0	0.0	1.9981236195058667	1.9981236916387077	1.9999999277994236	2.0	0.9981236916387077	1	0.013654853479182301	2	1.0	0.0	0.0	1.9981236548983015	1.9981236907844664	1.9999999640801367	2.0	0.9981236907844664	1	0.01365485884088867	1	
exampleTumor1	m210	region2	1	1.0	0.9999999744101855	1.0	2.0	1.0					clipp2_single_switch_path_mixture_v1	5c247107561660669e1e40fa17e9c74b9ce7f23c4cacc5cd6479e760fab68aab	2	0.0	0.0	1.0	1.9999999284063732	1.9999999284063732	2.0	2.0	0.9999999284063732	1	1.2494705720074808e-06	2	1.0	0.0	0.0	1.999999877226806	1.9999999284064331	1.999999948820371	2.0	0.9999999284064329	1	1.2494695876872425e-06	1	
exampleTumor1	m211	region1	2	0.46446985156800313	0.4644698459572693	0.43946078886605616	1.0	1.0					clipp2_single_switch_path_mixture_v1	5c247107561660669e1e40fa17e9c74b9ce7f23c4cacc5cd6479e760fab68aab	3	1.0	0.0	0.0	0.46458505274074646	1.000248027234393	0.46446985156800313	1.0	0.00024802723439300186	0	0.2243650589244784	3	1.0	0.0	0.0	0.46458504714965043	1.0002480272796692	0.4644698459572693	1.0	0.0002480272796690804	0	0.22436505929029146	1	
exampleTumor1	m211	region2	2	0.5783394971845979	0.5783395130938829	0.5608789113245486	2.0	1.0					clipp2_single_switch_path_mixture_v1	5c247107561660669e1e40fa17e9c74b9ce7f23c4cacc5cd6479e760fab68aab	3	0.9302536896731959	0.06974631032680409	0.0	0.5884231123410222	1.0174354599772488	0.5783394971845979	1.0	0.06974631032680409	0	0.2604871482594282	3	0.930253698653718	0.0697463013462819	0.0	0.5884231278799372	1.0174354588572223	0.5783395130938829	1.0	0.0697463013462819	0	0.2604871226269717	1	
exampleTumor1	m212	region1	2	0.4644698203067388	0.4644698459572693	0.43946078886605616	1.0	1.0					clipp2_single_switch_path_mixture_v1	5c247107561660669e1e40fa17e9c74b9ce7f23c4cacc5cd6479e760fab68aab	3	1.0	0.0	0.0	0.4650357794909207	1.001218505830601	0.4644698203067388	1.0	0.0012185058306008675	0	0.2312364869047807	3	1.0	0.0	0.0	0.4650358046295238	1.0012185046611326	0.4644698459572693	1.0	0.0012185046611326417	0	0.2312364793186765	1	
exampleTumor1	m212	region2	2	0.5783395051281353	0.5783395130938829	0.5608789113245486	2.0	1.0					clipp2_single_switch_path_mixture_v1	5c247107561660669e1e40fa17e9c74b9ce7f23c4cacc5cd6479e760fab68aab	3	0.9464384007124467	0.0535615992875533	0.0	0.5859115649280167	1.0130927590675372	0.5783395051281353	1.0	0.0535615992875533	0	0.21301990665294723	3	0.9464384045593017	0.05356159544069832	0.0	0.5859115727377974	1.0130927586175238	0.5783395130938829	1.0	0.05356159544069832	0	0.2130198949848953	1	
exampleTumor1	m213	region1	2	0.46446983285429566	0.4644698459572693	0.43946078886605616	1.0	1.0					clipp2_single_switch_path_mixture_v1	5c247107561660669e1e40fa17e9c74b9ce7f23c4cacc5cd6479e760fab68aab	3	1.0	0.0	0.0	0.47233622303332523	1.0169362779293725	0.46446983285429566	1.0	0.01693627792937257	0	0.3042144889723508	3	1.0	0.0	0.0	0.4723362336358624	1.0169362720681696	0.4644698459572693	1.0	0.01693627206816944	0	0.3042144664705875	1	
exampleTumor1	m213	region2	2	0.5783395294020828	0.5783395130938829	0.5608789113245486	2.0	1.0					clipp2_single_switch_path_mixture_v1	5c247107561660669e1e40fa17e9c74b9ce7f23c4cacc5cd6479e760fab68aab	3	0.9964568054949378	0.00354319450506226	0.0	0.5788181915232424	1.000827648979233	0.5783395294020828	1.0	0.00354319450506226	0	0.02353058286938916	3	0.9964568039711716	0.0035431960288283024	0.0	0.5788181753631085	1.0008276492585904	0.5783395130938829	1.0	0.0035431960288283024	0	0.02353059146228764	1	
exampleTumor1	m214	region1	1	0.9999999639006397	0.9999999820400683	1.0	1.0	1.0					clipp2_single_switch_path_mixture_v1	5c247107561660669e1e40fa17e9c74b9ce7f23c4cacc5cd6479e760fab68aab	1	0.0692266251631219	0.930773374836878	0.0	1.433361616532262	1.4333616682757013	1.4655930729726863	1.4655931258796606	0.930773374836878	1	0.896796797480447	1	0.06922664587179463	0.9307733541282053	0.0	1.4333616334717234	1.4333616592148009	1.4655930911121149	1.465593117434067	0.9307733541282053	1	0.89679683694047	1	
exampleTumor1	m214	region2	1	0.999999961285861	0.9999999744101855	1.0	2.0	1.0					clipp2_single_switch_path_mixture_v1	5c247107561660669e1e40fa17e9c74b9ce7f23c4cacc5cd6479e760fab68aab	2	0.009567126514421842	0.9904328734855782	0.0	1.5514235724230638	1.551423632485094	1.5567500905182277	1.5567501507864694	0.9904328734855782	1	0.7405185808138849	2	0.009567129214031182	0.9904328707859689	0.0	1.5514235905437612	1.5514236302444042	1.556750103642552	1.5567501434794992	0.9904328707859689	1	0.7405185914683308	1	
exampleTumor1	m215	region1	1	0.9999999638950878	0.9999999820400683	1.0	1.0	1.0					clipp2_single_switch_path_mixture_v1	5c247107561660669e1e40fa17e9c74b9ce7f23c4cacc5cd6479e760fab68aab	3	0.9926737259112774	0.007326274088722521	0.0	1.0034110264937128	1.0034110627217812	0.9999999638950878	1.0	0.007326274088722521	0	0.04839563225972181	3	0.992673728208361	0.0073262717916391055	0.0	1.0034110436356547	1.0034110616568488	0.9999999820400683	1.0	0.0073262717916391055	0	0.048395619391271474	1	
exampleTumor1	m215	region2	1	0.9999999612844717	0.9999999744101855	1.0	2.0	1.0					clipp2_single_switch_path_mixture_v1	5c247107561660669e1e40fa17e9c74b9ce7f23c4cacc5cd6479e760fab68aab	3	0.9986842659704005	0.0013157340295995375	0.0	1.000732496350017	1.0007325350939058	0.9999999612844717	1.0	0.0013157340295995375	0	0.010954603639444782	3	0.9986842664431268	0.001315733556873198	0.0	1.0007325092211754	1.0007325348297353	0.9999999744101855	1.0	0.001315733556873198	0	0.010954600176633975	1	
exampleTumor1	m216	region1	1	0.9999999638985155	0.9999999820400683	1.0	1.0	1.0					clipp2_single_switch_path_mixture_v1	5c247107561660669e1e40fa17e9c74b9ce7f23c4cacc5cd6479e760fab68aab	1	0.17016378707319918	0.8298362129268009	0.0	1.3863659713165182	1.3863660213663895	1.4655930729705622	1.4655931258806496	0.8298362129268009	1	1.0313444545561206	1	0.17016382339600217	0.8298361766039979	0.0	1.3863659800736832	1.3863660049727218	1.4655930911121149	1.465593117434067	0.8298361766039979	1	1.0313444869313475	1	
exampleTumor1	m216	region2	1	0.9999999612864162	0.9999999744101855	1.0	2.0	1.0					clipp2_single_switch_path_mixture_v1	5c247107561660669e1e40fa17e9c74b9ce7f23c4cacc5cd6479e760fab68aab	2	0.00644536808333629	0.9935546319166636	0.0	1.5531616117734048	1.5531616719018593	1.5567500905187828	1.55675015078616	0.9935546319166636	1	0.7276171168488729	2	0.006445370328332396	0.9935546296716677	0.0	1.5531616301668634	1.5531616699119823	1.556750103642552	1.5567501434794992	0.9935546296716677	1	0.7276171266028869	1	
exampleTumor1	m217	region1	1	1.0	0.9999999820400683	1.0	1.0	1.0					clipp2_single_switch_path_mixture_v1	5c247107561660669e1e40fa17e9c74b9ce7f23c4cacc5cd6479e760fab68aab	3	0.0	0.049173712229866176	0.9508262877701339	1.0228949415617177	1.0228949415617177	1.0	1.0	0.049173712229866176	0	0.2301596847399141	3	0.9508262728211619	0.049173727178838084	0.0	1.0228949301203458	1.0228949484914691	0.9999999820400683	1.0	0.049173727178838084	0	0.23015973938018866	1	
exampleTumor1	m217	region2	1	0.999999961284653	0.9999999744101855	1.0	2.0	1.0					clipp2_single_switch_path_mixture_v1	5c247107561660669e1e40fa17e9c74b9ce7f23c4cacc5cd6479e760fab68aab	3	0.9958684097520883	0.004131590247911711	0.0	1.002300224609135	1.0023002634135376	0.999999961284653	1.0	0.004131590247911711	0	0.02966552626983626	3	0.9958684112150358	0.004131588784964215	0.0	1.002300236947286	1.0023002625959638	0.9999999744101855	1.0	0.004131588784964215	0	0.029665517231600342	1	
exampleTumor1	m218	region1	1	1.0	0.9999999820400683	1.0	1.0	1.0					clipp2_single_switch_path_mixture_v1	5c247107561660669e1e40fa17e9c74b9ce7f23c4cacc5cd6479e760fab68aab	3	0.0	0.000568041709117583	0.9994319582908824	1.0002644763054307	1.0002644763054307	1.0	1.0	0.000568041709117583	0	0.005206771880891645	3	0.9994319580672028	0.0005680419327973321	0.0	1.0002644584445417	1.0002644764092234	0.9999999820400683	1.0	0.0005680419327973321	0	0.00520677370743675	1	
exampleTumor1	m218	region2	1	0.9999999612848273	0.9999999744101855	1.0	2.0	1.0					clipp2_single_switch_path_mixture_v1	5c247107561660669e1e40fa17e9c74b9ce7f23c4cacc5cd6479e760fab68aab	3	0.9970105577893983	0.002989442210601657	0.0	1.001664333564044	1.0016643723436534	0.9999999612848273	1.0	0.002989442210601657	0	0.022433729261049817	3	0.9970105589777492	0.0029894410222508746	0.0	1.0016643460474066	1.0016643716798121	0.9999999744101855	1.0	0.0029894410222508746	0	0.02243372153341631	1	
exampleTumor1	m219	region1	1	0.9999999639010438	0.9999999820400683	1.0	2.0	1.0					clipp2_single_switch_path_mixture_v1	5c247107561660669e1e40fa17e9c74b9ce7f23c4cacc5cd6479e760fab68aab	2	1.0	0.0	0.0	1.9993679995807154	1.9993680717558158	1.9999999278020877	2.0	0.9993680717558157	1	0.005286976264824467	2	1.0	0.0	0.0	1.9993680355052537	1.9993680714137676	1.9999999640801367	2.0	0.9993680714137676	1	0.0052869787843848465	1	
exampleTumor1	m219	region2	1	0.999999961286695	0.9999999744101855	1.0	2.0	1.0					clipp2_single_switch_path_mixture_v1	5c247107561660669e1e40fa17e9c74b9ce7f23c4cacc5cd6479e760fab68aab	2	1.0	0.0	0.0	1.9999978399651188	1.9999979173916482	1.99999992257339	2.0	0.9999979173916483	1	2.932705837524854e-05	2	1.0	0.0	0.0	1.9999978662111206	1.9999979173906963	1.999999948820371	2.0	0.9999979173906962	1	2.9327070831026237e-05	1	
exampleTumor1	m220	region1	1	0.9999999638990678	0.9999999820400683	1.0	1.0	1.0					clipp2_single_switch_path_mixture_v1	5c247107561660669e1e40fa17e9c74b9ce7f23c4cacc5cd6479e760fab68aab	1	0.1383464859818596	0.8616535140181404	0.0	1.4011798868803806	1.4011799374642826	1.4655930729711142	1.4655931258803923	0.8616535140181404	1	0.9992031895929585	1	0.13834651828063696	0.8616534817193631	0.0	1.4011798977989216	1.4011799229640172	1.4655930911121149	1.465593117434067	0.8616534817193631	1	0.9992032262825808	1	
exampleTumor1	m220	region2	1	1.0	0.9999999744101855	1.0	2.0	1.0					clipp2_single_switch_path_mixture_v1	5c247107561660669e1e40fa17e9c74b9ce7f23c4cacc5cd6479e760fab68aab	1	0.0	0.9998371863460889	0.00016281365391109618	1.5566594827095106	1.5566594827095106	1.5567501292323664	1.5567501292323664	0.9998371863460889	1	0.6946173350456449	2	0.00016281355690394667	0.9998371864430962	0.0	1.556659444380882	1.5566594842155095	1.556750103642552	1.5567501434794992	0.9998371864430962	1	0.6946173342667122	1	
exampleTumor1	m221	region1	1	0.9999999638946929	0.9999999820400683	1.0	1.0	1.0					clipp2_single_switch_path_mixture_v1	5c247107561660669e1e40fa17e9c74b9ce7f23c4cacc5cd6479e760fab68aab	3	0.9966953622802387	0.0033046377197612628	0.0	1.0015385803853358	1.001538616546195	0.9999999638946929	1.0	0.0033046377197612628	0	0.024467278150939287	3	0.9966953632927873	0.0033046367072127342	0.0	1.0015385980892577	1.0015386160768227	0.9999999820400683	1.0	0.0033046367072127342	0	0.024467271668334623	1	
exampleTumor1	m221	region2	1	0.9999999612843237	0.9999999744101855	1.0	2.0	1.0					clipp2_single_switch_path_mixture_v1	5c247107561660669e1e40fa17e9c74b9ce7f23c4cacc5cd6479e760fab68aab	3	0.9995081153415792	0.000491884658420763	0.0	1.000273818121945	1.000273856848224	0.9999999612843237	1.0	0.000491884658420763	0	0.0045795285610477025	3	0.99950811550991	0.0004918844900899242	0.0	1.000273831157317	1.0002738567541394	0.9999999744101855	1.0	0.0004918844900899242	0	0.004579527162231682	1	
exampleTumor1	m222	region1	1	0.999999963899051	0.9999999820400683	1.0	2.0	1.0					clipp2_single_switch_path_mixture_v1	5c247107561660669e1e40fa17e9c74b9ce7f23c4cacc5cd6479e760fab68aab	2	1.0	0.0	0.0	1.6148718496860763	1.6148719079844847	1.999999927798102	2.0	0.6148719079844848	1	0.666518861535379	2	1.0	0.0	0.0	1.614871737207381	1.6148717662103675	1.9999999640801367	2.0	0.6148717662103678	1	0.6665189278626532	1	
exampleTumor1	m222	region2	1	0.9999999612863035	0.9999999744101855	1.0	2.0	1.0					clipp2_single_switch_path_mixture_v1	5c247107561660669e1e40fa17e9c74b9ce7f23c4cacc5cd6479e760fab68aab	2	1.0	0.0	0.0	1.9999948821502613	1.999994959577459	1.999999922572607	2.0	0.999994959577459	1	6.652358803748073e-05	2	1.0	0.0	0.0	1.9999949083959427	1.9999949595754427	1.999999948820371	2.0	0.9999949595754426	1	6.652361263371474e-05	1	
exampleTumor1	m223	region1	2	0.4644698634446988	0.4644698459572693	0.43946078886605616	1.0	1.0					clipp2_single_switch_path_mixture_v1	5c247107561660669e1e40fa17e9c74b9ce7f23c4cacc5cd6479e760fab68aab	3	1.0	0.0	0.0	0.4644986690859281	1.0000620183213085	0.4644698634446988	1.0	6.201832130844952e-05	0	0.22276211720101674	3	0.9999999999999999	0.0	0.0	0.464498651613806	1.0000620183566002	0.4644698459572693	1.0	6.201835660047796e-05	0	0.2227621175350878	1	
exampleTumor1	m223	region2	2	0.578339501460633	0.5783395130938829	0.5608789113245486	2.0	1.0					clipp2_single_switch_path_mixture_v1	5c247107561660669e1e40fa17e9c74b9ce7f23c4cacc5cd6479e760fab68aab	3	0.943155250029093	0.05684474997090706	0.0	0.5863604108660962	1.0138688597012757	0.578339501460633	1.0	0.05684474997090706	0	0.22244583355756464	3	0.9431552560300797	0.056844743969920335	0.0	0.5863604222523158	1.0138688589951674	0.5783395130938829	1.0	0.056844743969920335	0	0.222445815728915	1	
exampleTumor1	m224	region1	3	0.20466094885783326	0.20466086196598293	0.18776779171076713	1.0	1.0					clipp2_single_switch_path_mixture_v1	5c247107561660669e1e40fa17e9c74b9ce7f23c4cacc5cd6479e760fab68aab	3	1.0	0.0	0.0	0.20504952025052203	1.00189861033508	0.20466094885783326	1.0	0.001898610335079903	0	0.23548603240215452	3	1.0	0.0	0.0	0.2050494340529878	1.001898614533684	0.20466086196598293	1.0	0.0018986145336837845	0	0.23548605777271608	1	
exampleTumor1	m224	region2	3	0.26801879719117505	0.26801886587083323	0.2487078336611672	2.0	1.0					clipp2_single_switch_path_mixture_v1	5c247107561660669e1e40fa17e9c74b9ce7f23c4cacc5cd6479e760fab68aab	3	1.0	0.0	0.0	0.2680564121833776	1.0001403446049186	0.26801879719117505	1.0	0.00014034460491863852	0	0.18468448541353213	3	1.0	0.0	0.0	0.2680564807792561	1.0001403442563666	0.26801886587083323	1.0	0.0001403442563665742	0	0.18468448238533125	1	
exampleTumor1	m225	region1	2	0.4644698601454507	0.4644698459572693	0.43946078886605616	2.0	1.0					clipp2_single_switch_path_mixture_v1	5c247107561660669e1e40fa17e9c74b9ce7f23c4cacc5cd6479e760fab68aab	1	1.0	0.0	0.0	0.4647362546178228	1.0005735452291538	0.4644698601454507	1.0	0.0005735452291537151	0	0.004854135197282165	1	1.0	0.0	0.0	0.4647362405182125	1.0005735454373668	0.4644698459572693	1.0	0.0005735454373666605	0	0.004854136751196117	1	
exampleTumor1	m225	region2	2	0.5783395204644289	0.5783395130938829	0.5608789113245486	2.0	1.0					clipp2_single_switch_path_mixture_v1	5c247107561660669e1e40fa17e9c74b9ce7f23c4cacc5cd6479e760fab68aab	1	1.0	0.0	0.0	0.5783878922700475	1.0000836391149264	0.5783395204644289	1.0	8.363911492631296e-05	0	0.000868923205680036	1	1.0	0.0	0.0	0.5783878849117613	1.0000836391371906	0.5783395130938829	1.0	8.363913719065783e-05	0	0.000868923414718156	1	
exampleTumor1	m226	region1	1	0.9999999638950805	0.9999999820400683	1.0	2.0	1.0					clipp2_single_switch_path_mixture_v1	5c247107561660669e1e40fa17e9c74b9ce7f23c4cacc5cd6479e760fab68aab	1	1.0	0.0	0.0	1.0000022777735682	1.0000023138785712	0.9999999638950805	1.0	2.313878571236466e-06	0	3.2340118793553735e-05	1	1.0	0.0	0.0	1.0000022959169264	1.0000023138768996	0.9999999820400683	1.0	2.3138768997050797e-06	0	3.234009710287783e-05	1	
exampleTumor1	m226	region2	1	1.0	0.9999999744101855	1.0	2.0	1.0					clipp2_single_switch_path_mixture_v1	5c247107561660669e1e40fa17e9c74b9ce7f23c4cacc5cd6479e760fab68aab	1	0.0	0.0	1.0	1.0000346165658172	1.0000346165658172	1.0	1.0	3.4616565817155494e-05	0	0.0003901688831705601	1	1.0	0.0	0.0	1.0000345910149764	1.0000346166056766	0.9999999744101855	1.0	3.461660567662512e-05	0	0.00039016929257285266	1	
exampleTumor1	m227	region1	1	1.0	0.9999999820400683	1.0	1.0	1.0					clipp2_single_switch_path_mixture_v1	5c247107561660669e1e40fa17e9c74b9ce7f23c4cacc5cd6479e760fab68aab	3	0.0	0.079958172849925	0.9200418271500751	1.0151758431392763	1.0151758431392763	1.0	1.0	0.079958172849925	0	0.33408998553910085	3	0.9200418144334738	0.0799581855665263	0.0	1.015175826874899	1.0151758451073878	0.9999999820400683	1.0	0.0799581855665263	0	0.3340900254191579	1	
exampleTumor1	m227	region2	1	0.9999999612845131	0.9999999744101855	1.0	1.0	1.0					clipp2_single_switch_path_mixture_v1	5c247107561660669e1e40fa17e9c74b9ce7f23c4cacc5cd6479e760fab68aab	3	0.9655377379829931	0.03446226201700692	0.0	1.0110533479774455	1.0110533871208698	0.9999999612845131	1.0	0.03446226201700692	0	0.17381403817761665	3	0.9655377449523956	0.03446225504760443	0.0	1.01105335909393	1.0110533849665984	0.9999999744101855	1.0	0.03446225504760443	0	0.17381401011902842	1	
exampleTumor1	m228	region1	2	0.46446987180691585	0.4644698459572693	0.43946078886605616	2.0	1.0					clipp2_single_switch_path_mixture_v1	5c247107561660669e1e40fa17e9c74b9ce7f23c4cacc5cd6479e760fab68aab	1	1.0	0.0	0.0	0.4645158644422544	1.0000990217840386	0.46446987180691585	1.0	9.902178403861929e-05	0	0.0010120146322071158	1	1.0	0.0	0.0	0.4645158386216096	1.0000990218519903	0.4644698459572693	1.0	9.902185199013778e-05	0	0.0010120152587249774	1	
exampleTumor1	m228	region2	2	0.5783395316443075	0.5783395130938829	0.5608789113245486	2.0	1.0					clipp2_single_switch_path_mixture_v1	5c247107561660669e1e40fa17e9c74b9ce7f23c4cacc5cd6479e760fab68aab	1	1.0	0.0	0.0	0.5783512790253459	1.0000203122567206	0.5783395316443075	1.0	2.0312256720538895e-05	0	0.00023977148285831334	1	1.0	0.0	0.0	0.5783512604817516	1.0000203122691822	0.5783395130938829	1.0	2.031226918219997e-05	0	0.0002397716174974449	1	
exampleTumor1	m229	region1	1	0.9999999638952772	0.9999999820400683	1.0	2.0	1.0					clipp2_single_switch_path_mixture_v1	5c247107561660669e1e40fa17e9c74b9ce7f23c4cacc5cd6479e760fab68aab	1	1.0	0.0	0.0	1.000003290996083	1.0000033271009259	0.9999999638952772	1.0	3.3271009259802727e-06	0	4.529318090662924e-05	1	1.0	0.0	0.0	1.0000033091384362	1.0000033270984277	0.9999999820400683	1.0	3.3270984276588703e-06	0	4.529314939427292e-05	1	
exampleTumor1	m229	region2	1	0.9999999612842846	0.9999999744101855	1.0	2.0	1.0					clipp2_single_switch_path_mixture_v1	5c247107561660669e1e40fa17e9c74b9ce7f23c4cacc5cd6479e760fab68aab	1	1.0	0.0	0.0	0.9999999631564392	1.0000000018721547	0.9999999612842846	1.0	1.87215464935061e-09	0	3.9495303704399565e-08	1	1.0	0.0	0.0	0.9999999762823386	1.000000001872153	0.9999999744101855	1.0	1.8721532225471384e-09	0	3.949527501461909e-08	1	
exampleTumor1	m230	region1	1	1.0	0.9999999820400683	1.0	1.0	1.0					clipp2_single_switch_path_mixture_v1	5c247107561660669e1e40fa17e9c74b9ce7f23c4cacc5cd6479e760fab68aab	3	0.0	0.029978172892072535	0.9700218271079274	1.0139576307211193	1.0139576307211193	1.0	1.0	0.029978172892072535	0	0.1554455728290953	3	0.9700218159131994	0.029978184086800648	0.0	1.013957617704173	1.0139576359147828	0.9999999820400683	1.0	0.029978184086800648	0	0.15544561951106672	1	
exampleTumor1	m230	region2	1	1.0	0.9999999744101855	1.0	2.0	1.0					clipp2_single_switch_path_mixture_v1	5c247107561660669e1e40fa17e9c74b9ce7f23c4cacc5cd6479e760fab68aab	3	0.0	4.144871254391582e-06	0.9999958551287456	1.0000023076576066	1.0000023076576066	1.0	1.0	4.144871254391582e-06	0	5.8387905813319854e-05	3	0.999995855124922	4.144875078037733e-06	0.0	1.0000022820698677	1.0000023076597413	0.9999999744101855	1.0	4.144875078037733e-06	0	5.838795585250289e-05	1	
exampleTumor1	m231	region1	1	1.0	0.9999999820400683	1.0	1.0	1.0					clipp2_single_switch_path_mixture_v1	5c247107561660669e1e40fa17e9c74b9ce7f23c4cacc5cd6479e760fab68aab	1	0.0	0.9952067408594002	0.004793259140599892	1.4633614006461868	1.4633614006461868	1.4655931090720467	1.4655931090720467	0.9952067408594002	1	0.7202051142456922	1	0.004793258033717681	0.9952067419662823	0.0	1.4633613742646898	1.4633614005465605	1.4655930911121149	1.465593117434067	0.9952067419662823	1	0.7202051091068862	1	
exampleTumor1	m231	region2	1	0.9999999612863486	0.9999999744101855	1.0	2.0	1.0					clipp2_single_switch_path_mixture_v1	5c247107561660669e1e40fa17e9c74b9ce7f23c4cacc5cd6479e760fab68aab	1	0.028486741978137664	0.9715132580218624	0.0	1.5408900744355647	1.5408901340890482	1.5567500518050637	1.5567501120725449	0.9715132580218624	1	0.802843605612053	1	0.028486751484714495	0.9715132485152855	0.0	1.5408900886416048	1.5408901280726974	1.5567500780527375	1.556750117889684	0.9715132485152855	1	0.8028436325752601	1	
exampleTumor1	m232	region1	2	0.46446988909388176	0.4644698459572693	0.43946078886605616	2.0	1.0					clipp2_single_switch_path_mixture_v1	5c247107561660669e1e40fa17e9c74b9ce7f23c4cacc5cd6479e760fab68aab	1	1.0	0.0	0.0	0.46447262860232524	1.0000058981400255	0.46446988909388176	1.0	5.898140025320307e-06	0	7.691688060089755e-05	1	1.0	0.0	0.0	0.46447258546881987	1.0000058981472628	0.4644698459572693	1.0	5.8981472626559415e-06	0	7.691696774467952e-05	1	
exampleTumor1	m232	region2	2	0.5783395083175392	0.5783395130938829	0.5608789113245486	2.0	1.0					clipp2_single_switch_path_mixture_v1	5c247107561660669e1e40fa17e9c74b9ce7f23c4cacc5cd6479e760fab68aab	1	1.0	0.0	0.0	0.5783589539418805	1.000033623198937	0.5783395083175392	1.0	3.362319893704333e-05	0	0.00037995147751500807	1	1.0	0.0	0.0	0.5783589587142624	1.000033623191809	0.5783395130938829	1.0	3.362319180885585e-05	0	0.0003799514040929298	1	
exampleTumor1	m233	region1	2	0.464469876938098	0.4644698459572693	0.43946078886605616	2.0	1.0					clipp2_single_switch_path_mixture_v1	5c247107561660669e1e40fa17e9c74b9ce7f23c4cacc5cd6479e760fab68aab	1	1.0	0.0	0.0	0.46447656168763746	1.0000143922132982	0.464469876938098	1.0	1.439221329814239e-05	0	0.00017484835183491823	1	1.0	0.0	0.0	0.4644765307125157	1.0000143922265452	0.4644698459572693	1.0	1.4392226545211436e-05	0	0.00017484849952395377	1	
exampleTumor1	m233	region2	2	0.5783395225507162	0.5783395130938829	0.5608789113245486	2.0	1.0					clipp2_single_switch_path_mixture_v1	5c247107561660669e1e40fa17e9c74b9ce7f23c4cacc5cd6479e760fab68aab	1	1.0	0.0	0.0	0.5783457477395894	1.0000107639001494	0.5783395225507162	1.0	1.0763900149500018e-05	0	0.0001338954608398068	1	1.0	0.0	0.0	0.5783457382849599	1.000010763904136	0.5783395130938829	1.0	1.076390413618866e-05	0	0.000133895506444752	1	
exampleTumor1	m234	region1	1	1.0	0.9999999820400683	1.0	1.0	1.0					clipp2_single_switch_path_mixture_v1	5c247107561660669e1e40fa17e9c74b9ce7f23c4cacc5cd6479e760fab68aab	3	0.0	0.12424540777397511	0.8757545922260249	1.0578478056934093	1.0578478056934093	1.0	1.0	0.12424540777397511	0	0.4614195391633847	3	0.875754556050294	0.12424544394970602	0.0	1.0578478034609287	1.0578478224598034	0.9999999820400683	1.0	0.12424544394970602	0	0.46141963488343574	1	
exampleTumor1	m234	region2	1	0.9999999612852953	0.9999999744101855	1.0	2.0	1.0					clipp2_single_switch_path_mixture_v1	5c247107561660669e1e40fa17e9c74b9ce7f23c4cacc5cd6479e760fab68aab	3	0.5723942966179748	0.4276057033820252	0.0	1.2380694836264197	1.238069531557916	0.9999999612852953	1.0	0.4276057033820252	0	0.9790220660986377	3	0.5723943743654927	0.4276056256345073	0.0	1.2380694562715095	1.2380694879534782	0.9999999744101855	1.0	0.4276056256345073	0	0.9790219895349127	1	
exampleTumor1	m235	region1	3	0.2046608251811135	0.20466086196598293	0.18776779171076713	1.0	1.0					clipp2_single_switch_path_mixture_v1	5c247107561660669e1e40fa17e9c74b9ce7f23c4cacc5cd6479e760fab68aab	3	1.0	0.0	0.0	0.20711489257481575	1.0119908995360032	0.2046608251811135	1.0	0.011990899536003073	0	0.2844114524689423	3	1.0	0.0	0.0	0.20711492741953275	1.0119908879009691	0.20466086196598293	1.0	0.011990887900969123	0	0.2844114037247661	1	
exampleTumor1	m235	region2	3	0.2680187394599296	0.26801886587083323	0.2487078336611672	2.0	1.0					clipp2_single_switch_path_mixture_v1	5c247107561660669e1e40fa17e9c74b9ce7f23c4cacc5cd6479e760fab68aab	3	1.0	0.0	0.0	0.2683845793307588	1.0013649787009908	0.2680187394599296	1.0	0.001364978700990904	0	0.1934428779892934	3	1.0	0.0	0.0	0.2683847044179261	1.0013649731182326	0.26801886587083323	1.0	0.0013649731182325882	0	0.19344284219305027	1	
exampleTumor1	m236	region1	1	1.0	0.9999999820400683	1.0	2.0	1.0					clipp2_single_switch_path_mixture_v1	5c247107561660669e1e40fa17e9c74b9ce7f23c4cacc5cd6479e760fab68aab	1	0.0	0.0	1.0	1.0000093584535872	1.0000093584535872	1.0	1.0	9.358453587157554e-06	0	0.00011772210097014011	1	1.0	0.0	0.0	1.0000093405003552	1.0000093584604548	0.9999999820400683	1.0	9.358460454747442e-06	0	0.00011772218049139627	1	
exampleTumor1	m236	region2	1	0.9999999612843877	0.9999999744101855	1.0	2.0	1.0					clipp2_single_switch_path_mixture_v1	5c247107561660669e1e40fa17e9c74b9ce7f23c4cacc5cd6479e760fab68aab	1	1.0	0.0	0.0	1.0000006158453865	1.000000654561024	0.9999999612843877	1.0	6.545610240926746e-07	0	9.97505226667112e-06	1	1.0	0.0	0.0	1.0000006289707688	1.0000006545606	0.9999999744101855	1.0	6.545606000712298e-07	0	9.97504622892954e-06	1	
exampleTumor1	m237	region1	1	0.999999963895653	0.9999999820400683	1.0	1.0	1.0					clipp2_single_switch_path_mixture_v1	5c247107561660669e1e40fa17e9c74b9ce7f23c4cacc5cd6479e760fab68aab	3	0.9858861821415676	0.014113817858432352	0.0	1.006571259978452	1.0065712963200513	0.999999963895653	1.0	0.014113817858432352	0	0.08393004515269811	3	0.9858861868508646	0.014113813149135405	0.0	1.0065712760582948	1.0065712941362464	0.9999999820400683	1.0	0.014113813149135405	0	0.08393002189096613	1	
exampleTumor1	m237	region2	1	0.9999999612844521	0.9999999744101855	1.0	2.0	1.0					clipp2_single_switch_path_mixture_v1	5c247107561660669e1e40fa17e9c74b9ce7f23c4cacc5cd6479e760fab68aab	3	0.996258358782884	0.003741641217115943	0.0	1.0020831204431926	1.002083159239391	0.9999999612844521	1.0	0.003741641217115943	0	0.027237295790939933	3	0.9962583600470755	0.0037416399529244977	0.0	1.0020831328896431	1.0020831585327652	0.9999999744101855	1.0	0.0037416399529244977	0	0.027237287854814374	1	
exampleTumor1	m238	region1	1	0.9999999638984963	0.9999999820400683	1.0	1.0	1.0					clipp2_single_switch_path_mixture_v1	5c247107561660669e1e40fa17e9c74b9ce7f23c4cacc5cd6479e760fab68aab	3	0.5103801262012034	0.4896198737987967	0.0	1.2279635943659337	1.2279636386972674	0.9999999638984963	1.0	0.4896198737987967	0	1.0323103061078944	3	0.5103802095913778	0.48961979040862225	0.0	1.2279635781228535	1.2279636001769958	0.9999999820400683	1.0	0.48961979040862225	0	1.0323102448433175	1	
exampleTumor1	m238	region2	1	0.9999999612864038	0.9999999744101855	1.0	2.0	1.0					clipp2_single_switch_path_mixture_v1	5c247107561660669e1e40fa17e9c74b9ce7f23c4cacc5cd6479e760fab68aab	1	0.05503001573058507	0.9449699842694148	0.0	1.5261121038575134	1.5261121629388035	1.5567500518051738	1.556750112072569	0.9449699842694148	1	0.8680708292449968	1	0.05503003525137227	0.9449699647486278	0.0	1.5261121123138854	1.5261121513668123	1.5567500780527375	1.556750117889684	0.9449699647486278	1	0.8680708712171696	1	
exampleTumor1	m239	region1	1	1.0	0.9999999820400683	1.0	2.0	1.0					clipp2_single_switch_path_mixture_v1	5c247107561660669e1e40fa17e9c74b9ce7f23c4cacc5cd6479e760fab68aab	2	0.0	0.0	1.0	1.8162214216565342	1.8162214216565342	2.0	2.0	0.8162214216565342	1	0.47707501979378863	2	1.0	0.0	0.0	1.8162214737139604	1.8162215063331746	1.9999999640801367	2.0	0.8162215063331744	1	0.4770748935447884	1	
exampleTumor1	m239	region2	1	1.0	0.9999999744101855	1.0	2.0	1.0					clipp2_single_switch_path_mixture_v1	5c247107561660669e1e40fa17e9c74b9ce7f23c4cacc5cd6479e760fab68aab	2	0.0	0.0	1.0	1.9934839937247677	1.9934839937247677	2.0	2.0	0.9934839937247676	1	0.03929300689382806	2	0.9999999999999999	0.0	0.0	1.9934839486031513	1.993483999616037	1.999999948820371	2.0	0.993483999616037	1	0.03929297727867133	1	
exampleTumor1	m240	region1	2	0.4644698223695966	0.4644698459572693	0.43946078886605616	2.0	1.0					clipp2_single_switch_path_mixture_v1	5c247107561660669e1e40fa17e9c74b9ce7f23c4cacc5cd6479e760fab68aab	1	1.0	0.0	0.0	0.46786743178989376	1.0073150272776894	0.4644698223695966	1.0	0.007315027277689411	0	0.04326222746644258	1	1.0	0.0	0.0	0.46786745318650486	1.0073150221888638	0.4644698459572693	1.0	0.007315022188863806	0	0.04326220247785122	1	
exampleTumor1	m240	region2	2	0.5783395169201749	0.5783395130938829	0.5608789113245486	2.0	1.0					clipp2_single_switch_path_mixture_v1	5c247107561660669e1e40fa17e9c74b9ce7f23c4cacc5cd6479e760fab68aab	1	1.0	0.0	0.0	0.5783509822098798	1.0000198244964582	0.5783395169201749	1.0	1.9824496458259412e-05	0	0.0002344956874720967	1	0.9999999999999999	0.0	0.0	0.5783509783853064	1.000019824499561	0.5783395130938829	1.0	1.982449956109344e-05	0	0.00023449572107148755	1	
exampleTumor1	m241	region1	1	1.0	0.9999999820400683	1.0	2.0	1.0					clipp2_single_switch_path_mixture_v1	5c247107561660669e1e40fa17e9c74b9ce7f23c4cacc5cd6479e760fab68aab	1	0.0	0.0	1.0	1.0000509255537702	1.0000509255537702	1.0	1.0	5.092555377023429e-05	0	0.0005543307770182328	1	1.0	0.0	0.0	1.00005090762694	1.0000509255877863	0.9999999820400683	1.0	5.092558778611371e-05	0	0.0005543311132683248	1	
exampleTumor1	m241	region2	1	0.9999999612843345	0.9999999744101855	1.0	2.0	1.0					clipp2_single_switch_path_mixture_v1	5c247107561660669e1e40fa17e9c74b9ce7f23c4cacc5cd6479e760fab68aab	1	1.0	0.0	0.0	1.0000000062877756	1.0000000450034428	0.9999999612843345	1.0	4.5003442690356864e-08	0	8.06305388054575e-07	1	1.0	0.0	0.0	1.0000000194135965	1.000000045003412	0.9999999744101855	1.0	4.500341225104177e-08	0	8.063048731462794e-07	1	
exampleTumor1	m242	region1	1	1.0	0.9999999820400683	1.0	2.0	1.0					clipp2_single_switch_path_mixture_v1	5c247107561660669e1e40fa17e9c74b9ce7f23c4cacc5cd6479e760fab68aab	2	0.0	0.0	1.0	1.9965707383872289	1.9965707383872289	2.0	2.0	0.9965707383872288	1	0.022885841689652606	2	1.0	0.0	0.0	1.996570704586731	1.996570740445005	1.9999999640801367	2.0	0.9965707404450049	1	0.02288583001799635	1	
exampleTumor1	m242	region2	1	1.0	0.9999999744101855	1.0	2.0	1.0					clipp2_single_switch_path_mixture_v1	5c247107561660669e1e40fa17e9c74b9ce7f23c4cacc5cd6479e760fab68aab	2	0.0	0.0	1.0	1.998959290691914	1.998959290691914	2.0	2.0	0.9989592906919139	1	0.008187605887849773	2	1.0	0.0	0.0	1.9989592406201904	1.9989592917731878	1.999999948820371	2.0	0.9989592917731877	1	0.008187598462945936	1	
exampleTumor1	m243	region1	2	0.4644698448141244	0.4644698459572693	0.43946078886605616	1.0	1.0					clipp2_single_switch_path_mixture_v1	5c247107561660669e1e40fa17e9c74b9ce7f23c4cacc5cd6479e760fab68aab	3	1.0	0.0	0.0	0.4645426181933954	1.0001566805252988	0.4644698448141244	1.0	0.00015668052529896014	0	0.22360763019316926	3	0.9999999999999999	0.0	0.0	0.4645426193337608	1.000156680518929	0.4644698459572693	1.0	0.00015668051892902356	0	0.22360763013877621	1	
exampleTumor1	m243	region2	2	0.57833952424137	0.5783395130938829	0.5608789113245486	2.0	1.0					clipp2_single_switch_path_mixture_v1	5c247107561660669e1e40fa17e9c74b9ce7f23c4cacc5cd6479e760fab68aab	3	0.9931418958470966	0.006858104152903429	0.0	0.5792661339938447	1.001602189913771	0.57833952424137	1.0	0.006858104152903429	0	0.04100771727539434	3	0.9931418941480445	0.0068581058519555085	0.0	0.5792661229994654	1.0016021902093903	0.5783395130938829	1.0	0.0068581058519555085	0	0.041007725729720515	1	
exampleTumor1	m244	region1	1	1.0	0.9999999820400683	1.0	1.0	1.0					clipp2_single_switch_path_mixture_v1	5c247107561660669e1e40fa17e9c74b9ce7f23c4cacc5cd6479e760fab68aab	1	0.0	0.9752551815673717	0.024744818432628397	1.454072092124576	1.454072092124576	1.4655931090720467	1.4655931090720467	0.9752551815673717	1	0.7919660149671128	1	0.0247448112279529	0.9752551887720471	0.0	1.4540720687613333	1.4540720948763688	1.4655930911121149	1.465593117434067	0.9752551887720471	1	0.7919659934904356	1	
exampleTumor1	m244	region2	1	0.9999999612864889	0.9999999744101855	1.0	2.0	1.0					clipp2_single_switch_path_mixture_v1	5c247107561660669e1e40fa17e9c74b9ce7f23c4cacc5cd6479e760fab68aab	2	0.0038275016626598017	0.9961724983373402	0.0	1.5546191091908657	1.5546191693756322	1.5567500905188556	1.55675015078612	0.9961724983373402	1	0.715616451059718	2	0.003827502960021284	0.9961724970399787	0.0	1.5546191281289885	1.5546191679114045	1.556750103642552	1.5567501434794992	0.9961724970399787	1	0.7156164573760019	1	
exampleTumor1	m245	region1	2	0.4644698270796185	0.4644698459572693	0.43946078886605616	1.0	1.0					clipp2_single_switch_path_mixture_v1	5c247107561660669e1e40fa17e9c74b9ce7f23c4cacc5cd6479e760fab68aab	3	1.0	0.0	0.0	0.46658949439958275	1.0045636275951266	0.4644698270796185	1.0	0.004563627595126578	0	0.25024889273958395	3	1.0	0.0	0.0	0.4665895120822135	1.0045636248367762	0.4644698459572693	1.0	0.004563624836776175	0	0.2502488784983571	1	
exampleTumor1	m245	region2	2	0.5783395126135743	0.5783395130938829	0.5608789113245486	2.0	1.0					clipp2_single_switch_path_mixture_v1	5c247107561660669e1e40fa17e9c74b9ce7f23c4cacc5cd6479e760fab68aab	3	0.9692147238224577	0.030785276177542294	0.0	0.5825447395735067	1.0072712081194808	0.5783395126135743	1.0	0.030785276177542294	0	0.13819190241621457	3	0.9692147240042022	0.030785275995797785	0.0	0.5825447400435552	1.0072712080957016	0.5783395130938829	1.0	0.030785275995797785	0	0.13819190178274635	1	
exampleTumor1	m246	region1	2	0.4644698886151783	0.4644698459572693	0.43946078886605616	2.0	1.0					clipp2_single_switch_path_mixture_v1	5c247107561660669e1e40fa17e9c74b9ce7f23c4cacc5cd6479e760fab68aab	1	1.0	0.0	0.0	0.4644711939083421	1.0000028102858673	0.4644698886151783	1.0	2.810285867306001e-06	0	3.8731986355443766e-05	1	1.0	0.0	0.0	0.4644711512520027	1.0000028102895049	0.4644698459572693	1.0	2.810289504761941e-06	0	3.873203285017683e-05	1	
exampleTumor1	m246	region2	2	0.5783395256908686	0.5783395130938829	0.5608789113245486	2.0	1.0					clipp2_single_switch_path_mixture_v1	5c247107561660669e1e40fa17e9c74b9ce7f23c4cacc5cd6479e760fab68aab	1	1.0	0.0	0.0	0.5783494878886728	1.0000172255178172	0.5783395256908686	1.0	1.7225517817410565e-05	0	0.0002061741187132216	1	1.0	0.0	0.0	0.5783494752960575	1.0000172255257493	0.5783395130938829	1.0	1.7225525749175276e-05	0	0.0002061742057174422	1	
exampleTumor1	m247	region1	2	0.4644698538126533	0.4644698459572693	0.43946078886605616	2.0	1.0					clipp2_single_switch_path_mixture_v1	5c247107561660669e1e40fa17e9c74b9ce7f23c4cacc5cd6479e760fab68aab	1	1.0	0.0	0.0	0.46475708451509573	1.0006184054790308	0.4644698538126533	1.0	0.0006184054790307838	0	0.005187220366545407	1	1.0	0.0	0.0	0.46475707671614613	1.0006184056109926	0.4644698459572693	1.0	0.0006184056109925053	0	0.005187221341445227	1	
exampleTumor1	m247	region2	2	0.5783395230393739	0.5783395130938829	0.5608789113245486	2.0	1.0					clipp2_single_switch_path_mixture_v1	5c247107561660669e1e40fa17e9c74b9ce7f23c4cacc5cd6479e760fab68aab	1	1.0	0.0	0.0	0.57835944709362	1.000034450445547	0.5783395230393739	1.0	3.445044554705746e-05	0	0.0003884622387753519	1	1.0	0.0	0.0	0.5783594371550296	1.0000344504580712	0.5783395130938829	1.0	3.445045807109853e-05	0	0.00038846236747176255	1	
exampleTumor1	m248	region1	1	0.9999999638951462	0.9999999820400683	1.0	1.0	1.0					clipp2_single_switch_path_mixture_v1	5c247107561660669e1e40fa17e9c74b9ce7f23c4cacc5cd6479e760fab68aab	3	0.9969067245251192	0.0030932754748807653	0.0	1.001440171584871	1.0014402077417233	0.9999999638951462	1.0	0.0030932754748807653	0	0.02310715034550302	3	0.9969067255740601	0.0030932744259399214	0.0	1.0014401892694773	1.001440207255275	0.9999999820400683	1.0	0.0030932744259399214	0	0.02310714356035152	1	
exampleTumor1	m248	region2	1	0.9999999612847731	0.9999999744101855	1.0	2.0	1.0					clipp2_single_switch_path_mixture_v1	5c247107561660669e1e40fa17e9c74b9ce7f23c4cacc5cd6479e760fab68aab	3	0.999982726203164	1.7273796836014946e-05	0.0	1.0000095784730596	1.0000096171886588	0.9999999612847731	1.0	1.7273796836014946e-05	0	0.0002186769121454572	3	0.9999827262116457	1.72737883543045e-05	0.0	1.0000095915938632	1.0000096171839237	0.9999999744101855	1.0	1.72737883543045e-05	0	0.00021867681325331937	1	
exampleTumor1	m249	region1	2	0.4644698288421789	0.4644698459572693	0.43946078886605616	2.0	1.0					clipp2_single_switch_path_mixture_v1	5c247107561660669e1e40fa17e9c74b9ce7f23c4cacc5cd6479e760fab68aab	1	1.0	0.0	0.0	0.46551145760246426	1.0022426187786662	0.4644698288421789	1.0	0.0022426187786662795	0	0.015920325704115428	1	1.0	0.0	0.0	0.46551147420497685	1.0022426175924526	0.4644698459572693	1.0	0.002242617592452583	0	0.01592031847074301	1	
exampleTumor1	m249	region2	2	0.5783395181672764	0.5783395130938829	0.5608789113245486	2.0	1.0					clipp2_single_switch_path_mixture_v1	5c247107561660669e1e40fa17e9c74b9ce7f23c4cacc5cd6479e760fab68aab	1	1.0	0.0	0.0	0.578594492640893	1.000440873337559	0.5783395181672764	1.0	0.0004408733375590183	0	0.0038472954958600094	1	1.0	0.0	0.0	0.578594487609152	1.0004408734134473	0.5783395130938829	1.0	0.0004408734134472607	0	0.0038472960821962915	1	
exampleTumor1	m250	region1	2	0.4644698331774328	0.4644698459572693	0.43946078886605616	1.0	1.0					clipp2_single_switch_path_mixture_v1	5c247107561660669e1e40fa17e9c74b9ce7f23c4cacc5cd6479e760fab68aab	3	1.0	0.0	0.0	0.464987313304417	1.001114130757307	0.4644698331774328	1.0	0.001114130757306939	0	0.23055481777810166	3	1.0	0.0	0.0	0.46498732587351593	1.0011141302729354	0.4644698459572693	1.0	0.0011141302729352725	0	0.2305548145926541	1	
exampleTumor1	m250	region2	2	0.5783394973781854	0.5783395130938829	0.5608789113245486	2.0	1.0					clipp2_single_switch_path_mixture_v1	5c247107561660669e1e40fa17e9c74b9ce7f23c4cacc5cd6479e760fab68aab	3	0.9335706602659193	0.06642933973408073	0.0	0.5878471303098693	1.016439535903713	0.5783394973781854	1.0	0.06642933973408073	0	0.25056985163526824	3	0.9335706690664515	0.06642933093354854	0.0	0.5878471456672961	1.0164395348375062	0.5783395130938829	1.0	0.06642933093354854	0	0.25056982639858855	1	
exampleTumor1	m251	region1	1	0.999999963894547	0.9999999820400683	1.0	2.0	1.0					clipp2_single_switch_path_mixture_v1	5c247107561660669e1e40fa17e9c74b9ce7f23c4cacc5cd6479e760fab68aab	1	1.0	0.0	0.0	1.00001227994327	1.0000123160491676	0.999999963894547	1.0	1.2316049167735217e-05	0	0.00015154407309363714	1	1.0	0.0	0.0	1.0000122980814055	1.0000123160415584	0.9999999820400683	1.0	1.231604155827929e-05	0	0.00015154398707180455	1	
exampleTumor1	m251	region2	1	0.9999999612840855	0.9999999744101855	1.0	2.0	1.0					clipp2_single_switch_path_mixture_v1	5c247107561660669e1e40fa17e9c74b9ce7f23c4cacc5cd6479e760fab68aab	1	1.0	0.0	0.0	0.9999999640968007	1.0000000028127152	0.9999999612840855	1.0	2.812715286853881e-09	0	5.819259150330632e-08	1	1.0	0.0	0.0	0.9999999772228989	1.0000000028127134	0.9999999744101855	1.0	2.812713384360433e-09	0	5.819255406000669e-08	1	
exampleTumor1	m252	region1	1	1.0	0.9999999820400683	1.0	2.0	1.0					clipp2_single_switch_path_mixture_v1	5c247107561660669e1e40fa17e9c74b9ce7f23c4cacc5cd6479e760fab68aab	2	0.0	0.0	1.0	1.9999982044187188	1.9999982044187188	2.0	2.0	0.9999982044187188	1	2.555144637611756e-05	2	1.0	0.0	0.0	1.999998168499766	1.9999982044195972	1.9999999640801367	2.0	0.9999982044195972	1	2.555143475410622e-05	1	
exampleTumor1	m252	region2	1	0.9999999612866046	0.9999999744101855	1.0	2.0	1.0					clipp2_single_switch_path_mixture_v1	5c247107561660669e1e40fa17e9c74b9ce7f23c4cacc5cd6479e760fab68aab	2	1.0	0.0	0.0	1.9999858310078953	1.9999859084341405	1.9999999225732092	2.0	0.9999859084341404	1	0.00017149332866963195	2	1.0	0.0	0.0	1.999985857248698	1.9999859084279663	1.999999948820371	2.0	0.9999859084279663	1	0.00017149339763281786	1	
exampleTumor1	m253	region1	2	0.46446985136761537	0.4644698459572693	0.43946078886605616	1.0	1.0					clipp2_single_switch_path_mixture_v1	5c247107561660669e1e40fa17e9c74b9ce7f23c4cacc5cd6479e760fab68aab	3	1.0	0.0	0.0	0.46455621787102513	1.0001859464142946	0.46446985136761537	1.0	0.00018594641429452489	0	0.22385495475238884	3	1.0	0.0	0.0	0.4645562124752302	1.0001859464477891	0.4644698459572693	1.0	0.00018594644778904823	0	0.22385495503266167	1	
exampleTumor1	m253	region2	2	0.5783395192283909	0.5783395130938829	0.5608789113245486	2.0	1.0					clipp2_single_switch_path_mixture_v1	5c247107561660669e1e40fa17e9c74b9ce7f23c4cacc5cd6479e760fab68aab	3	0.9764365658674895	0.023563434132510396	0.0	0.5815460876076846	1.005544439334825	0.5783395192283909	1.0	0.023563434132510396	0	0.11199188332663725	3	0.9764365639406768	0.023563436059323158	0.0	0.5815460815918301	1.0055444395987978	0.5783395130938829	1.0	0.023563436059323158	0	0.11199189054392228	1	
exampleTumor1	m254	region1	1	0.999999963898485	0.9999999820400683	1.0	1.0	1.0					clipp2_single_switch_path_mixture_v1	5c247107561660669e1e40fa17e9c74b9ce7f23c4cacc5cd6479e760fab68aab	3	0.4330527124724356	0.5669472875275644	0.0	1.2639667039445788	1.2639667495756934	0.999999963898485	1.0	0.5669472875275644	1	1.0771342381803763	3	0.43305278973509825	0.5669472102649018	0.0	1.2639666912558605	1.2639667139566162	0.9999999820400683	1.0	0.5669472102649018	1	1.0771342054410602	1	
exampleTumor1	m254	region2	1	0.9999999612860384	0.9999999744101855	1.0	2.0	1.0					clipp2_single_switch_path_mixture_v1	5c247107561660669e1e40fa17e9c74b9ce7f23c4cacc5cd6479e760fab68aab	1	0.12567812518085333	0.8743218748191468	0.0	1.4867787611580505	1.4867788187171487	1.5567500518044433	1.5567501120724072	0.8743218748191468	1	0.9841213754217164	1	0.12567816333581322	0.8743218366641868	0.0	1.4867787587767842	1.4867787968231778	1.5567500780527375	1.556750117889684	0.8743218366641868	1	0.984121422984819	1	
exampleTumor1	m255	region1	2	0.46446983317685614	0.4644698459572693	0.43946078886605616	1.0	1.0					clipp2_single_switch_path_mixture_v1	5c247107561660669e1e40fa17e9c74b9ce7f23c4cacc5cd6479e760fab68aab	3	1.0	0.0	0.0	0.46498731330384985	1.0011141307573288	0.46446983317685614	1.0	0.0011141307573287948	0	0.23055481777824652	3	1.0	0.0	0.0	0.46498732587351593	1.0011141302729354	0.4644698459572693	1.0	0.0011141302729352725	0	0.2305548145926541	1	
exampleTumor1	m255	region2	2	0.5783394993620373	0.5783395130938829	0.5608789113245486	2.0	1.0					clipp2_single_switch_path_mixture_v1	5c247107561660669e1e40fa17e9c74b9ce7f23c4cacc5cd6479e760fab68aab	3	0.9755344992156396	0.024465500784360338	0.0	0.58165022102331	1.0057245297354318	0.5783394993620373	1.0	0.024465500784360338	0	0.1150574448298587	3	0.975534504750791	0.02446549524920906	0.0	0.5816502343412282	1.0057245288837942	0.5783395130938829	1.0	0.02446549524920906	0	0.11505742439095959	1	
exampleTumor1	m256	region1	1	0.9999999638964335	0.9999999820400683	1.0	1.0	1.0					clipp2_single_switch_path_mixture_v1	5c247107561660669e1e40fa17e9c74b9ce7f23c4cacc5cd6479e760fab68aab	3	0.8721776564169802	0.12782234358301978	0.0	1.0242602937948446	1.0242603307742955	0.9999999638964335	1.0	0.12782234358301978	0	0.47082570330001355	3	0.8721776760105351	0.12782232398946486	0.0	1.0242603093792575	1.024260327774903	0.9999999820400683	1.0	0.12782232398946486	0	0.4708256520922771	1	
exampleTumor1	m256	region2	1	0.9999999612848643	0.9999999744101855	1.0	1.0	1.0					clipp2_single_switch_path_mixture_v1	5c247107561660669e1e40fa17e9c74b9ce7f23c4cacc5cd6479e760fab68aab	3	0.9496755623590133	0.05032443764098672	0.0	1.0161409641324426	1.0161410034724794	0.9999999612848643	1.0	0.05032443764098672	0	0.23435166651171857	3	0.9496755747915403	0.05032442520845974	0.0	1.0161409736004314	1.016140999603291	0.9999999744101855	1.0	0.05032442520845974	0	0.23435162137198706	1	
exampleTumor1	m257	region1	1	1.0	0.9999999820400683	1.0	1.0	1.0					clipp2_single_switch_path_mixture_v1	5c247107561660669e1e40fa17e9c74b9ce7f23c4cacc5cd6479e760fab68aab	3	0.0	0.08503921088514368	0.9149607891148563	1.0395936705890474	1.0395936705890474	1.0	1.0	0.08503921088514368	0	0.3498522575927519	3	0.9149607678826406	0.08503923211735945	0.0	1.0395936617510397	1.0395936804220711	0.9999999820400683	1.0	0.08503923211735945	0	0.34985232275263417	1	
exampleTumor1	m257	region2	1	1.0	0.9999999744101855	1.0	2.0	1.0					clipp2_single_switch_path_mixture_v1	5c247107561660669e1e40fa17e9c74b9ce7f23c4cacc5cd6479e760fab68aab	3	0.0	0.052541346243408574	0.9474586537565914	1.0292524013110602	1.0292524013110602	1.0	1.0	0.052541346243408574	0	0.24235004889583237	3	0.9474586152817334	0.052541384718266713	0.0	1.0292523964698659	1.0292524228082445	0.9999999744101855	1.0	0.052541384718266713	0	0.24235018684088272	1	
exampleTumor1	m258	region1	3	0.20466094158551043	0.20466086196598293	0.18776779171076713	1.0	1.0					clipp2_single_switch_path_mixture_v1	5c247107561660669e1e40fa17e9c74b9ce7f23c4cacc5cd6479e760fab68aab	3	1.0	0.0	0.0	0.20490825493049547	1.0012084051948023	0.20466094158551043	1.0	0.0012084051948020637	0	0.2311709240934407	3	1.0	0.0	0.0	0.20490817576343795	1.001208407875738	0.20466086196598293	1.0	0.0012084078757380126	0	0.23117094150646966	1	
exampleTumor1	m258	region2	3	0.26801873232903595	0.26801886587083323	0.2487078336611672	2.0	1.0					clipp2_single_switch_path_mixture_v1	5c247107561660669e1e40fa17e9c74b9ce7f23c4cacc5cd6479e760fab68aab	3	1.0	0.0	0.0	0.26825331898040355	1.0008752621480188	0.26801873232903595	1.0	0.0008752621480188269	0	0.19020195604268902	3	1.0	0.0	0.0	0.2682534515660474	1.0008752581444293	0.26801886587083323	1.0	0.0008752581444293921	0	0.19020192859092128	1	
exampleTumor1	m259	region1	1	0.9999999638947543	0.9999999820400683	1.0	2.0	1.0					clipp2_single_switch_path_mixture_v1	5c247107561660669e1e40fa17e9c74b9ce7f23c4cacc5cd6479e760fab68aab	1	1.0	0.0	0.0	1.0000011080997122	1.0000011442049992	0.9999999638947543	1.0	1.1442049991704595e-06	0	1.6797844653303218e-05	1	1.0	0.0	0.0	1.000001126244242	1.0000011442041943	0.9999999820400683	1.0	1.1442041943402273e-06	0	1.6797833642500566e-05	1	
exampleTumor1	m259	region2	1	0.9999999612840735	0.9999999744101855	1.0	2.0	1.0					clipp2_single_switch_path_mixture_v1	5c247107561660669e1e40fa17e9c74b9ce7f23c4cacc5cd6479e760fab68aab	1	1.0	0.0	0.0	0.9999999715115959	1.0000000102275228	0.9999999612840735	1.0	1.0227522591542296e-08	0	1.983953593953908e-07	1	1.0	0.0	0.0	0.9999999846377012	1.000000010227516	0.9999999744101855	1.0	1.0227515966039968e-08	0	1.983952375733679e-07	1	
exampleTumor1	m260	region1	1	0.9999999639000023	0.9999999820400683	1.0	1.0	1.0					clipp2_single_switch_path_mixture_v1	5c247107561660669e1e40fa17e9c74b9ce7f23c4cacc5cd6479e760fab68aab	1	0.12220155198704373	0.8777984480129564	0.0	1.4086968566047111	1.4086969074586662	1.465593072972049	1.4655931258799575	0.8777984480129564	1	0.9797321202715408	1	0.12220158503678889	0.8777984149632112	0.0	1.4086968673187048	1.4086968926188048	1.4655930911121149	1.465593117434067	0.8777984149632112	1	0.9797321625288764	1	
exampleTumor1	m260	region2	1	1.0	0.9999999744101855	1.0	2.0	1.0					clipp2_single_switch_path_mixture_v1	5c247107561660669e1e40fa17e9c74b9ce7f23c4cacc5cd6479e760fab68aab	1	0.0	0.999997152244221	2.8477557789675987e-06	1.5567485437439685	1.5567485437439685	1.5567501292323664	1.5567501292323664	0.999997152244221	1	0.6931844173324299	2	2.8477542690261577e-06	0.9999971522457309	0.0	1.5567485053601262	1.5567485451970327	1.556750103642552	1.5567501434794992	0.9999971522457309	1	0.6931844173141788	1	
exampleTumor1	m261	region1	1	0.9999999638998865	0.9999999820400683	1.0	1.0	1.0					clipp2_single_switch_path_mixture_v1	5c247107561660669e1e40fa17e9c74b9ce7f23c4cacc5cd6479e760fab68aab	2	0.16449604098952017	0.8355039590104798	0.0	1.3890048347366857	1.3890048848799197	1.4655930368718195	1.4655930897798963	0.8355039590104798	1	1.0261779140112612	2	0.1644960846703028	0.8355039153296973	0.0	1.3890048401174933	1.3890048650639257	1.4655930731521831	1.465593099474135	0.8355039153296973	1	1.0261779547218048	1	
exampleTumor1	m261	region2	1	0.9999999612854776	0.9999999744101855	1.0	2.0	1.0					clipp2_single_switch_path_mixture_v1	5c247107561660669e1e40fa17e9c74b9ce7f23c4cacc5cd6479e760fab68aab	1	0.06983880535584887	0.9301611946441513	0.0	1.517867308605168	1.517867367368678	1.5567500518033215	1.5567501120721585	0.9301611946441513	1	0.8979603962776924	1	0.069838822306909	0.930161177693091	0.0	1.517867318396418	1.517867357238362	1.5567500780527375	1.556750117889684	0.930161177693091	1	0.8979604284172547	1	
exampleTumor1	m262	region1	1	0.999999963895886	0.9999999820400683	1.0	1.0	1.0					clipp2_single_switch_path_mixture_v1	5c247107561660669e1e40fa17e9c74b9ce7f23c4cacc5cd6479e760fab68aab	3	0.9896187651836253	0.010381234816374669	0.0	1.0048333951026462	1.004833431381267	0.999999963895886	1.0	0.010381234816374669	0	0.06494182788484662	3	0.9896187688559079	0.0103812311440921	0.0	1.0048334116312188	1.0048334296779584	0.9999999820400683	1.0	0.0103812311440921	0	0.0649418086036472	1	
exampleTumor1	m262	region2	1	1.0	0.9999999744101855	1.0	2.0	1.0					clipp2_single_switch_path_mixture_v1	5c247107561660669e1e40fa17e9c74b9ce7f23c4cacc5cd6479e760fab68aab	3	0.0	1.5073888263918897e-05	0.9999849261117361	1.0000083923892389	1.0000083923892389	1.0	1.0	1.5073888263918897e-05	0	0.00019288074416941035	3	0.9999849260993877	1.5073900612232895e-05	0.0	1.0000083668061064	1.0000083923961356	0.9999999744101855	1.0	1.5073900612232895e-05	0	0.00019288088982617914	1	
exampleTumor1	m263	region1	1	1.0	0.9999999820400683	1.0	1.0	1.0					clipp2_single_switch_path_mixture_v1	5c247107561660669e1e40fa17e9c74b9ce7f23c4cacc5cd6479e760fab68aab	3	0.0	0.279146252630077	0.720853747369923	1.1299685716478485	1.1299685716478485	1.0	1.0	0.279146252630077	0	0.7856346149329568	3	0.7208536881284945	0.2791463118715055	0.0	1.1299685787635934	1.1299685990577522	0.9999999820400683	1.0	0.2791463118715055	0	0.7856347121983456	1	
exampleTumor1	m263	region2	1	0.999999961285883	0.9999999744101855	1.0	2.0	1.0					clipp2_single_switch_path_mixture_v1	5c247107561660669e1e40fa17e9c74b9ce7f23c4cacc5cd6479e760fab68aab	1	0.09411062013394324	0.9058893798660568	0.0	1.504353973061184	1.5043540313009218	1.5567500518041324	1.5567501120723384	0.9058893798660568	1	0.93986119287247	1	0.09411064605830435	0.9058893539416957	0.0	1.504353977696679	1.5043540161928193	1.5567500780527375	1.556750117889684	0.9058893539416957	1	0.9398612336073924	1	
exampleTumor1	m264	region1	1	1.0	0.9999999820400683	1.0	1.0	1.0					clipp2_single_switch_path_mixture_v1	5c247107561660669e1e40fa17e9c74b9ce7f23c4cacc5cd6479e760fab68aab	3	0.0	0.12761842994052494	0.8723815700594751	1.0594182615709022	1.0594182615709022	1.0	1.0	0.12761842994052494	0	0.47029258863493606	3	0.8723815376774671	0.12761846232253293	0.0	1.0594182575418007	1.0594182765688807	0.9999999820400683	1.0	0.12761846232253293	0	0.4702926733245453	1	
exampleTumor1	m264	region2	1	0.9999999612846793	0.9999999744101855	1.0	2.0	1.0					clipp2_single_switch_path_mixture_v1	5c247107561660669e1e40fa17e9c74b9ce7f23c4cacc5cd6479e760fab68aab	3	0.976635602846609	0.02336439715339096	0.0	1.0130080919669857	1.0130081311859205	0.9999999612846793	1.0	0.02336439715339096	0	0.12705360167845767	3	0.9766356103826223	0.02336438961737779	0.0	1.0130081010501508	1.0130081269728408	0.9999999744101855	1.0	0.02336438961737779	0	0.12705356832370507	1	
exampleTumor1	m265	region1	1	1.0	0.9999999820400683	1.0	1.0	1.0					clipp2_single_switch_path_mixture_v1	5c247107561660669e1e40fa17e9c74b9ce7f23c4cacc5cd6479e760fab68aab	2	0.0	0.9346197671783304	0.06538023282166955	1.435152523200751	1.435152523200751	1.4655931090720464	1.4655931090720464	0.9346197671783304	1	0.8893507320345619	1	0.06538021846254727	0.9346197815374528	0.0	1.4351525035334747	1.435152529308716	1.4655930911121149	1.465593117434067	0.9346197815374528	1	0.889350703793431	1	
exampleTumor1	m265	region2	1	0.9999999612864303	0.9999999744101855	1.0	2.0	1.0					clipp2_single_switch_path_mixture_v1	5c247107561660669e1e40fa17e9c74b9ce7f23c4cacc5cd6479e760fab68aab	1	0.13274614151378714	0.867253858486213	0.0	1.4828436422886502	1.482843699694823	1.556750051805227	1.556750112072581	0.867253858486213	1	0.9927084333854449	1	0.1327461858617742	0.8672538141382259	0.0	1.4828436364124726	1.4828436743581672	1.5567500780527375	1.556750117889684	0.8672538141382259	1	0.9927084858821891	1	
exampleTumor1	m266	region1	2	0.46446985698586185	0.4644698459572693	0.43946078886605616	1.0	1.0					clipp2_single_switch_path_mixture_v1	5c247107561660669e1e40fa17e9c74b9ce7f23c4cacc5cd6479e760fab68aab	3	1.0	0.0	0.0	0.4644978894977304	1.0000603537806532	0.46446985698586185	1.0	6.035378065334325e-05	0	0.22274633827454426	3	1.0	0.0	0.0	0.4644978784791176	1.0000603538035726	0.4644698459572693	1.0	6.035380357251078e-05	0	0.22274633849211795	1	
exampleTumor1	m266	region2	2	0.5783394825952005	0.5783395130938829	0.5608789113245486	2.0	1.0					clipp2_single_switch_path_mixture_v1	5c247107561660669e1e40fa17e9c74b9ce7f23c4cacc5cd6479e760fab68aab	3	0.8068965618433489	0.19310343815665104	0.0	0.6240542444070099	1.079044857194726	0.5783394825952005	1.0	0.19310343815665104	0	0.5973436863374779	3	0.8068965982332775	0.19310340176672255	0.0	0.6240542607260477	1.0790448285084473	0.5783395130938829	1.0	0.19310340176672255	0	0.5973435869104954	1	
exampleTumor1	m267	region1	2	0.46446986799116946	0.4644698459572693	0.43946078886605616	1.0	1.0					clipp2_single_switch_path_mixture_v1	5c247107561660669e1e40fa17e9c74b9ce7f23c4cacc5cd6479e760fab68aab	3	1.0	0.0	0.0	0.4644720814520898	1.0000047655640825	0.46446986799116946	1.0	4.765564082645954e-06	0	0.22217514211030037	3	1.0	0.0	0.0	0.46447205941991176	1.0000047655680164	0.4644698459572693	1.0	4.7655680163166105e-06	0	0.22217514215763018	1	
exampleTumor1	m267	region2	2	0.578339505641587	0.5783395130938829	0.5608789113245486	2.0	1.0					clipp2_single_switch_path_mixture_v1	5c247107561660669e1e40fa17e9c74b9ce7f23c4cacc5cd6479e760fab68aab	3	0.9598458777898938	0.04015412221010614	0.0	0.583855955714521	1.0095384285858429	0.578339505641587	1.0	0.04015412221010614	0	0.16978965150216413	3	0.9598458811578537	0.04015411884214625	0.0	0.5838559629945866	1.0095384281651325	0.5783395130938829	1.0	0.04015411884214625	0	0.16978964061006896	1	
exampleTumor1	m268	region1	3	0.20466087679457834	0.20466086196598293	0.18776779171076713	1.0	1.0					clipp2_single_switch_path_mixture_v1	5c247107561660669e1e40fa17e9c74b9ce7f23c4cacc5cd6479e760fab68aab	3	0.9999999999999999	0.0	0.0	0.2051549072309259	1.0024138977809784	0.20466087679457834	1.0	0.0024138977809785044	0	0.23853524634705386	3	1.0	0.0	0.0	0.20515489257041974	1.0024138987771825	0.20466086196598293	1.0	0.0024138987771824567	0	0.23853525212701163	1	
exampleTumor1	m268	region2	3	0.2680187606605123	0.26801886587083323	0.2487078336611672	2.0	1.0					clipp2_single_switch_path_mixture_v1	5c247107561660669e1e40fa17e9c74b9ce7f23c4cacc5cd6479e760fab68aab	3	1.0	0.0	0.0	0.2711843466003253	1.0118110610317415	0.2680187606605123	1.0	0.011811061031741458	0	0.2453265771111678	3	1.0	0.0	0.0	0.27118444251415874	1.0118110217093863	0.26801886587083323	1.0	0.011811021709386154	0	0.24532641024619056	1	
exampleTumor1	m269	region1	1	1.0	0.9999999820400683	1.0	1.0	1.0					clipp2_single_switch_path_mixture_v1	5c247107561660669e1e40fa17e9c74b9ce7f23c4cacc5cd6479e760fab68aab	3	0.0	0.0010902736907414993	0.9989097263092584	1.0005076239174118	1.0005076239174118	1.0	1.0	0.0010902736907414993	0	0.009282512103753861	3	0.9989097259664782	0.0010902740335218446	0.0	1.0005076061072857	1.0005076240763342	0.9999999820400683	1.0	0.0010902740335218446	0	0.009282514679193665	1	
exampleTumor1	m269	region2	1	1.0	0.9999999744101855	1.0	2.0	1.0					clipp2_single_switch_path_mixture_v1	5c247107561660669e1e40fa17e9c74b9ce7f23c4cacc5cd6479e760fab68aab	3	0.0	1.2353108788984547e-05	0.999987646891211	1.0000068775949147	1.0000068775949147	1.0	1.0	1.2353108788984547e-05	0	0.00016052548392969461	3	0.9999876468818826	1.2353118117467635e-05	0.0	1.0000068520101357	1.0000068776001263	0.9999999744101855	1.0	1.2353118117467635e-05	0	0.0001605255958223414	1	
exampleTumor1	m270	region1	1	1.0	0.9999999820400683	1.0	1.0	1.0					clipp2_single_switch_path_mixture_v1	5c247107561660669e1e40fa17e9c74b9ce7f23c4cacc5cd6479e760fab68aab	3	0.0	0.34688751442203414	0.6531124855779659	1.1615084363380292	1.1615084363380292	1.0	1.0	0.34688751442203414	0	0.8859426703234377	3	0.6531124116308649	0.3468875883691352	0.0	1.1615084496923194	1.1615084705529322	0.9999999820400683	1.0	0.3468875883691352	0	0.8859427683695902	1	
exampleTumor1	m270	region2	1	1.0	0.9999999744101855	1.0	2.0	1.0					clipp2_single_switch_path_mixture_v1	5c247107561660669e1e40fa17e9c74b9ce7f23c4cacc5cd6479e760fab68aab	3	0.0	0.04615876501226509	0.9538412349877349	1.025698898385785	1.025698898385785	1.0	1.0	0.04615876501226509	0	0.21904054218325575	3	0.9538412070402909	0.04615879295970912	0.0	1.025698887765116	1.025698914012561	0.9999999744101855	1.0	0.04615879295970912	0	0.21904064619126784	1	
exampleTumor1	m271	region1	1	1.0	0.9999999820400683	1.0	1.0	1.0					clipp2_single_switch_path_mixture_v1	5c247107561660669e1e40fa17e9c74b9ce7f23c4cacc5cd6479e760fab68aab	3	0.0	0.0013920140025877356	0.9986079859974122	1.0006481121273365	1.0006481121273365	1.0	1.0	0.0013920140025877356	0	0.011511196469139763	3	0.998607985541007	0.0013920144589929515	0.0	1.0006480943674039	1.0006481123389757	0.9999999820400683	1.0	0.0013920144589929515	0	0.011511199786638594	1	
exampleTumor1	m271	region2	1	0.9999999612844753	0.9999999744101855	1.0	2.0	1.0					clipp2_single_switch_path_mixture_v1	5c247107561660669e1e40fa17e9c74b9ce7f23c4cacc5cd6479e760fab68aab	3	0.999897763221885	0.0001022367781149527	0.0	1.000056881621924	1.0000569203396523	0.9999999612844753	1.0	0.0001022367781149527	0	0.0011124706016919243	3	0.9998977632600474	0.00010223673995259615	0.0	1.0000568947270583	1.0000569203183294	0.9999999744101855	1.0	0.00010223673995259615	0	0.0011124702245994844	1	
exampleTumor1	m272	region1	1	1.0	0.9999999820400683	1.0	1.0	1.0					clipp2_single_switch_path_mixture_v1	5c247107561660669e1e40fa17e9c74b9ce7f23c4cacc5cd6479e760fab68aab	1	0.0	0.9782616642345641	0.021738335765435844	1.4554718897369652	1.4554718897369652	1.4655931090720467	1.4655931090720467	0.9782616642345641	1	0.7828087284663131	1	0.021738330795122416	0.9782616692048776	0.0	1.4554718653064211	1.455471891446597	1.4655930911121149	1.465593117434067	0.9782616692048776	1	0.7828087129909785	1	
exampleTumor1	m272	region2	1	0.9999999612867081	0.9999999744101855	1.0	2.0	1.0					clipp2_single_switch_path_mixture_v1	5c247107561660669e1e40fa17e9c74b9ce7f23c4cacc5cd6479e760fab68aab	2	0.0037581724786792097	0.9962418275213208	0.0	1.5546577082219928	1.5546577684079128	1.5567500905190745	1.5567501507859975	0.9962418275213208	1	0.7152782835675635	2	0.0037581738544742583	0.9962418261455258	0.0	1.5546577271165742	1.5546577668999781	1.556750103642552	1.5567501434794992	0.9962418261455258	1	0.7152782902909499	1	
exampleTumor1	m273	region1	1	1.0	0.9999999820400683	1.0	1.0	1.0					clipp2_single_switch_path_mixture_v1	5c247107561660669e1e40fa17e9c74b9ce7f23c4cacc5cd6479e760fab68aab	3	0.0	0.00014134683251533855	0.9998586531674847	1.0000658101112083	1.0000658101112083	1.0	1.0	0.00014134683251533855	0	0.0014922508638505437	3	0.999858653113544	0.0001413468864559442	0.0	1.0000657921751217	1.0000658101362354	0.9999999820400683	1.0	0.0001413468864559442	0	0.0014922513793770898	1	
exampleTumor1	m273	region2	1	0.9999999612846852	0.9999999744101855	1.0	2.0	1.0					clipp2_single_switch_path_mixture_v1	5c247107561660669e1e40fa17e9c74b9ce7f23c4cacc5cd6479e760fab68aab	3	0.9916777200567441	0.008322279943255842	0.0	1.004633391557501	1.0046334304522004	0.9999999612846852	1.0	0.008322279943255842	0	0.053910010746588514	3	0.9916777229525607	0.008322277047439293	0.0	1.004633403125372	1.004633428833755	0.9999999744101855	1.0	0.008322277047439293	0	0.053909994896020295	1	
exampleTumor1	m274	region1	2	0.4644698477378554	0.4644698459572693	0.43946078886605616	2.0	1.0					clipp2_single_switch_path_mixture_v1	5c247107561660669e1e40fa17e9c74b9ce7f23c4cacc5cd6479e760fab68aab	1	1.0	0.0	0.0	0.46497729843175484	1.0010925374303001	0.4644698477378554	1.0	0.001092537430300314	0	0.008542228855180745	1	1.0	0.0	0.0	0.46497729667404214	1.0010925374837347	0.4644698459572693	1.0	0.0010925374837347532	0	0.008542229219505185	1	
exampleTumor1	m274	region2	2	0.5783395207772083	0.5783395130938829	0.5608789113245486	2.0	1.0					clipp2_single_switch_path_mixture_v1	5c247107561660669e1e40fa17e9c74b9ce7f23c4cacc5cd6479e760fab68aab	1	1.0	0.0	0.0	0.5784445652925361	1.0001816312244867	0.5783395207772083	1.0	0.00018163122448673418	0	0.0017461011229256982	1	1.0	0.0	0.0	0.5784445576355567	1.0001816312724543	0.5783395130938829	1.0	0.00018163127245422573	0	0.0017461015360864262	1	
exampleTumor1	m275	region1	1	1.0	0.9999999820400683	1.0	1.0	1.0					clipp2_single_switch_path_mixture_v1	5c247107561660669e1e40fa17e9c74b9ce7f23c4cacc5cd6479e760fab68aab	1	0.0	0.9922440451817756	0.007755954818224466	1.461981989954407	1.461981989954407	1.4655931090720467	1.4655931090720467	0.9922440451817756	1	0.7331854292421606	1	0.007755952850640264	0.9922440471493599	0.0	1.461981964000252	1.4619819902573488	1.4655930911121149	1.465593117434067	0.9922440471493599	1	0.733185421060233	1	
exampleTumor1	m275	region2	1	0.9999999612859339	0.9999999744101855	1.0	2.0	1.0					clipp2_single_switch_path_mixture_v1	5c247107561660669e1e40fa17e9c74b9ce7f23c4cacc5cd6479e760fab68aab	1	0.32927789531364726	0.6707221046863527	0.0	1.3734245667658742	1.3734246199367257	1.556750051804234	1.5567501120723608	0.6707221046863527	1	1.098575208144444	1	0.3292779753115277	0.6707220246884723	0.0	1.3734245397526603	1.3734245748983405	1.5567500780527375	1.556750117889684	0.6707220246884723	1	1.0985752096088457	1	
exampleTumor1	m276	region1	1	1.0	0.9999999820400683	1.0	1.0	1.0					clipp2_single_switch_path_mixture_v1	5c247107561660669e1e40fa17e9c74b9ce7f23c4cacc5cd6479e760fab68aab	3	0.0	0.12041665008719352	0.8795833499128064	1.056065162498137	1.056065162498137	1.0	1.0	0.12041665008719352	0	0.45122077783820086	3	0.8795833156730368	0.12041668432696315	0.0	1.0560651593986685	1.056065178365527	0.9999999820400683	1.0	0.12041668432696315	0	0.45122086965685204	1	
exampleTumor1	m276	region2	1	1.0	0.9999999744101855	1.0	2.0	1.0					clipp2_single_switch_path_mixture_v1	5c247107561660669e1e40fa17e9c74b9ce7f23c4cacc5cd6479e760fab68aab	3	0.0	7.790950907339262e-06	0.9999922090490926	1.0000043376129244	1.0000043376129244	1.0	1.0	7.790950907339262e-06	0	0.0001048326274048088	3	0.9999922090436298	7.790956370129827e-06	0.0	1.0000043120260518	1.0000043376159773	0.9999999744101855	1.0	7.790956370129827e-06	0	0.00010483269544756687	1	
exampleTumor1	m277	region1	2	0.46446982046827523	0.4644698459572693	0.43946078886605616	1.0	1.0					clipp2_single_switch_path_mixture_v1	5c247107561660669e1e40fa17e9c74b9ce7f23c4cacc5cd6479e760fab68aab	3	1.0	0.0	0.0	0.46534119903539406	1.0018760714447288	0.46446982046827523	1.0	0.001876071444728712	0	0.23534970389180682	3	1.0	0.0	0.0	0.4653412237668769	1.0018760697108586	0.4644698459572693	1.0	0.0018760697108586174	0	0.235349693393943	1	
exampleTumor1	m277	region2	2	0.5783394795261719	0.5783395130938829	0.5608789113245486	2.0	1.0					clipp2_single_switch_path_mixture_v1	5c247107561660669e1e40fa17e9c74b9ce7f23c4cacc5cd6479e760fab68aab	3	0.8934565172993169	0.10654348270068324	0.0	0.5943758871429937	1.0277283640223909	0.5783394795261719	1.0	0.10654348270068324	0	0.35594670188595245	3	0.8934565425785248	0.1065434574214752	0.0	0.5943759192616773	1.0277283599074982	0.5783395130938829	1.0	0.1065434574214752	0	0.3559466357084868	1	
exampleTumor1	m278	region1	1	0.9999999638992316	0.9999999820400683	1.0	1.0	1.0					clipp2_single_switch_path_mixture_v1	5c247107561660669e1e40fa17e9c74b9ce7f23c4cacc5cd6479e760fab68aab	1	0.13414974972753368	0.8658502502724663	0.0	1.4031338582854695	1.4031339089396817	1.465593072971278	1.465593125880316	0.8658502502724663	1	0.9943614178913649	1	0.1341497822781837	0.8658502177218164	0.0	1.4031338691245718	1.4031338943247607	1.4655930911121149	1.465593117434067	0.8658502177218164	1	0.9943614560279652	1	
exampleTumor1	m278	region2	1	0.9999999612858609	0.9999999744101855	1.0	2.0	1.0					clipp2_single_switch_path_mixture_v1	5c247107561660669e1e40fa17e9c74b9ce7f23c4cacc5cd6479e760fab68aab	2	0.009567126514421842	0.9904328734855782	0.0	1.5514235724230634	1.5514236324850936	1.5567500905182274	1.5567501507864694	0.9904328734855782	1	0.7405185808138849	2	0.009567129214031182	0.9904328707859689	0.0	1.5514235905437612	1.5514236302444042	1.556750103642552	1.5567501434794992	0.9904328707859689	1	0.7405185914683308	1	
exampleTumor1	m279	region1	1	1.0	0.9999999820400683	1.0	1.0	1.0					clipp2_single_switch_path_mixture_v1	5c247107561660669e1e40fa17e9c74b9ce7f23c4cacc5cd6479e760fab68aab	3	0.0	0.0009502158821600302	0.99904978411784	1.0004424139668646	1.0004424139668646	1.0	1.0	0.0009502158821600302	0	0.008220786316081748	3	0.9990497838057508	0.0009502161942492273	0.0	1.0004423961437066	1.000442414111584	0.9999999820400683	1.0	0.0009502161942492273	0	0.008220788703881647	1	
exampleTumor1	m279	region2	1	0.9999999612846421	0.9999999744101855	1.0	2.0	1.0					clipp2_single_switch_path_mixture_v1	5c247107561660669e1e40fa17e9c74b9ce7f23c4cacc5cd6479e760fab68aab	3	0.9909802812073678	0.009019718792632213	0.0	1.0050216907134788	1.0050217296232549	0.9999999612846421	1.0	0.009019718792632213	0	0.057698832839040176	3	0.9909802842472321	0.009019715752767908	0.0	1.0050217022057717	1.0050217279240912	0.9999999744101855	1.0	0.009019715752767908	0	0.057698816446788474	1	
exampleTumor1	m280	region1	1	1.0	0.9999999820400683	1.0	1.0	1.0					clipp2_single_switch_path_mixture_v1	5c247107561660669e1e40fa17e9c74b9ce7f23c4cacc5cd6479e760fab68aab	3	0.0	0.08785546474047812	0.9121445352595219	1.0409048989774887	1.0409048989774887	1.0	1.0	0.08785546474047812	0	0.3584446385723713	3	0.9121445126543993	0.08785548734560061	0.0	1.0409048907534069	1.0409049094479879	0.9999999820400683	1.0	0.08785548734560061	0	0.35844470713941506	1	
exampleTumor1	m280	region2	1	0.9999999612844697	0.9999999744101855	1.0	2.0	1.0					clipp2_single_switch_path_mixture_v1	5c247107561660669e1e40fa17e9c74b9ce7f23c4cacc5cd6479e760fab68aab	3	0.9998671592166897	0.0001328407833102954	0.0	1.0000739204051734	1.000073959123567	0.9999999612844697	1.0	0.0001328407833102954	0	0.0014106947308465487	3	0.9998671592655896	0.00013284073441049567	0.0	1.0000739335045363	1.0000739590962435	0.9999999744101855	1.0	0.00013284073441049567	0	0.0014106942604610187	1	
exampleTumor1	m281	region1	3	0.20466093911758232	0.20466086196598293	0.18776779171076713	1.0	1.0					clipp2_single_switch_path_mixture_v1	5c247107561660669e1e40fa17e9c74b9ce7f23c4cacc5cd6479e760fab68aab	3	1.0	0.0	0.0	0.20486969232649913	1.001019995363145	0.20466093911758232	1.0	0.0010199953631449146	0	0.22993164250399412	3	1.0	0.0	0.0	0.20486961555954827	1.001019997627099	0.20466086196598293	1.0	0.0010199976270988793	0	0.22993165759284553	1	
exampleTumor1	m281	region2	3	0.26801871857548426	0.26801886587083323	0.2487078336611672	2.0	1.0					clipp2_single_switch_path_mixture_v1	5c247107561660669e1e40fa17e9c74b9ce7f23c4cacc5cd6479e760fab68aab	3	1.0	0.0	0.0	0.2680752577918573	1.0002109524912048	0.26801871857548426	1.0	0.00021095249120481492	0	0.18528255829637197	3	1.0	0.0	0.0	0.26807540478264613	1.000210951238933	0.26801886587083323	1.0	0.00021095123893298415	0	0.18528254792712986	1	
exampleTumor1	m282	region1	1	0.9999999638946852	0.9999999820400683	1.0	2.0	1.0					clipp2_single_switch_path_mixture_v1	5c247107561660669e1e40fa17e9c74b9ce7f23c4cacc5cd6479e760fab68aab	1	1.0	0.0	0.0	1.0000010955042122	1.000001131609568	0.9999999638946852	1.0	1.1316095680501629e-06	0	1.6625459506257294e-05	1	1.0	0.0	0.0	1.0000011136488416	1.0000011316087936	0.9999999820400683	1.0	1.1316087935892784e-06	0	1.662544890240981e-05	1	
exampleTumor1	m282	region2	1	1.0	0.9999999744101855	1.0	2.0	1.0					clipp2_single_switch_path_mixture_v1	5c247107561660669e1e40fa17e9c74b9ce7f23c4cacc5cd6479e760fab68aab	1	0.0	0.0	1.0	1.0000000007735355	1.0000000007735355	1.0	1.0	7.735354012851649e-10	0	1.7002346494250203e-08	1	1.0	0.0	0.0	0.999999975183722	1.0000000007735366	0.9999999744101855	1.0	7.735364644065238e-10	0	1.7002368845690063e-08	1	
exampleTumor1	m283	region1	3	0.2046609341499583	0.20466086196598293	0.18776779171076713	1.0	1.0					clipp2_single_switch_path_mixture_v1	5c247107561660669e1e40fa17e9c74b9ce7f23c4cacc5cd6479e760fab68aab	3	1.0	0.0	0.0	0.20476105237579184	1.000489190700948	0.2046609341499583	1.0	0.0004891907009482486	0	0.2262224351823141	3	0.9999999999999999	0.0	0.0	0.20476098039269622	1.000489191855011	0.20466086196598293	1.0	0.0004891918550110517	0	0.22622244372255745	1	
exampleTumor1	m283	region2	3	0.2680201609855084	0.26801886587083323	0.2487078336611672	2.0	1.0					clipp2_single_switch_path_mixture_v1	5c247107561660669e1e40fa17e9c74b9ce7f23c4cacc5cd6479e760fab68aab	3	1.0	0.0	0.0	0.30170082916641083	1.1256646815562636	0.2680201609855084	1.0	0.1256646815562637	0	0.5383489243248593	3	1.0	0.0	0.0	0.30170075066295554	1.1256698280648447	0.26801886587083323	1.0	0.12566982806484475	0	0.5383579641600529	1	
exampleTumor1	m284	region1	1	0.9999999638955123	0.9999999820400683	1.0	1.0	1.0					clipp2_single_switch_path_mixture_v1	5c247107561660669e1e40fa17e9c74b9ce7f23c4cacc5cd6479e760fab68aab	3	0.9885171148738321	0.01148288512616788	0.0	1.00534631587523	1.005346352172745	0.9999999638955123	1.0	0.01148288512616788	0	0.0706689044773732	3	0.9885171186651966	0.011482881334803359	0.0	1.005346332358729	1.005346350414681	0.9999999820400683	1.0	0.011482881334803359	0	0.0706688849575497	1	
exampleTumor1	m284	region2	1	0.9999999612844058	0.9999999744101855	1.0	2.0	1.0					clipp2_single_switch_path_mixture_v1	5c247107561660669e1e40fa17e9c74b9ce7f23c4cacc5cd6479e760fab68aab	3	0.9994566670456289	0.0005433329543711259	0.0	1.0003024619664505	1.000302500693756	0.9999999612844058	1.0	0.0005433329543711259	0	0.005004457128085426	3	0.9994566672404737	0.0005433327595262857	0.0	1.000302474987316	1.0003025005848714	0.9999999744101855	1.0	0.0005433327595262857	0	0.005004455528332938	1	
exampleTumor1	m285	region1	3	0.20466076917753576	0.20466086196598293	0.18776779171076713	2.0	1.0					clipp2_single_switch_path_mixture_v1	5c247107561660669e1e40fa17e9c74b9ce7f23c4cacc5cd6479e760fab68aab	1	1.0	0.0	0.0	0.2064832993659041	1.0089051272292804	0.20466076917753576	1.0	0.008905127229280324	0	0.05090760453201408	1	1.0	0.0	0.0	0.2064833890348632	1.0089051079496734	0.20466086196598293	1.0	0.008905107949673294	0	0.05090751368295539	1	
exampleTumor1	m285	region2	3	0.2680188410369652	0.26801886587083323	0.2487078336611672	2.0	1.0					clipp2_single_switch_path_mixture_v1	5c247107561660669e1e40fa17e9c74b9ce7f23c4cacc5cd6479e760fab68aab	1	1.0	0.0	0.0	0.2680455419060892	1.0000996231049306	0.2680188410369652	1.0	9.96231049304207e-05	0	0.0010175570316324767	1	1.0	0.0	0.0	0.2680455667214226	1.0000996230265455	0.26801886587083323	1.0	9.962302654545873e-05	0	0.001017556309392085	1	
exampleTumor1	m286	region1	1	0.999999963898166	0.9999999820400683	1.0	1.0	1.0					clipp2_single_switch_path_mixture_v1	5c247107561660669e1e40fa17e9c74b9ce7f23c4cacc5cd6479e760fab68aab	3	0.4848932990594433	0.5151067009405568	0.0	1.239830084994776	1.2398301297549177	0.999999963898166	1.0	0.5151067009405568	1	1.0497354437112363	3	0.4848933765546766	0.5151066234453234	0.0	1.2398300717279405	1.2398300939952043	0.9999999820400683	1.0	0.5151066234453234	1	1.049735394679837	1	
exampleTumor1	m286	region2	1	0.9999999612857657	0.9999999744101855	1.0	2.0	1.0					clipp2_single_switch_path_mixture_v1	5c247107561660669e1e40fa17e9c74b9ce7f23c4cacc5cd6479e760fab68aab	1	0.09411062013371244	0.9058893798662875	0.0	1.504353973061142	1.5043540313010564	1.556750051803898	1.5567501120722864	0.9058893798662875	1	0.9398611928721075	1	0.09411064605830435	0.9058893539416957	0.0	1.504353977696679	1.5043540161928193	1.5567500780527375	1.556750117889684	0.9058893539416957	1	0.9398612336073924	1	
exampleTumor1	m287	region1	2	0.4644698562575623	0.4644698459572693	0.43946078886605616	1.0	1.0					clipp2_single_switch_path_mixture_v1	5c247107561660669e1e40fa17e9c74b9ce7f23c4cacc5cd6479e760fab68aab	3	1.0	0.0	0.0	0.46448008197541024	1.0000220158912578	0.4644698562575623	1.0	2.2015891257854402e-05	0	0.22236625583719039	3	1.0	0.0	0.0	0.46448007167879635	1.000022015899667	0.4644698459572693	1.0	2.2015899667185116e-05	0	0.222366255925503	1	
exampleTumor1	m287	region2	2	0.57833950591587	0.5783395130938829	0.5608789113245486	2.0	1.0					clipp2_single_switch_path_mixture_v1	5c247107561660669e1e40fa17e9c74b9ce7f23c4cacc5cd6479e760fab68aab	3	0.9698261532412734	0.03017384675872657	0.0	0.582440767876723	1.0070914435533125	0.57833950591587	1.0	0.03017384675872657	0	0.13577599890013173	3	0.9698261561844196	0.03017384381558039	0.0	0.5824407748693038	1.0070914431446691	0.5783395130938829	1.0	0.03017384381558039	0	0.13577598862205031	1	
exampleTumor1	m288	region1	1	0.9999999638947151	0.9999999820400683	1.0	2.0	1.0					clipp2_single_switch_path_mixture_v1	5c247107561660669e1e40fa17e9c74b9ce7f23c4cacc5cd6479e760fab68aab	1	1.0	0.0	0.0	1.000000001269893	1.0000000373751794	0.9999999638947151	1.0	3.7375179350275695e-08	0	6.765751762520649e-07	1	1.0	0.0	0.0	1.0000000194152179	1.0000000373751503	0.9999999820400683	1.0	3.737515021848006e-08	0	6.765746780764927e-07	1	
exampleTumor1	m288	region2	1	0.9999999612842735	0.9999999744101855	1.0	2.0	1.0					clipp2_single_switch_path_mixture_v1	5c247107561660669e1e40fa17e9c74b9ce7f23c4cacc5cd6479e760fab68aab	1	1.0	0.0	0.0	1.0000003869499823	1.0000004256657253	0.9999999612842735	1.0	4.2566572519320883e-07	0	6.670016444026649e-06	1	1.0	0.0	0.0	1.00000040007562	1.0000004256654453	0.9999999744101855	1.0	4.256654453914556e-07	0	6.670012339469216e-06	1	
exampleTumor1	m289	region1	1	1.0	0.9999999820400683	1.0	2.0	1.0					clipp2_single_switch_path_mixture_v1	5c247107561660669e1e40fa17e9c74b9ce7f23c4cacc5cd6479e760fab68aab	1	0.0	0.0	1.0	1.0000000043235662	1.0000000043235662	1.0	1.0	4.323566125382938e-09	0	8.759192725546953e-08	1	1.0	0.0	0.0	0.9999999863636373	1.000000004323569	0.9999999820400683	1.0	4.323568891437367e-09	0	8.759198042590421e-08	1	
exampleTumor1	m289	region2	1	0.9999999612841765	0.9999999744101855	1.0	2.0	1.0					clipp2_single_switch_path_mixture_v1	5c247107561660669e1e40fa17e9c74b9ce7f23c4cacc5cd6479e760fab68aab	1	1.0	0.0	0.0	1.0000000184710884	1.000000057186914	0.9999999612841765	1.0	5.7186914280047595e-08	0	1.0108896930064732e-06	1	1.0	0.0	0.0	1.0000000315970634	1.0000000571868795	0.9999999744101855	1.0	5.7186879413201286e-08	0	1.0108891115399783e-06	1	
exampleTumor1	m290	region1	2	0.46446983255718216	0.4644698459572693	0.43946078886605616	1.0	1.0					clipp2_single_switch_path_mixture_v1	5c247107561660669e1e40fa17e9c74b9ce7f23c4cacc5cd6479e760fab68aab	3	0.9593774509547295	0.04062254904527041	0.0	0.47217988157725743	1.0165996766197427	0.46446983255718216	1.0	0.04062254904527041	0	0.529388585962417	3	0.959377456129473	0.0406225438705271	0.0	0.47217989399519245	1.0165996740262713	0.4644698459572693	1.0	0.0406225438705271	0	0.529388571539013	1	
exampleTumor1	m290	region2	2	0.5783395096589002	0.5783395130938829	0.5608789113245486	1.0	1.0					clipp2_single_switch_path_mixture_v1	5c247107561660669e1e40fa17e9c74b9ce7f23c4cacc5cd6479e760fab68aab	3	0.9856932119614941	0.014306788038505804	0.0	0.5829282528467272	1.0079343415263697	0.5783395096589002	1.0	0.014306788038505804	0	0.366704964808784	3	0.9856932126930159	0.014306787306984156	0.0	0.5829282560470825	1.0079343410735533	0.5783395130938829	1.0	0.014306787306984156	0	0.3667049619290489	1	
exampleTumor1	m291	region1	3	0.2046608188157773	0.20466086196598293	0.18776779171076713	2.0	1.0					clipp2_single_switch_path_mixture_v1	5c247107561660669e1e40fa17e9c74b9ce7f23c4cacc5cd6479e760fab68aab	1	1.0	0.0	0.0	0.20588920569233116	1.0060020617706	0.2046608188157773	1.0	0.00600206177059979	0	0.03668847399565944	1	1.0	0.0	0.0	0.2058892479429355	1.0060020561095688	0.20466086196598293	1.0	0.006002056109568855	0	0.03668844506987147	1	
exampleTumor1	m291	region2	3	0.268018708601676	0.26801886587083323	0.2487078336611672	2.0	1.0					clipp2_single_switch_path_mixture_v1	5c247107561660669e1e40fa17e9c74b9ce7f23c4cacc5cd6479e760fab68aab	1	1.0	0.0	0.0	0.2685167267899548	1.0018581471080028	0.268018708601676	1.0	0.0018581471080027126	0	0.013540774739651934	1	1.0	0.0	0.0	0.2685168819247474	1.001858138054185	0.26801886587083323	1.0	0.001858138054185019	0	0.01354071782447451	1	
exampleTumor1	m292	region1	1	0.9999999638962201	0.9999999820400683	1.0	1.0	1.0					clipp2_single_switch_path_mixture_v1	5c247107561660669e1e40fa17e9c74b9ce7f23c4cacc5cd6479e760fab68aab	3	0.8903317945485621	0.10966820545143784	0.0	1.020814688216222	1.020814725071492	0.9999999638962201	1.0	0.10966820545143784	0	0.42183728508452234	3	0.8903318121713162	0.1096681878286839	0.0	1.0208147040102216	1.0208147223439843	0.9999999820400683	1.0	0.1096681878286839	0	0.42183723596493866	1	
exampleTumor1	m292	region2	1	0.9999999612857846	0.9999999744101855	1.0	1.0	1.0					clipp2_single_switch_path_mixture_v1	5c247107561660669e1e40fa17e9c74b9ce7f23c4cacc5cd6479e760fab68aab	3	0.41030488243952284	0.5896951175604772	0.0	1.1891381020766163	1.1891381481131666	0.9999999612857846	1.0	0.5896951175604772	1	1.0857148293969094	3	0.41030492996215523	0.5896950700378447	0.0	1.1891381038283593	1.1891381342581835	0.9999999744101855	1.0	0.5896950700378447	1	1.0857148136934298	1	
exampleTumor1	m293	region1	1	1.0	0.9999999820400683	1.0	1.0	1.0					clipp2_single_switch_path_mixture_v1	5c247107561660669e1e40fa17e9c74b9ce7f23c4cacc5cd6479e760fab68aab	2	0.0	0.8693699863625636	0.1306300136374364	1.4047726748844684	1.4047726748844684	1.4655931090720464	1.4655931090720464	0.8693699863625636	1	0.990183938830199	1	0.13062998685501842	0.8693700131449815	0.0	1.4047726615873333	1.4047726868169548	1.4655930911121149	1.465593117434067	0.8693700131449815	1	0.9901839066309638	1	
exampleTumor1	m293	region2	1	1.0	0.9999999744101855	1.0	2.0	1.0					clipp2_single_switch_path_mixture_v1	5c247107561660669e1e40fa17e9c74b9ce7f23c4cacc5cd6479e760fab68aab	1	0.0	0.9993513012529207	0.0006486987470792932	1.5563889661210975	1.5563889661210975	1.5567501292323664	1.5567501292323664	0.9993513012529207	1	0.6981078256309925	2	0.0006486984657536567	0.9993513015342463	0.0	1.5563889279013048	1.5563889677290097	1.556750103642552	1.5567501434794992	0.9993513015342463	1	0.698107823761087	1	
exampleTumor1	m294	region1	1	0.9999999638948726	0.9999999820400683	1.0	2.0	1.0					clipp2_single_switch_path_mixture_v1	5c247107561660669e1e40fa17e9c74b9ce7f23c4cacc5cd6479e760fab68aab	1	1.0	0.0	0.0	1.0000022523021699	1.00000228840738	0.9999999638948726	1.0	2.2884073799232386e-06	0	3.2009449051944796e-05	1	1.0	0.0	0.0	1.0000022704457974	1.0000022884057702	0.9999999820400683	1.0	2.288405770276978e-06	0	3.200942814646342e-05	1	
exampleTumor1	m294	region2	1	0.9999999612842775	0.9999999744101855	1.0	2.0	1.0					clipp2_single_switch_path_mixture_v1	5c247107561660669e1e40fa17e9c74b9ce7f23c4cacc5cd6479e760fab68aab	1	1.0	0.0	0.0	1.0000002380977164	1.0000002768134497	0.9999999612842775	1.0	2.768134496722353e-07	0	4.456674916795987e-06	1	1.0	0.0	0.0	1.0000002512234436	1.0000002768132652	0.9999999744101855	1.0	2.768132650781408e-07	0	4.4566721294035486e-06	1	
exampleTumor1	m295	region1	1	1.0	0.9999999820400683	1.0	1.0	1.0					clipp2_single_switch_path_mixture_v1	5c247107561660669e1e40fa17e9c74b9ce7f23c4cacc5cd6479e760fab68aab	3	0.0	0.4017544308297954	0.5982455691702045	1.1870540945335148	1.1870540945335148	1.0	1.0	0.4017544308297954	0	0.9521915690542405	3	0.598245511880532	0.401754488119468	0.0	1.1870540996395182	1.1870541209589291	0.9999999820400683	1.0	0.401754488119468	0	0.9521916315748811	1	
exampleTumor1	m295	region2	1	1.0	0.9999999744101855	1.0	2.0	1.0					clipp2_single_switch_path_mixture_v1	5c247107561660669e1e40fa17e9c74b9ce7f23c4cacc5cd6479e760fab68aab	3	0.0	0.03654604203556667	0.9634539579644333	1.0203470136262331	1.0203470136262331	1.0	1.0	0.03654604203556667	0	0.18213925285710056	3	0.9634539333922536	0.0365460666077464	0.0	1.0203470012493794	1.0203470273598705	0.9999999744101855	1.0	0.0365460666077464	0	0.1821393502882166	1	
exampleTumor1	m296	region1	1	1.0	0.9999999820400683	1.0	1.0	1.0					clipp2_single_switch_path_mixture_v1	5c247107561660669e1e40fa17e9c74b9ce7f23c4cacc5cd6479e760fab68aab	3	0.0	0.06815541027976699	0.931844589720233	1.0317326893722376	1.0317326893722376	1.0	1.0	0.06815541027976699	0	0.2960829487374662	3	0.9318445700254765	0.06815542997452351	0.0	1.0317326799700155	1.0317326984998643	0.9999999820400683	1.0	0.06815542997452351	0	0.29608301389801184	1	
exampleTumor1	m296	region2	1	1.0	0.9999999744101855	1.0	2.0	1.0					clipp2_single_switch_path_mixture_v1	5c247107561660669e1e40fa17e9c74b9ce7f23c4cacc5cd6479e760fab68aab	1	0.0	0.9993860237941056	0.0006139762058944251	1.556408297900389	1.556408297900389	1.5567501292323664	1.5567501292323664	0.9993860237941056	1	0.6978760867884884	2	0.0006139758419592193	0.9993860241580408	0.0	1.5564082597261453	1.556408299554345	1.556750103642552	1.5567501434794992	0.9993860241580408	1	0.6978760843494671	1	
exampleTumor1	m297	region1	1	0.999999963895502	0.9999999820400683	1.0	1.0	1.0					clipp2_single_switch_path_mixture_v1	5c247107561660669e1e40fa17e9c74b9ce7f23c4cacc5cd6479e760fab68aab	3	0.9986009917311685	0.0013990082688315863	0.0	1.0006513324797497	1.000651368607765	0.999999963895502	1.0	0.0013990082688315863	0	0.011562018530122594	3	0.9986009922662956	0.0013990077337044937	0.0	1.0006513503878567	1.0006513683594869	0.9999999820400683	1.0	0.0013990077337044937	0	0.011562014643099004	1	
exampleTumor1	m297	region2	1	0.9999999612842307	0.9999999744101855	1.0	2.0	1.0					clipp2_single_switch_path_mixture_v1	5c247107561660669e1e40fa17e9c74b9ce7f23c4cacc5cd6479e760fab68aab	3	0.9992483763946823	0.0007516236053176796	0.0	1.0004184278090757	1.0004184665410463	0.9999999612842307	1.0	0.0007516236053176796	0	0.006678962050842301	3	0.9992483766317563	0.0007516233682438433	0.0	1.0004184408079726	1.0004184664084956	0.9999999744101855	1.0	0.0007516233682438433	0	0.006678960181356128	1	
exampleTumor1	m298	region1	2	0.464469841763528	0.4644698459572693	0.43946078886605616	2.0	1.0					clipp2_single_switch_path_mixture_v1	5c247107561660669e1e40fa17e9c74b9ce7f23c4cacc5cd6479e760fab68aab	1	1.0	0.0	0.0	0.4659371031533337	1.0031590024967707	0.464469841763528	1.0	0.0031590024967707844	0	0.02134196119722575	1	1.0	0.0	0.0	0.4659371071974716	1.003159002146153	0.4644698459572693	1.0	0.0031590021461528764	0	0.021341959179652772	1	
exampleTumor1	m298	region2	2	0.578339506615329	0.5783395130938829	0.5608789113245486	2.0	1.0					clipp2_single_switch_path_mixture_v1	5c247107561660669e1e40fa17e9c74b9ce7f23c4cacc5cd6479e760fab68aab	1	1.0	0.0	0.0	0.5789260613881763	1.0010142049196675	0.578339506615329	1.0	0.0010142049196674725	0	0.00800526449250962	1	1.0	0.0	0.0	0.5789260677279265	1.0010142046683026	0.5783395130938829	1.0	0.001014204668302521	0	0.008005262759942492	1	
exampleTumor1	m299	region1	1	0.9999999638957442	0.9999999820400683	1.0	1.0	1.0					clipp2_single_switch_path_mixture_v1	5c247107561660669e1e40fa17e9c74b9ce7f23c4cacc5cd6479e760fab68aab	3	0.9969998001320617	0.0030001998679383616	0.0	1.0013968362259353	1.0013968723806241	0.9999999638957442	1.0	0.0030001998679383616	0	0.022503664998007898	3	0.9969998012752482	0.0030001987247517863	0.0	1.0013968538652178	1.0013968718502373	0.9999999820400683	1.0	0.0030001987247517863	0	0.022503657568188055	1	
exampleTumor1	m299	region2	1	0.9999999612841874	0.9999999744101855	1.0	2.0	1.0					clipp2_single_switch_path_mixture_v1	5c247107561660669e1e40fa17e9c74b9ce7f23c4cacc5cd6479e760fab68aab	3	0.9998911341690192	0.0001088658309807753	0.0	1.0000605723475475	1.0000606110657067	0.9999999612841874	1.0	0.0001088658309807753	0	0.001177763586792912	3	0.9998911342055199	0.00010886579448000726	0.0	1.0000605854539382	1.0000606110453036	0.9999999744101855	1.0	0.00010886579448000726	0	0.0011777632284126543	1	
exampleTumor1	m300	region1	2	0.4644698572036001	0.4644698459572693	0.43946078886605616	1.0	1.0					clipp2_single_switch_path_mixture_v1	5c247107561660669e1e40fa17e9c74b9ce7f23c4cacc5cd6479e760fab68aab	3	1.0	0.0	0.0	0.46450725033134543	1.000080507114004	0.4644698572036001	1.0	8.050711400405334e-05	0	0.22293461341953613	3	1.0	0.0	0.0	0.46450723909827096	1.000080507144494	0.4644698459572693	1.0	8.050714449418062e-05	0	0.22293461370019796	1	
exampleTumor1	m300	region2	2	0.5783395362213052	0.5783395130938829	0.5608789113245486	2.0	1.0					clipp2_single_switch_path_mixture_v1	5c247107561660669e1e40fa17e9c74b9ce7f23c4cacc5cd6479e760fab68aab	3	0.9953960277580493	0.004603972241950777	0.0	0.5789615580095677	1.0010755304614425	0.5783395362213052	1.0	0.004603972241950777	0	0.02936850658576646	3	0.9953960253005675	0.004603974699432549	0.0	0.5789615351076749	1.0010755308944126	0.5783395130938829	1.0	0.004603974699432549	0	0.029368519798381613	1	
