tumor_id	mutation_id	region_id	likelihood_model_id	likelihood_model_version	candidate_generator_version	path_prior_mode	path_reporting_fingerprint	path_scope	path_index	path_probability	map_path	summary_phi	summary_path_probability	summary_map_path	first_copy	second_copy	switch_fraction	path_prior	mutant_copy_mass	effective_multiplicity	amplified_mutant_copy	path_segment_at_fitted_phi	summary_mutant_copy_mass	summary_effective_multiplicity	summary_amplified_mutant_copy	summary_path_segment_at_clustered_phi	biological_duplicate_count
exampleTumor1	m001	region1	clipp2_single_switch_path_mixture_v1	1	phased_unphased_two_state_positive_dosages_v1	endpoint_excess_dosage_penalty_biological_alias_mass_v1:alpha=3	5c247107561660669e1e40fa17e9c74b9ce7f23c4cacc5cd6479e760fab68aab	region_local	1	0.04271524036819804	0	0.9999999820400683	0.04271525021471938	0	2.0	1.0	0.46559310907204654	0.055039886808694184	1.4655931090720467	1.4655931090720467	1	second_linear_segment_at_fitted_phi	1.4655930911121149	1.465593117434067	1	second_linear_segment_at_clustered_phi	2
exampleTumor1	m001	region1	clipp2_single_switch_path_mixture_v1	1	phased_unphased_two_state_positive_dosages_v1	endpoint_excess_dosage_penalty_biological_alias_mass_v1:alpha=3	5c247107561660669e1e40fa17e9c74b9ce7f23c4cacc5cd6479e760fab68aab	region_local	2	0.04271524036819804	0	0.9999999820400683	0.04271525581249809	0	1.0	2.0	0.5344068909279536	0.055039886808694205	1.4655931090720464	1.4655931090720464	1	second_linear_segment_at_fitted_phi	1.4655930731521831	1.465593099474135	1	second_linear_segment_at_clustered_phi	2
exampleTumor1	m001	region1	clipp2_single_switch_path_mixture_v1	1	phased_unphased_two_state_positive_dosages_v1	endpoint_excess_dosage_penalty_biological_alias_mass_v1:alpha=3	5c247107561660669e1e40fa17e9c74b9ce7f23c4cacc5cd6479e760fab68aab	region_local	3	0.914569519263604	1	0.9999999820400683	0.9145694939727825	1	1.0	1.0	1.0	0.8899202263826116	1.0	1.0	0	switch_boundary_at_fitted_phi	0.9999999820400683	1.0	0	first_linear_segment_at_clustered_phi	8
exampleTumor1	m001	region2	clipp2_single_switch_path_mixture_v1	1	phased_unphased_two_state_positive_dosages_v1	endpoint_excess_dosage_penalty_biological_alias_mass_v1:alpha=3	5c247107561660669e1e40fa17e9c74b9ce7f23c4cacc5cd6479e760fab68aab	region_local	1	0.4529447070632427	1	0.9999999744101855	0.4529446882938269	1	1.0	2.0	0.4432498707676336	0.04300336857382123	1.556750051804132	1.5567501120723382	1	second_linear_segment_at_fitted_phi	1.5567500780527375	1.556750117889684	1	second_linear_segment_at_clustered_phi	2
exampleTumor1	m001	region2	clipp2_single_switch_path_mixture_v1	1	phased_unphased_two_state_positive_dosages_v1	endpoint_excess_dosage_penalty_biological_alias_mass_v1:alpha=3	5c247107561660669e1e40fa17e9c74b9ce7f23c4cacc5cd6479e760fab68aab	region_local	2	0.4529446728028141	0	0.9999999744101855	0.45294466564786884	0	2.0	1.0	0.5567501292323666	0.043003368573821206	1.5567500905182494	1.5567501507864572	1	second_linear_segment_at_fitted_phi	1.556750103642552	1.5567501434794992	1	second_linear_segment_at_clustered_phi	2
exampleTumor1	m001	region2	clipp2_single_switch_path_mixture_v1	1	phased_unphased_two_state_positive_dosages_v1	endpoint_excess_dosage_penalty_biological_alias_mass_v1:alpha=3	5c247107561660669e1e40fa17e9c74b9ce7f23c4cacc5cd6479e760fab68aab	region_local	3	0.09411062013394324	0	0.9999999744101855	0.09411064605830435	0	1.0	1.0	1.0	0.9139932628523576	0.9999999612858829	1.0	0	first_linear_segment_at_fitted_phi	0.9999999744101855	1.0	0	first_linear_segment_at_clustered_phi	8
exampleTumor1	m002	region1	clipp2_single_switch_path_mixture_v1	1	phased_unphased_two_state_positive_dosages_v1	endpoint_excess_dosage_penalty_biological_alias_mass_v1:alpha=3	5c247107561660669e1e40fa17e9c74b9ce7f23c4cacc5cd6479e760fab68aab	region_local	1	0.999999981312439	1	0.9999999820400683	0.9999999813124246	1	1.0	1.0	1.0	0.9757111023207368	1.0	1.0	0	switch_boundary_at_fitted_phi	0.9999999820400683	1.0	0	first_linear_segment_at_clustered_phi	2
exampleTumor1	m002	region1	clipp2_single_switch_path_mixture_v1	1	phased_unphased_two_state_positive_dosages_v1	endpoint_excess_dosage_penalty_biological_alias_mass_v1:alpha=3	5c247107561660669e1e40fa17e9c74b9ce7f23c4cacc5cd6479e760fab68aab	region_local	2	1.868756104142248e-08	0	0.9999999820400683	1.8687575458465736e-08	0	2.0	2.0	1.0	0.02428889767926321	2.0	2.0	1	switch_boundary_at_fitted_phi	1.9999999640801367	2.0	1	first_linear_segment_at_clustered_phi	1
exampleTumor1	m002	region2	clipp2_single_switch_path_mixture_v1	1	phased_unphased_two_state_positive_dosages_v1	endpoint_excess_dosage_penalty_biological_alias_mass_v1:alpha=3	5c247107561660669e1e40fa17e9c74b9ce7f23c4cacc5cd6479e760fab68aab	region_local	1	0.9999999936661381	1	0.9999999744101855	0.9999999936661431	1	1.0	1.0	1.0	0.9757111023207368	0.9999999612845087	1.0	0	first_linear_segment_at_fitted_phi	0.9999999744101855	1.0	0	first_linear_segment_at_clustered_phi	2
exampleTumor1	m002	region2	clipp2_single_switch_path_mixture_v1	1	phased_unphased_two_state_positive_dosages_v1	endpoint_excess_dosage_penalty_biological_alias_mass_v1:alpha=3	5c247107561660669e1e40fa17e9c74b9ce7f23c4cacc5cd6479e760fab68aab	region_local	2	6.333861866462322e-09	0	0.9999999744101855	6.3338569187154805e-09	0	2.0	2.0	1.0	0.02428889767926321	1.9999999225690175	2.0	1	first_linear_segment_at_fitted_phi	1.999999948820371	2.0	1	first_linear_segment_at_clustered_phi	1
exampleTumor1	m003	region1	clipp2_single_switch_path_mixture_v1	1	phased_unphased_two_state_positive_dosages_v1	endpoint_excess_dosage_penalty_biological_alias_mass_v1:alpha=3	5c247107561660669e1e40fa17e9c74b9ce7f23c4cacc5cd6479e760fab68aab	region_local	1	0.9999999966781405	1	0.9999999820400683	0.999999996678138	1	1.0	1.0	1.0	0.9757111023207368	1.0	1.0	0	switch_boundary_at_fitted_phi	0.9999999820400683	1.0	0	first_linear_segment_at_clustered_phi	2
exampleTumor1	m003	region1	clipp2_single_switch_path_mixture_v1	1	phased_unphased_two_state_positive_dosages_v1	endpoint_excess_dosage_penalty_biological_alias_mass_v1:alpha=3	5c247107561660669e1e40fa17e9c74b9ce7f23c4cacc5cd6479e760fab68aab	region_local	2	3.3218594353965248e-09	0	0.9999999820400683	3.3218620293911898e-09	0	2.0	2.0	1.0	0.02428889767926321	2.0	2.0	1	switch_boundary_at_fitted_phi	1.9999999640801367	2.0	1	first_linear_segment_at_clustered_phi	1
exampleTumor1	m003	region2	clipp2_single_switch_path_mixture_v1	1	phased_unphased_two_state_positive_dosages_v1	endpoint_excess_dosage_penalty_biological_alias_mass_v1:alpha=3	5c247107561660669e1e40fa17e9c74b9ce7f23c4cacc5cd6479e760fab68aab	region_local	1	0.9999999999823005	1	0.9999999744101855	0.9999999999823005	1	1.0	1.0	1.0	0.9757111023207368	1.0	1.0	0	switch_boundary_at_fitted_phi	0.9999999744101855	1.0	0	first_linear_segment_at_clustered_phi	2
exampleTumor1	m003	region2	clipp2_single_switch_path_mixture_v1	1	phased_unphased_two_state_positive_dosages_v1	endpoint_excess_dosage_penalty_biological_alias_mass_v1:alpha=3	5c247107561660669e1e40fa17e9c74b9ce7f23c4cacc5cd6479e760fab68aab	region_local	2	1.7699513563680892e-11	0	0.9999999744101855	1.769954183400372e-11	0	2.0	2.0	1.0	0.02428889767926321	2.0	2.0	1	switch_boundary_at_fitted_phi	1.999999948820371	2.0	1	first_linear_segment_at_clustered_phi	1
exampleTumor1	m004	region1	clipp2_single_switch_path_mixture_v1	1	phased_unphased_two_state_positive_dosages_v1	endpoint_excess_dosage_penalty_biological_alias_mass_v1:alpha=3	5c247107561660669e1e40fa17e9c74b9ce7f23c4cacc5cd6479e760fab68aab	region_local	1	0.002689475245807953	0	0.9999999820400683	0.002689474654531397	0	2.0	1.0	0.46559310907204654	0.055039886808694184	1.4655930729673037	1.4655931258821666	1	second_linear_segment_at_fitted_phi	1.4655930911121149	1.465593117434067	1	second_linear_segment_at_clustered_phi	2
exampleTumor1	m004	region1	clipp2_single_switch_path_mixture_v1	1	phased_unphased_two_state_positive_dosages_v1	endpoint_excess_dosage_penalty_biological_alias_mass_v1:alpha=3	5c247107561660669e1e40fa17e9c74b9ce7f23c4cacc5cd6479e760fab68aab	region_local	2	0.002689476457588975	0	0.9999999820400683	0.0026894752573192095	0	1.0	2.0	0.5344068909279536	0.055039886808694205	1.4655930368625607	1.4655930897774223	1	second_linear_segment_at_fitted_phi	1.4655930731521831	1.465593099474135	1	second_linear_segment_at_clustered_phi	2
exampleTumor1	m004	region1	clipp2_single_switch_path_mixture_v1	1	phased_unphased_two_state_positive_dosages_v1	endpoint_excess_dosage_penalty_biological_alias_mass_v1:alpha=3	5c247107561660669e1e40fa17e9c74b9ce7f23c4cacc5cd6479e760fab68aab	region_local	3	0.994621048296603	1	0.9999999820400683	0.9946210500881494	1	1.0	1.0	1.0	0.8899202263826116	0.9999999638952571	1.0	0	first_linear_segment_at_fitted_phi	0.9999999820400683	1.0	0	first_linear_segment_at_clustered_phi	8
exampleTumor1	m004	region2	clipp2_single_switch_path_mixture_v1	1	phased_unphased_two_state_positive_dosages_v1	endpoint_excess_dosage_penalty_biological_alias_mass_v1:alpha=3	5c247107561660669e1e40fa17e9c74b9ce7f23c4cacc5cd6479e760fab68aab	region_local	1	2.7916833074728947e-05	0	0.9999999744101855	2.7916817951639016e-05	0	1.0	2.0	0.4432498707676336	0.04300336857382123	1.5567500518011903	1.5567501120716865	1	second_linear_segment_at_fitted_phi	1.5567500780527375	1.556750117889684	1	second_linear_segment_at_clustered_phi	2
exampleTumor1	m004	region2	clipp2_single_switch_path_mixture_v1	1	phased_unphased_two_state_positive_dosages_v1	endpoint_excess_dosage_penalty_biological_alias_mass_v1:alpha=3	5c247107561660669e1e40fa17e9c74b9ce7f23c4cacc5cd6479e760fab68aab	region_local	2	2.7916808811937623e-05	0	0.9999999744101855	2.7916801914685163e-05	0	2.0	1.0	0.5567501292323666	0.043003368573821206	1.5567500905167786	1.556750150787276	1	second_linear_segment_at_fitted_phi	1.556750103642552	1.5567501434794992	1	second_linear_segment_at_clustered_phi	2
exampleTumor1	m004	region2	clipp2_single_switch_path_mixture_v1	1	phased_unphased_two_state_positive_dosages_v1	endpoint_excess_dosage_penalty_biological_alias_mass_v1:alpha=3	5c247107561660669e1e40fa17e9c74b9ce7f23c4cacc5cd6479e760fab68aab	region_local	3	0.9999441663581133	1	0.9999999744101855	0.9999441663801337	1	1.0	1.0	1.0	0.9139932628523576	0.9999999612844119	1.0	0	first_linear_segment_at_fitted_phi	0.9999999744101855	1.0	0	first_linear_segment_at_clustered_phi	8
exampleTumor1	m005	region1	clipp2_single_switch_path_mixture_v1	1	phased_unphased_two_state_positive_dosages_v1	endpoint_excess_dosage_penalty_biological_alias_mass_v1:alpha=3	5c247107561660669e1e40fa17e9c74b9ce7f23c4cacc5cd6479e760fab68aab	region_local	1	2.5427522968046932e-05	0	0.4644698459572693	2.5427532679742376e-05	0	2.0	1.0	0.46559310907204654	0.055039886808694184	0.9289397127259355	2.0	1	first_linear_segment_at_fitted_phi	0.9289396919145386	2.0	1	first_linear_segment_at_clustered_phi	2
exampleTumor1	m005	region1	clipp2_single_switch_path_mixture_v1	1	phased_unphased_two_state_positive_dosages_v1	endpoint_excess_dosage_penalty_biological_alias_mass_v1:alpha=3	5c247107561660669e1e40fa17e9c74b9ce7f23c4cacc5cd6479e760fab68aab	region_local	2	0.05824424387060398	0	0.4644698459572693	0.058244243870038695	0	1.0	2.0	0.5344068909279536	0.055039886808694205	0.4644698563629677	1.0	0	first_linear_segment_at_fitted_phi	0.4644698459572693	1.0	0	first_linear_segment_at_clustered_phi	2
exampleTumor1	m005	region1	clipp2_single_switch_path_mixture_v1	1	phased_unphased_two_state_positive_dosages_v1	endpoint_excess_dosage_penalty_biological_alias_mass_v1:alpha=3	5c247107561660669e1e40fa17e9c74b9ce7f23c4cacc5cd6479e760fab68aab	region_local	3	0.941730328606428	1	0.4644698459572693	0.9417303285972815	1	1.0	1.0	1.0	0.8899202263826116	0.4644698563629677	1.0	0	first_linear_segment_at_fitted_phi	0.4644698459572693	1.0	0	first_linear_segment_at_clustered_phi	8
exampleTumor1	m005	region2	clipp2_single_switch_path_mixture_v1	1	phased_unphased_two_state_positive_dosages_v1	endpoint_excess_dosage_penalty_biological_alias_mass_v1:alpha=3	5c247107561660669e1e40fa17e9c74b9ce7f23c4cacc5cd6479e760fab68aab	region_local	1	0.04305653774448129	0	0.5783395130938829	0.043056530466493506	0	1.0	2.0	0.4432498707676336	0.04300336857382123	0.7134291265310229	1.2335818808799799	1	second_linear_segment_at_fitted_phi	0.7134291554201322	1.2335819000219685	1	second_linear_segment_at_clustered_phi	2
exampleTumor1	m005	region2	clipp2_single_switch_path_mixture_v1	1	phased_unphased_two_state_positive_dosages_v1	endpoint_excess_dosage_penalty_biological_alias_mass_v1:alpha=3	5c247107561660669e1e40fa17e9c74b9ce7f23c4cacc5cd6479e760fab68aab	region_local	2	0.00018174842923847405	0	0.5783395130938829	0.0001817483664627185	0	2.0	1.0	0.5567501292323666	0.043003368573821206	1.1350896278816949	1.962670076196798	1	second_linear_segment_at_fitted_phi	1.1350896423262493	1.9626700521532379	1	second_linear_segment_at_clustered_phi	2
exampleTumor1	m005	region2	clipp2_single_switch_path_mixture_v1	1	phased_unphased_two_state_positive_dosages_v1	endpoint_excess_dosage_penalty_biological_alias_mass_v1:alpha=3	5c247107561660669e1e40fa17e9c74b9ce7f23c4cacc5cd6479e760fab68aab	region_local	3	0.9567617138262803	1	0.5783395130938829	0.9567617211670438	1	1.0	1.0	1.0	0.9139932628523576	0.5783394986493282	1.0	0	first_linear_segment_at_fitted_phi	0.5783395130938829	1.0	0	first_linear_segment_at_clustered_phi	8
exampleTumor1	m006	region1	clipp2_single_switch_path_mixture_v1	1	phased_unphased_two_state_positive_dosages_v1	endpoint_excess_dosage_penalty_biological_alias_mass_v1:alpha=3	5c247107561660669e1e40fa17e9c74b9ce7f23c4cacc5cd6479e760fab68aab	region_local	1	0.1810292934436698	0	0.9999999820400683	0.18102932171536779	0	2.0	1.0	0.46559310907204654	0.055039886808694184	1.4655931090720467	1.4655931090720467	1	second_linear_segment_at_fitted_phi	1.4655930911121149	1.465593117434067	1	second_linear_segment_at_clustered_phi	2
exampleTumor1	m006	region1	clipp2_single_switch_path_mixture_v1	1	phased_unphased_two_state_positive_dosages_v1	endpoint_excess_dosage_penalty_biological_alias_mass_v1:alpha=3	5c247107561660669e1e40fa17e9c74b9ce7f23c4cacc5cd6479e760fab68aab	region_local	2	0.1810292934436698	0	0.9999999820400683	0.18102933307415878	0	1.0	2.0	0.5344068909279536	0.055039886808694205	1.4655931090720464	1.4655931090720464	1	second_linear_segment_at_fitted_phi	1.4655930731521831	1.465593099474135	1	second_linear_segment_at_clustered_phi	2
exampleTumor1	m006	region1	clipp2_single_switch_path_mixture_v1	1	phased_unphased_two_state_positive_dosages_v1	endpoint_excess_dosage_penalty_biological_alias_mass_v1:alpha=3	5c247107561660669e1e40fa17e9c74b9ce7f23c4cacc5cd6479e760fab68aab	region_local	3	0.6379414131126604	1	0.9999999820400683	0.6379413452104734	1	1.0	1.0	1.0	0.8899202263826116	1.0	1.0	0	switch_boundary_at_fitted_phi	0.9999999820400683	1.0	0	first_linear_segment_at_clustered_phi	8
exampleTumor1	m006	region2	clipp2_single_switch_path_mixture_v1	1	phased_unphased_two_state_positive_dosages_v1	endpoint_excess_dosage_penalty_biological_alias_mass_v1:alpha=3	5c247107561660669e1e40fa17e9c74b9ce7f23c4cacc5cd6479e760fab68aab	region_local	1	0.4974237534744453	0	0.9999999744101855	0.49742376210066774	0	1.0	2.0	0.4432498707676336	0.04300336857382123	1.5567500518045125	1.5567501120724228	1	second_linear_segment_at_fitted_phi	1.5567500780527375	1.556750117889684	1	second_linear_segment_at_clustered_phi	2
exampleTumor1	m006	region2	clipp2_single_switch_path_mixture_v1	1	phased_unphased_two_state_positive_dosages_v1	endpoint_excess_dosage_penalty_biological_alias_mass_v1:alpha=3	5c247107561660669e1e40fa17e9c74b9ce7f23c4cacc5cd6479e760fab68aab	region_local	2	0.4974238087664356	1	0.9999999744101855	0.4974237986485373	1	2.0	1.0	0.5567501292323666	0.043003368573821206	1.5567500905184395	1.556750150786351	1	second_linear_segment_at_fitted_phi	1.556750103642552	1.5567501434794992	1	second_linear_segment_at_clustered_phi	2
exampleTumor1	m006	region2	clipp2_single_switch_path_mixture_v1	1	phased_unphased_two_state_positive_dosages_v1	endpoint_excess_dosage_penalty_biological_alias_mass_v1:alpha=3	5c247107561660669e1e40fa17e9c74b9ce7f23c4cacc5cd6479e760fab68aab	region_local	3	0.005152437759119091	0	0.9999999744101855	0.005152439250795005	0	1.0	1.0	1.0	0.9139932628523576	0.999999961286073	1.0	0	first_linear_segment_at_fitted_phi	0.9999999744101855	1.0	0	first_linear_segment_at_clustered_phi	8
exampleTumor1	m007	region1	clipp2_single_switch_path_mixture_v1	1	phased_unphased_two_state_positive_dosages_v1	endpoint_excess_dosage_penalty_biological_alias_mass_v1:alpha=3	5c247107561660669e1e40fa17e9c74b9ce7f23c4cacc5cd6479e760fab68aab	region_local	1	0.0002787655111183904	0	0.4644698459572693	0.0002787655040491505	0	2.0	1.0	0.46559310907204654	0.055039886808694184	0.9289396904248921	2.0	1	first_linear_segment_at_fitted_phi	0.9289396919145386	2.0	1	first_linear_segment_at_clustered_phi	2
exampleTumor1	m007	region1	clipp2_single_switch_path_mixture_v1	1	phased_unphased_two_state_positive_dosages_v1	endpoint_excess_dosage_penalty_biological_alias_mass_v1:alpha=3	5c247107561660669e1e40fa17e9c74b9ce7f23c4cacc5cd6479e760fab68aab	region_local	2	0.05822948801583582	0	0.4644698459572693	0.058229488016247576	0	1.0	2.0	0.5344068909279536	0.055039886808694205	0.46446984521244605	1.0	0	first_linear_segment_at_fitted_phi	0.4644698459572693	1.0	0	first_linear_segment_at_clustered_phi	2
exampleTumor1	m007	region1	clipp2_single_switch_path_mixture_v1	1	phased_unphased_two_state_positive_dosages_v1	endpoint_excess_dosage_penalty_biological_alias_mass_v1:alpha=3	5c247107561660669e1e40fa17e9c74b9ce7f23c4cacc5cd6479e760fab68aab	region_local	3	0.9414917464730458	1	0.4644698459572693	0.9414917464797032	1	1.0	1.0	1.0	0.8899202263826116	0.46446984521244605	1.0	0	first_linear_segment_at_fitted_phi	0.4644698459572693	1.0	0	first_linear_segment_at_clustered_phi	8
exampleTumor1	m007	region2	clipp2_single_switch_path_mixture_v1	1	phased_unphased_two_state_positive_dosages_v1	endpoint_excess_dosage_penalty_biological_alias_mass_v1:alpha=3	5c247107561660669e1e40fa17e9c74b9ce7f23c4cacc5cd6479e760fab68aab	region_local	1	0.04949612701367862	0	0.5783395130938829	0.049496119320636654	0	1.0	2.0	0.4432498707676336	0.04300336857382123	0.7134291258552399	1.2335818804322045	1	second_linear_segment_at_fitted_phi	0.7134291554201322	1.2335819000219685	1	second_linear_segment_at_clustered_phi	2
exampleTumor1	m007	region2	clipp2_single_switch_path_mixture_v1	1	phased_unphased_two_state_positive_dosages_v1	endpoint_excess_dosage_penalty_biological_alias_mass_v1:alpha=3	5c247107561660669e1e40fa17e9c74b9ce7f23c4cacc5cd6479e760fab68aab	region_local	2	0.00034751506566159244	0	0.5783395130938829	0.0003475149442770142	0	2.0	1.0	0.5567501292323666	0.043003368573821206	1.1350896275438034	1.9626700767592322	1	second_linear_segment_at_fitted_phi	1.1350896423262493	1.9626700521532379	1	second_linear_segment_at_clustered_phi	2
exampleTumor1	m007	region2	clipp2_single_switch_path_mixture_v1	1	phased_unphased_two_state_positive_dosages_v1	endpoint_excess_dosage_penalty_biological_alias_mass_v1:alpha=3	5c247107561660669e1e40fa17e9c74b9ce7f23c4cacc5cd6479e760fab68aab	region_local	3	0.9501563579206598	1	0.5783395130938829	0.9501563657350863	1	1.0	1.0	1.0	0.9139932628523576	0.5783394983114367	1.0	0	first_linear_segment_at_fitted_phi	0.5783395130938829	1.0	0	first_linear_segment_at_clustered_phi	8
exampleTumor1	m008	region1	clipp2_single_switch_path_mixture_v1	1	phased_unphased_two_state_positive_dosages_v1	endpoint_excess_dosage_penalty_biological_alias_mass_v1:alpha=3	5c247107561660669e1e40fa17e9c74b9ce7f23c4cacc5cd6479e760fab68aab	region_local	1	0.020137160989410412	0	0.9999999820400683	0.020137156391104253	0	2.0	1.0	0.46559310907204654	0.055039886808694184	1.4655930729678375	1.4655931258819181	1	second_linear_segment_at_fitted_phi	1.4655930911121149	1.465593117434067	1	second_linear_segment_at_clustered_phi	2
exampleTumor1	m008	region1	clipp2_single_switch_path_mixture_v1	1	phased_unphased_two_state_positive_dosages_v1	endpoint_excess_dosage_penalty_biological_alias_mass_v1:alpha=3	5c247107561660669e1e40fa17e9c74b9ce7f23c4cacc5cd6479e760fab68aab	region_local	2	0.0201371671916579	0	0.9999999820400683	0.020137159476393256	0	1.0	2.0	0.5344068909279536	0.055039886808694205	1.4655930368636283	1.4655930897777076	1	second_linear_segment_at_fitted_phi	1.4655930731521831	1.465593099474135	1	second_linear_segment_at_clustered_phi	2
exampleTumor1	m008	region1	clipp2_single_switch_path_mixture_v1	1	phased_unphased_two_state_positive_dosages_v1	endpoint_excess_dosage_penalty_biological_alias_mass_v1:alpha=3	5c247107561660669e1e40fa17e9c74b9ce7f23c4cacc5cd6479e760fab68aab	region_local	3	0.9597256718189316	1	0.9999999820400683	0.9597256841325026	1	1.0	1.0	1.0	0.8899202263826116	0.9999999638957909	1.0	0	first_linear_segment_at_fitted_phi	0.9999999820400683	1.0	0	first_linear_segment_at_clustered_phi	8
exampleTumor1	m008	region2	clipp2_single_switch_path_mixture_v1	1	phased_unphased_two_state_positive_dosages_v1	endpoint_excess_dosage_penalty_biological_alias_mass_v1:alpha=3	5c247107561660669e1e40fa17e9c74b9ce7f23c4cacc5cd6479e760fab68aab	region_local	1	0.0025185037415770294	0	0.9999999744101855	0.002518502510608008	0	1.0	2.0	0.4432498707676336	0.04300336857382123	1.556750051801768	1.5567501120718144	1	second_linear_segment_at_fitted_phi	1.5567500780527375	1.556750117889684	1	second_linear_segment_at_clustered_phi	2
exampleTumor1	m008	region2	clipp2_single_switch_path_mixture_v1	1	phased_unphased_two_state_positive_dosages_v1	endpoint_excess_dosage_penalty_biological_alias_mass_v1:alpha=3	5c247107561660669e1e40fa17e9c74b9ce7f23c4cacc5cd6479e760fab68aab	region_local	2	0.002518502221301188	0	0.9999999744101855	0.0025185015057452454	0	2.0	1.0	0.5567501292323666	0.043003368573821206	1.5567500905170673	1.556750150787115	1	second_linear_segment_at_fitted_phi	1.556750103642552	1.5567501434794992	1	second_linear_segment_at_clustered_phi	2
exampleTumor1	m008	region2	clipp2_single_switch_path_mixture_v1	1	phased_unphased_two_state_positive_dosages_v1	endpoint_excess_dosage_penalty_biological_alias_mass_v1:alpha=3	5c247107561660669e1e40fa17e9c74b9ce7f23c4cacc5cd6479e760fab68aab	region_local	3	0.9949629940371217	1	0.9999999744101855	0.9949629959836468	1	1.0	1.0	1.0	0.9139932628523576	0.9999999612847008	1.0	0	first_linear_segment_at_fitted_phi	0.9999999744101855	1.0	0	first_linear_segment_at_clustered_phi	8
exampleTumor1	m009	region1	clipp2_single_switch_path_mixture_v1	1	phased_unphased_two_state_positive_dosages_v1	endpoint_excess_dosage_penalty_biological_alias_mass_v1:alpha=3	5c247107561660669e1e40fa17e9c74b9ce7f23c4cacc5cd6479e760fab68aab	region_local	1	0.00727331983305308	0	0.9999999820400683	0.007273318362472665	0	2.0	1.0	0.46559310907204654	0.055039886808694184	1.4655930729671673	1.4655931258822301	1	second_linear_segment_at_fitted_phi	1.4655930911121149	1.465593117434067	1	second_linear_segment_at_clustered_phi	2
exampleTumor1	m009	region1	clipp2_single_switch_path_mixture_v1	1	phased_unphased_two_state_positive_dosages_v1	endpoint_excess_dosage_penalty_biological_alias_mass_v1:alpha=3	5c247107561660669e1e40fa17e9c74b9ce7f23c4cacc5cd6479e760fab68aab	region_local	2	0.007273322435550311	0	0.9999999820400683	0.007273319657052961	0	1.0	2.0	0.5344068909279536	0.055039886808694205	1.465593036862288	1.4655930897773495	1	second_linear_segment_at_fitted_phi	1.4655930731521831	1.465593099474135	1	second_linear_segment_at_clustered_phi	2
exampleTumor1	m009	region1	clipp2_single_switch_path_mixture_v1	1	phased_unphased_two_state_positive_dosages_v1	endpoint_excess_dosage_penalty_biological_alias_mass_v1:alpha=3	5c247107561660669e1e40fa17e9c74b9ce7f23c4cacc5cd6479e760fab68aab	region_local	3	0.9854533577313966	1	0.9999999820400683	0.9854533619804744	1	1.0	1.0	1.0	0.8899202263826116	0.9999999638951208	1.0	0	first_linear_segment_at_fitted_phi	0.9999999820400683	1.0	0	first_linear_segment_at_clustered_phi	8
exampleTumor1	m009	region2	clipp2_single_switch_path_mixture_v1	1	phased_unphased_two_state_positive_dosages_v1	endpoint_excess_dosage_penalty_biological_alias_mass_v1:alpha=3	5c247107561660669e1e40fa17e9c74b9ce7f23c4cacc5cd6479e760fab68aab	region_local	1	7.198016563126139e-08	0	0.9999999744101855	7.198026325171944e-08	0	1.0	2.0	0.4432498707676336	0.04300336857382123	1.5567501292323664	1.5567501292323664	1	second_linear_segment_at_fitted_phi	1.5567500780527375	1.556750117889684	1	second_linear_segment_at_clustered_phi	2
exampleTumor1	m009	region2	clipp2_single_switch_path_mixture_v1	1	phased_unphased_two_state_positive_dosages_v1	endpoint_excess_dosage_penalty_biological_alias_mass_v1:alpha=3	5c247107561660669e1e40fa17e9c74b9ce7f23c4cacc5cd6479e760fab68aab	region_local	2	7.198016563125935e-08	0	0.9999999744101855	7.198020132167723e-08	0	2.0	1.0	0.5567501292323666	0.043003368573821206	1.5567501292323667	1.5567501292323667	1	second_linear_segment_at_fitted_phi	1.556750103642552	1.5567501434794992	1	second_linear_segment_at_clustered_phi	2
exampleTumor1	m009	region2	clipp2_single_switch_path_mixture_v1	1	phased_unphased_two_state_positive_dosages_v1	endpoint_excess_dosage_penalty_biological_alias_mass_v1:alpha=3	5c247107561660669e1e40fa17e9c74b9ce7f23c4cacc5cd6479e760fab68aab	region_local	3	0.9999998560396688	1	0.9999999744101855	0.9999998560395355	1	1.0	1.0	1.0	0.9139932628523576	1.0	1.0	0	switch_boundary_at_fitted_phi	0.9999999744101855	1.0	0	first_linear_segment_at_clustered_phi	8
exampleTumor1	m010	region1	clipp2_single_switch_path_mixture_v1	1	phased_unphased_two_state_positive_dosages_v1	endpoint_excess_dosage_penalty_biological_alias_mass_v1:alpha=3	5c247107561660669e1e40fa17e9c74b9ce7f23c4cacc5cd6479e760fab68aab	region_local	1	0.007666531907084396	0	0.4644698459572693	0.007666523468143389	0	2.0	1.0	0.46559310907204654	0.055039886808694184	0.9289396274885305	2.0	1	first_linear_segment_at_fitted_phi	0.9289396919145386	2.0	1	first_linear_segment_at_clustered_phi	2
exampleTumor1	m010	region1	clipp2_single_switch_path_mixture_v1	1	phased_unphased_two_state_positive_dosages_v1	endpoint_excess_dosage_penalty_biological_alias_mass_v1:alpha=3	5c247107561660669e1e40fa17e9c74b9ce7f23c4cacc5cd6479e760fab68aab	region_local	2	0.05779918220659966	0	0.4644698459572693	0.057799182698131515	0	1.0	2.0	0.5344068909279536	0.055039886808694205	0.46446981374426527	1.0	0	first_linear_segment_at_fitted_phi	0.4644698459572693	1.0	0	first_linear_segment_at_clustered_phi	2
exampleTumor1	m010	region1	clipp2_single_switch_path_mixture_v1	1	phased_unphased_two_state_positive_dosages_v1	endpoint_excess_dosage_penalty_biological_alias_mass_v1:alpha=3	5c247107561660669e1e40fa17e9c74b9ce7f23c4cacc5cd6479e760fab68aab	region_local	3	0.9345342858863159	1	0.4644698459572693	0.9345342938337251	1	1.0	1.0	1.0	0.8899202263826116	0.46446981374426527	1.0	0	first_linear_segment_at_fitted_phi	0.4644698459572693	1.0	0	first_linear_segment_at_clustered_phi	8
exampleTumor1	m010	region2	clipp2_single_switch_path_mixture_v1	1	phased_unphased_two_state_positive_dosages_v1	endpoint_excess_dosage_penalty_biological_alias_mass_v1:alpha=3	5c247107561660669e1e40fa17e9c74b9ce7f23c4cacc5cd6479e760fab68aab	region_local	1	0.021683213833516252	0	0.5783395130938829	0.021683214715187592	0	1.0	2.0	0.4432498707676336	0.04300336857382123	0.7134291610023293	1.2335819037207447	1	second_linear_segment_at_fitted_phi	0.7134291554201322	1.2335819000219685	1	second_linear_segment_at_clustered_phi	2
exampleTumor1	m010	region2	clipp2_single_switch_path_mixture_v1	1	phased_unphased_two_state_positive_dosages_v1	endpoint_excess_dosage_penalty_biological_alias_mass_v1:alpha=3	5c247107561660669e1e40fa17e9c74b9ce7f23c4cacc5cd6479e760fab68aab	region_local	2	2.9427762787396643e-05	0	0.5783395130938829	2.942776437075463e-05	0	2.0	1.0	0.5567501292323666	0.043003368573821206	1.135089645117348	1.962670047507339	1	second_linear_segment_at_fitted_phi	1.1350896423262493	1.9626700521532379	1	second_linear_segment_at_clustered_phi	2
exampleTumor1	m010	region2	clipp2_single_switch_path_mixture_v1	1	phased_unphased_two_state_positive_dosages_v1	endpoint_excess_dosage_penalty_biological_alias_mass_v1:alpha=3	5c247107561660669e1e40fa17e9c74b9ce7f23c4cacc5cd6479e760fab68aab	region_local	3	0.9782873584036963	1	0.5783395130938829	0.9782873575204416	1	1.0	1.0	1.0	0.9139932628523576	0.5783395158849814	1.0	0	first_linear_segment_at_fitted_phi	0.5783395130938829	1.0	0	first_linear_segment_at_clustered_phi	8
exampleTumor1	m011	region1	clipp2_single_switch_path_mixture_v1	1	phased_unphased_two_state_positive_dosages_v1	endpoint_excess_dosage_penalty_biological_alias_mass_v1:alpha=3	5c247107561660669e1e40fa17e9c74b9ce7f23c4cacc5cd6479e760fab68aab	region_local	1	0.9999379285083158	1	0.4644698459572693	0.9999379284834192	1	1.0	1.0	1.0	0.9757111023207368	0.4644698587764649	1.0	0	first_linear_segment_at_fitted_phi	0.4644698459572693	1.0	0	first_linear_segment_at_clustered_phi	2
exampleTumor1	m011	region1	clipp2_single_switch_path_mixture_v1	1	phased_unphased_two_state_positive_dosages_v1	endpoint_excess_dosage_penalty_biological_alias_mass_v1:alpha=3	5c247107561660669e1e40fa17e9c74b9ce7f23c4cacc5cd6479e760fab68aab	region_local	2	6.207149168433094e-05	0	0.4644698459572693	6.207151658085151e-05	0	2.0	2.0	1.0	0.02428889767926321	0.9289397175529298	2.0	1	first_linear_segment_at_fitted_phi	0.9289396919145386	2.0	1	first_linear_segment_at_clustered_phi	1
exampleTumor1	m011	region2	clipp2_single_switch_path_mixture_v1	1	phased_unphased_two_state_positive_dosages_v1	endpoint_excess_dosage_penalty_biological_alias_mass_v1:alpha=3	5c247107561660669e1e40fa17e9c74b9ce7f23c4cacc5cd6479e760fab68aab	region_local	1	0.9999960342589158	1	0.5783395130938829	0.9999960342566503	1	1.0	1.0	1.0	0.9757111023207368	0.57833952801246	1.0	0	first_linear_segment_at_fitted_phi	0.5783395130938829	1.0	0	first_linear_segment_at_clustered_phi	2
exampleTumor1	m011	region2	clipp2_single_switch_path_mixture_v1	1	phased_unphased_two_state_positive_dosages_v1	endpoint_excess_dosage_penalty_biological_alias_mass_v1:alpha=3	5c247107561660669e1e40fa17e9c74b9ce7f23c4cacc5cd6479e760fab68aab	region_local	2	3.965741084098342e-06	0	0.5783395130938829	3.965743349743216e-06	0	2.0	2.0	1.0	0.02428889767926321	1.15667905602492	2.0	1	first_linear_segment_at_fitted_phi	1.1566790261877657	2.0	1	first_linear_segment_at_clustered_phi	1
exampleTumor1	m012	region1	clipp2_single_switch_path_mixture_v1	1	phased_unphased_two_state_positive_dosages_v1	endpoint_excess_dosage_penalty_biological_alias_mass_v1:alpha=3	5c247107561660669e1e40fa17e9c74b9ce7f23c4cacc5cd6479e760fab68aab	region_local	1	0.9177496462395206	1	0.4644698459572693	0.91774973707436	1	1.0	1.0	1.0	0.9757111023207368	0.46446980116589576	1.0	0	first_linear_segment_at_fitted_phi	0.4644698459572693	1.0	0	first_linear_segment_at_clustered_phi	2
exampleTumor1	m012	region1	clipp2_single_switch_path_mixture_v1	1	phased_unphased_two_state_positive_dosages_v1	endpoint_excess_dosage_penalty_biological_alias_mass_v1:alpha=3	5c247107561660669e1e40fa17e9c74b9ce7f23c4cacc5cd6479e760fab68aab	region_local	2	0.0822503537604794	0	0.4644698459572693	0.08225026292563999	0	2.0	2.0	1.0	0.02428889767926321	0.9289396023317915	2.0	1	first_linear_segment_at_fitted_phi	0.9289396919145386	2.0	1	first_linear_segment_at_clustered_phi	1
exampleTumor1	m012	region2	clipp2_single_switch_path_mixture_v1	1	phased_unphased_two_state_positive_dosages_v1	endpoint_excess_dosage_penalty_biological_alias_mass_v1:alpha=3	5c247107561660669e1e40fa17e9c74b9ce7f23c4cacc5cd6479e760fab68aab	region_local	1	0.9995717467840007	1	0.5783395130938829	0.9995717466394533	1	1.0	1.0	1.0	0.9757111023207368	0.5783395240228446	1.0	0	first_linear_segment_at_fitted_phi	0.5783395130938829	1.0	0	first_linear_segment_at_clustered_phi	2
exampleTumor1	m012	region2	clipp2_single_switch_path_mixture_v1	1	phased_unphased_two_state_positive_dosages_v1	endpoint_excess_dosage_penalty_biological_alias_mass_v1:alpha=3	5c247107561660669e1e40fa17e9c74b9ce7f23c4cacc5cd6479e760fab68aab	region_local	2	0.00042825321599917164	0	0.5783395130938829	0.0004282533605467877	0	2.0	2.0	1.0	0.02428889767926321	1.1566790480456892	2.0	1	first_linear_segment_at_fitted_phi	1.1566790261877657	2.0	1	first_linear_segment_at_clustered_phi	1
exampleTumor1	m013	region1	clipp2_single_switch_path_mixture_v1	1	phased_unphased_two_state_positive_dosages_v1	endpoint_excess_dosage_penalty_biological_alias_mass_v1:alpha=3	5c247107561660669e1e40fa17e9c74b9ce7f23c4cacc5cd6479e760fab68aab	region_local	1	0.9999909471951653	1	0.9999999820400683	0.999990947201361	1	1.0	1.0	1.0	0.9757111023207368	0.9999999638949713	1.0	0	first_linear_segment_at_fitted_phi	0.9999999820400683	1.0	0	first_linear_segment_at_clustered_phi	2
exampleTumor1	m013	region1	clipp2_single_switch_path_mixture_v1	1	phased_unphased_two_state_positive_dosages_v1	endpoint_excess_dosage_penalty_biological_alias_mass_v1:alpha=3	5c247107561660669e1e40fa17e9c74b9ce7f23c4cacc5cd6479e760fab68aab	region_local	2	9.05280483461973e-06	0	0.9999999820400683	9.052798639128389e-06	0	2.0	2.0	1.0	0.02428889767926321	1.9999999277899425	2.0	1	first_linear_segment_at_fitted_phi	1.9999999640801367	2.0	1	first_linear_segment_at_clustered_phi	1
exampleTumor1	m013	region2	clipp2_single_switch_path_mixture_v1	1	phased_unphased_two_state_positive_dosages_v1	endpoint_excess_dosage_penalty_biological_alias_mass_v1:alpha=3	5c247107561660669e1e40fa17e9c74b9ce7f23c4cacc5cd6479e760fab68aab	region_local	1	0.9999813971491118	1	0.9999999744101855	0.9999813971592132	1	1.0	1.0	1.0	0.9757111023207368	0.9999999612841608	1.0	0	first_linear_segment_at_fitted_phi	0.9999999744101855	1.0	0	first_linear_segment_at_clustered_phi	2
exampleTumor1	m013	region2	clipp2_single_switch_path_mixture_v1	1	phased_unphased_two_state_positive_dosages_v1	endpoint_excess_dosage_penalty_biological_alias_mass_v1:alpha=3	5c247107561660669e1e40fa17e9c74b9ce7f23c4cacc5cd6479e760fab68aab	region_local	2	1.860285088821191e-05	0	0.9999999744101855	1.860284078678161e-05	0	2.0	2.0	1.0	0.02428889767926321	1.9999999225683216	2.0	1	first_linear_segment_at_fitted_phi	1.999999948820371	2.0	1	first_linear_segment_at_clustered_phi	1
exampleTumor1	m014	region1	clipp2_single_switch_path_mixture_v1	1	phased_unphased_two_state_positive_dosages_v1	endpoint_excess_dosage_penalty_biological_alias_mass_v1:alpha=3	5c247107561660669e1e40fa17e9c74b9ce7f23c4cacc5cd6479e760fab68aab	region_local	1	0.9999999983573538	1	0.9999999820400683	0.9999999983573525	1	1.0	1.0	1.0	0.9757111023207368	1.0	1.0	0	switch_boundary_at_fitted_phi	0.9999999820400683	1.0	0	first_linear_segment_at_clustered_phi	2
exampleTumor1	m014	region1	clipp2_single_switch_path_mixture_v1	1	phased_unphased_two_state_positive_dosages_v1	endpoint_excess_dosage_penalty_biological_alias_mass_v1:alpha=3	5c247107561660669e1e40fa17e9c74b9ce7f23c4cacc5cd6479e760fab68aab	region_local	2	1.6426462149212258e-09	0	0.9999999820400683	1.642647466732288e-09	0	2.0	2.0	1.0	0.02428889767926321	2.0	2.0	1	switch_boundary_at_fitted_phi	1.9999999640801367	2.0	1	first_linear_segment_at_clustered_phi	1
exampleTumor1	m014	region2	clipp2_single_switch_path_mixture_v1	1	phased_unphased_two_state_positive_dosages_v1	endpoint_excess_dosage_penalty_biological_alias_mass_v1:alpha=3	5c247107561660669e1e40fa17e9c74b9ce7f23c4cacc5cd6479e760fab68aab	region_local	1	0.9999999999962574	1	0.9999999744101855	0.9999999999962574	1	1.0	1.0	1.0	0.9757111023207368	1.0	1.0	0	switch_boundary_at_fitted_phi	0.9999999744101855	1.0	0	first_linear_segment_at_clustered_phi	2
exampleTumor1	m014	region2	clipp2_single_switch_path_mixture_v1	1	phased_unphased_two_state_positive_dosages_v1	endpoint_excess_dosage_penalty_biological_alias_mass_v1:alpha=3	5c247107561660669e1e40fa17e9c74b9ce7f23c4cacc5cd6479e760fab68aab	region_local	2	3.742555010677077e-12	0	0.9999999744101855	3.742561127442904e-12	0	2.0	2.0	1.0	0.02428889767926321	2.0	2.0	1	switch_boundary_at_fitted_phi	1.999999948820371	2.0	1	first_linear_segment_at_clustered_phi	1
exampleTumor1	m015	region1	clipp2_single_switch_path_mixture_v1	1	phased_unphased_two_state_positive_dosages_v1	endpoint_excess_dosage_penalty_biological_alias_mass_v1:alpha=3	5c247107561660669e1e40fa17e9c74b9ce7f23c4cacc5cd6479e760fab68aab	region_local	1	5.655870355692958e-06	0	0.4644698459572693	5.655876046173827e-06	0	2.0	1.0	0.46559310907204654	0.055039886808694184	0.9289397490939668	2.0	1	first_linear_segment_at_fitted_phi	0.9289396919145386	2.0	1	first_linear_segment_at_clustered_phi	2
exampleTumor1	m015	region1	clipp2_single_switch_path_mixture_v1	1	phased_unphased_two_state_positive_dosages_v1	endpoint_excess_dosage_penalty_biological_alias_mass_v1:alpha=3	5c247107561660669e1e40fa17e9c74b9ce7f23c4cacc5cd6479e760fab68aab	region_local	2	0.05824539548484335	0	0.4644698459572693	0.0582453954845119	0	1.0	2.0	0.5344068909279536	0.055039886808694205	0.4644698745469834	1.0	0	first_linear_segment_at_fitted_phi	0.4644698459572693	1.0	0	first_linear_segment_at_clustered_phi	2
exampleTumor1	m015	region1	clipp2_single_switch_path_mixture_v1	1	phased_unphased_two_state_positive_dosages_v1	endpoint_excess_dosage_penalty_biological_alias_mass_v1:alpha=3	5c247107561660669e1e40fa17e9c74b9ce7f23c4cacc5cd6479e760fab68aab	region_local	3	0.941748948644801	1	0.4644698459572693	0.9417489486394419	1	1.0	1.0	1.0	0.8899202263826116	0.4644698745469834	1.0	0	first_linear_segment_at_fitted_phi	0.4644698459572693	1.0	0	first_linear_segment_at_clustered_phi	8
exampleTumor1	m015	region2	clipp2_single_switch_path_mixture_v1	1	phased_unphased_two_state_positive_dosages_v1	endpoint_excess_dosage_penalty_biological_alias_mass_v1:alpha=3	5c247107561660669e1e40fa17e9c74b9ce7f23c4cacc5cd6479e760fab68aab	region_local	1	0.01675440525800839	0	0.5783395130938829	0.01675440409468389	0	1.0	2.0	0.4432498707676336	0.04300336857382123	0.7134291476468129	1.2335818948713497	1	second_linear_segment_at_fitted_phi	0.7134291554201322	1.2335819000219685	1	second_linear_segment_at_clustered_phi	2
exampleTumor1	m015	region2	clipp2_single_switch_path_mixture_v1	1	phased_unphased_two_state_positive_dosages_v1	endpoint_excess_dosage_penalty_biological_alias_mass_v1:alpha=3	5c247107561660669e1e40fa17e9c74b9ce7f23c4cacc5cd6479e760fab68aab	region_local	2	5.3570282401938906e-06	0	0.5783395130938829	5.35702777804504e-06	0	2.0	1.0	0.5567501292323666	0.043003368573821206	1.1350896384395899	1.9626700586227441	1	second_linear_segment_at_fitted_phi	1.1350896423262493	1.9626700521532379	1	second_linear_segment_at_clustered_phi	2
exampleTumor1	m015	region2	clipp2_single_switch_path_mixture_v1	1	phased_unphased_two_state_positive_dosages_v1	endpoint_excess_dosage_penalty_biological_alias_mass_v1:alpha=3	5c247107561660669e1e40fa17e9c74b9ce7f23c4cacc5cd6479e760fab68aab	region_local	3	0.9832402377137515	1	0.5783395130938829	0.9832402388775381	1	1.0	1.0	1.0	0.9139932628523576	0.5783395092072232	1.0	0	first_linear_segment_at_fitted_phi	0.5783395130938829	1.0	0	first_linear_segment_at_clustered_phi	8
exampleTumor1	m016	region1	clipp2_single_switch_path_mixture_v1	1	phased_unphased_two_state_positive_dosages_v1	endpoint_excess_dosage_penalty_biological_alias_mass_v1:alpha=3	5c247107561660669e1e40fa17e9c74b9ce7f23c4cacc5cd6479e760fab68aab	region_local	1	0.26417007561962125	0	0.9999999820400683	0.26417009647384904	0	2.0	1.0	0.18979727272857988	0.1102685636923483	1.1897972727285797	1.1897972727285797	1	second_linear_segment_at_fitted_phi	1.1897972547686484	1.189797276137326	1	second_linear_segment_at_clustered_phi	2
exampleTumor1	m016	region1	clipp2_single_switch_path_mixture_v1	1	phased_unphased_two_state_positive_dosages_v1	endpoint_excess_dosage_penalty_biological_alias_mass_v1:alpha=3	5c247107561660669e1e40fa17e9c74b9ce7f23c4cacc5cd6479e760fab68aab	region_local	2	0.26417007561962125	0	0.9999999820400683	0.2641700785141183	0	1.0	2.0	0.8102027272714202	0.1102685636923483	1.1897972727285797	1.1897972727285797	1	second_linear_segment_at_fitted_phi	1.1897972368087166	1.1897972581773941	1	second_linear_segment_at_clustered_phi	2
exampleTumor1	m016	region1	clipp2_single_switch_path_mixture_v1	1	phased_unphased_two_state_positive_dosages_v1	endpoint_excess_dosage_penalty_biological_alias_mass_v1:alpha=3	5c247107561660669e1e40fa17e9c74b9ce7f23c4cacc5cd6479e760fab68aab	region_local	3	0.47165984876075756	1	0.9999999820400683	0.4716598250120328	1	1.0	1.0	1.0	0.7794628726153034	1.0	1.0	0	switch_boundary_at_fitted_phi	0.9999999820400683	1.0	0	first_linear_segment_at_clustered_phi	8
exampleTumor1	m016	region2	clipp2_single_switch_path_mixture_v1	1	phased_unphased_two_state_positive_dosages_v1	endpoint_excess_dosage_penalty_biological_alias_mass_v1:alpha=3	5c247107561660669e1e40fa17e9c74b9ce7f23c4cacc5cd6479e760fab68aab	region_local	1	0.08785883547883513	0	0.9999999744101855	0.08785882277448294	0	2.0	1.0	0.320738881115505	0.08019266527581756	1.3207388424006665	1.3207388935328594	1	second_linear_segment_at_fitted_phi	1.3207388555256907	1.320738889323154	1	second_linear_segment_at_clustered_phi	2
exampleTumor1	m016	region2	clipp2_single_switch_path_mixture_v1	1	phased_unphased_two_state_positive_dosages_v1	endpoint_excess_dosage_penalty_biological_alias_mass_v1:alpha=3	5c247107561660669e1e40fa17e9c74b9ce7f23c4cacc5cd6479e760fab68aab	region_local	2	0.08785885724952835	0	0.9999999744101855	0.08785883716452035	0	1.0	2.0	0.6792611188844951	0.08019266527581756	1.320738803685828	1.3207388548180194	1	second_linear_segment_at_fitted_phi	1.320738829935876	1.3207388637333386	1	second_linear_segment_at_clustered_phi	2
exampleTumor1	m016	region2	clipp2_single_switch_path_mixture_v1	1	phased_unphased_two_state_positive_dosages_v1	endpoint_excess_dosage_penalty_biological_alias_mass_v1:alpha=3	5c247107561660669e1e40fa17e9c74b9ce7f23c4cacc5cd6479e760fab68aab	region_local	3	0.8242823072716365	1	0.9999999744101855	0.8242823400609968	1	1.0	1.0	1.0	0.8396146694483648	0.9999999612851616	1.0	0	first_linear_segment_at_fitted_phi	0.9999999744101855	1.0	0	first_linear_segment_at_clustered_phi	8
exampleTumor1	m017	region1	clipp2_single_switch_path_mixture_v1	1	phased_unphased_two_state_positive_dosages_v1	endpoint_excess_dosage_penalty_biological_alias_mass_v1:alpha=3	5c247107561660669e1e40fa17e9c74b9ce7f23c4cacc5cd6479e760fab68aab	region_local	1	0.9664656752575135	1	0.9999999820400683	0.9664656569623237	1	1.0	1.0	1.0	0.9757111023207368	1.0	1.0	0	switch_boundary_at_fitted_phi	0.9999999820400683	1.0	0	first_linear_segment_at_clustered_phi	2
exampleTumor1	m017	region1	clipp2_single_switch_path_mixture_v1	1	phased_unphased_two_state_positive_dosages_v1	endpoint_excess_dosage_penalty_biological_alias_mass_v1:alpha=3	5c247107561660669e1e40fa17e9c74b9ce7f23c4cacc5cd6479e760fab68aab	region_local	2	0.03353432474248648	0	0.9999999820400683	0.033534343037676384	0	2.0	2.0	1.0	0.02428889767926321	2.0	2.0	1	switch_boundary_at_fitted_phi	1.9999999640801367	2.0	1	first_linear_segment_at_clustered_phi	1
exampleTumor1	m017	region2	clipp2_single_switch_path_mixture_v1	1	phased_unphased_two_state_positive_dosages_v1	endpoint_excess_dosage_penalty_biological_alias_mass_v1:alpha=3	5c247107561660669e1e40fa17e9c74b9ce7f23c4cacc5cd6479e760fab68aab	region_local	1	0.9999999995745334	1	0.9999999744101855	0.9999999995745328	1	1.0	1.0	1.0	0.9757111023207368	1.0	1.0	0	switch_boundary_at_fitted_phi	0.9999999744101855	1.0	0	first_linear_segment_at_clustered_phi	2
exampleTumor1	m017	region2	clipp2_single_switch_path_mixture_v1	1	phased_unphased_two_state_positive_dosages_v1	endpoint_excess_dosage_penalty_biological_alias_mass_v1:alpha=3	5c247107561660669e1e40fa17e9c74b9ce7f23c4cacc5cd6479e760fab68aab	region_local	2	4.254666034438849e-10	0	0.9999999744101855	4.254672118970379e-10	0	2.0	2.0	1.0	0.02428889767926321	2.0	2.0	1	switch_boundary_at_fitted_phi	1.999999948820371	2.0	1	first_linear_segment_at_clustered_phi	1
exampleTumor1	m018	region1	clipp2_single_switch_path_mixture_v1	1	phased_unphased_two_state_positive_dosages_v1	endpoint_excess_dosage_penalty_biological_alias_mass_v1:alpha=3	5c247107561660669e1e40fa17e9c74b9ce7f23c4cacc5cd6479e760fab68aab	region_local	1	1.8155669972832883e-06	0	0.9999999820400683	1.8155661432182073e-06	0	1.0	1.0	1.0	0.9757111023207368	1.0	1.0	0	switch_boundary_at_fitted_phi	0.9999999820400683	1.0	0	first_linear_segment_at_clustered_phi	2
exampleTumor1	m018	region1	clipp2_single_switch_path_mixture_v1	1	phased_unphased_two_state_positive_dosages_v1	endpoint_excess_dosage_penalty_biological_alias_mass_v1:alpha=3	5c247107561660669e1e40fa17e9c74b9ce7f23c4cacc5cd6479e760fab68aab	region_local	2	0.9999981844330027	1	0.9999999820400683	0.9999981844338568	1	2.0	2.0	1.0	0.02428889767926321	2.0	2.0	1	switch_boundary_at_fitted_phi	1.9999999640801367	2.0	1	first_linear_segment_at_clustered_phi	1
exampleTumor1	m018	region2	clipp2_single_switch_path_mixture_v1	1	phased_unphased_two_state_positive_dosages_v1	endpoint_excess_dosage_penalty_biological_alias_mass_v1:alpha=3	5c247107561660669e1e40fa17e9c74b9ce7f23c4cacc5cd6479e760fab68aab	region_local	1	4.922318232843672e-09	0	0.9999999744101855	4.9223143932132266e-09	0	1.0	1.0	1.0	0.9757111023207368	1.0	1.0	0	switch_boundary_at_fitted_phi	0.9999999744101855	1.0	0	first_linear_segment_at_clustered_phi	2
exampleTumor1	m018	region2	clipp2_single_switch_path_mixture_v1	1	phased_unphased_two_state_positive_dosages_v1	endpoint_excess_dosage_penalty_biological_alias_mass_v1:alpha=3	5c247107561660669e1e40fa17e9c74b9ce7f23c4cacc5cd6479e760fab68aab	region_local	2	0.9999999950776818	1	0.9999999744101855	0.9999999950776857	1	2.0	2.0	1.0	0.02428889767926321	2.0	2.0	1	switch_boundary_at_fitted_phi	1.999999948820371	2.0	1	first_linear_segment_at_clustered_phi	1
exampleTumor1	m019	region1	clipp2_single_switch_path_mixture_v1	1	phased_unphased_two_state_positive_dosages_v1	endpoint_excess_dosage_penalty_biological_alias_mass_v1:alpha=3	5c247107561660669e1e40fa17e9c74b9ce7f23c4cacc5cd6479e760fab68aab	region_local	1	0.0448603590405399	0	0.9999999820400683	0.04486036337134103	0	2.0	1.0	0.18979727272857988	0.1102685636923483	1.1897972727285797	1.1897972727285797	1	second_linear_segment_at_fitted_phi	1.1897972547686484	1.189797276137326	1	second_linear_segment_at_clustered_phi	2
exampleTumor1	m019	region1	clipp2_single_switch_path_mixture_v1	1	phased_unphased_two_state_positive_dosages_v1	endpoint_excess_dosage_penalty_biological_alias_mass_v1:alpha=3	5c247107561660669e1e40fa17e9c74b9ce7f23c4cacc5cd6479e760fab68aab	region_local	2	0.0448603590405399	0	0.9999999820400683	0.04486037032294867	0	1.0	2.0	0.8102027272714202	0.1102685636923483	1.1897972727285797	1.1897972727285797	1	second_linear_segment_at_fitted_phi	1.1897972368087166	1.1897972581773941	1	second_linear_segment_at_clustered_phi	2
exampleTumor1	m019	region1	clipp2_single_switch_path_mixture_v1	1	phased_unphased_two_state_positive_dosages_v1	endpoint_excess_dosage_penalty_biological_alias_mass_v1:alpha=3	5c247107561660669e1e40fa17e9c74b9ce7f23c4cacc5cd6479e760fab68aab	region_local	3	0.9102792819189202	1	0.9999999820400683	0.9102792663057103	1	1.0	1.0	1.0	0.7794628726153034	1.0	1.0	0	switch_boundary_at_fitted_phi	0.9999999820400683	1.0	0	first_linear_segment_at_clustered_phi	8
exampleTumor1	m019	region2	clipp2_single_switch_path_mixture_v1	1	phased_unphased_two_state_positive_dosages_v1	endpoint_excess_dosage_penalty_biological_alias_mass_v1:alpha=3	5c247107561660669e1e40fa17e9c74b9ce7f23c4cacc5cd6479e760fab68aab	region_local	1	0.00015093261836857455	0	0.9999999744101855	0.0001509326631110443	0	2.0	1.0	0.320738881115505	0.08019266527581756	1.320738881115505	1.320738881115505	1	second_linear_segment_at_fitted_phi	1.3207388555256907	1.320738889323154	1	second_linear_segment_at_clustered_phi	2
exampleTumor1	m019	region2	clipp2_single_switch_path_mixture_v1	1	phased_unphased_two_state_positive_dosages_v1	endpoint_excess_dosage_penalty_biological_alias_mass_v1:alpha=3	5c247107561660669e1e40fa17e9c74b9ce7f23c4cacc5cd6479e760fab68aab	region_local	2	0.00015093261836857455	0	0.9999999744101855	0.00015093276285111707	0	1.0	2.0	0.6792611188844951	0.08019266527581756	1.320738881115505	1.320738881115505	1	second_linear_segment_at_fitted_phi	1.320738829935876	1.3207388637333386	1	second_linear_segment_at_clustered_phi	2
exampleTumor1	m019	region2	clipp2_single_switch_path_mixture_v1	1	phased_unphased_two_state_positive_dosages_v1	endpoint_excess_dosage_penalty_biological_alias_mass_v1:alpha=3	5c247107561660669e1e40fa17e9c74b9ce7f23c4cacc5cd6479e760fab68aab	region_local	3	0.9996981347632629	1	0.9999999744101855	0.9996981345740379	1	1.0	1.0	1.0	0.8396146694483648	1.0	1.0	0	switch_boundary_at_fitted_phi	0.9999999744101855	1.0	0	first_linear_segment_at_clustered_phi	8
exampleTumor1	m020	region1	clipp2_single_switch_path_mixture_v1	1	phased_unphased_two_state_positive_dosages_v1	endpoint_excess_dosage_penalty_biological_alias_mass_v1:alpha=3	5c247107561660669e1e40fa17e9c74b9ce7f23c4cacc5cd6479e760fab68aab	region_local	1	0.3080881945501297	0	0.9999999820400683	0.3080881658300443	0	2.0	1.0	0.46559310907204654	0.055039886808694184	1.4655930729698126	1.4655931258809987	1	second_linear_segment_at_fitted_phi	1.4655930911121149	1.465593117434067	1	second_linear_segment_at_clustered_phi	2
exampleTumor1	m020	region1	clipp2_single_switch_path_mixture_v1	1	phased_unphased_two_state_positive_dosages_v1	endpoint_excess_dosage_penalty_biological_alias_mass_v1:alpha=3	5c247107561660669e1e40fa17e9c74b9ce7f23c4cacc5cd6479e760fab68aab	region_local	2	0.3080882062866936	0	0.9999999820400683	0.30808817166868635	0	1.0	2.0	0.5344068909279536	0.055039886808694205	1.4655930368675782	1.465593089778763	1	second_linear_segment_at_fitted_phi	1.4655930731521831	1.465593099474135	1	second_linear_segment_at_clustered_phi	2
exampleTumor1	m020	region1	clipp2_single_switch_path_mixture_v1	1	phased_unphased_two_state_positive_dosages_v1	endpoint_excess_dosage_penalty_biological_alias_mass_v1:alpha=3	5c247107561660669e1e40fa17e9c74b9ce7f23c4cacc5cd6479e760fab68aab	region_local	3	0.38382359916317677	1	0.9999999820400683	0.3838236625012694	1	1.0	1.0	1.0	0.8899202263826116	0.9999999638977659	1.0	0	first_linear_segment_at_fitted_phi	0.9999999820400683	1.0	0	first_linear_segment_at_clustered_phi	8
exampleTumor1	m020	region2	clipp2_single_switch_path_mixture_v1	1	phased_unphased_two_state_positive_dosages_v1	endpoint_excess_dosage_penalty_biological_alias_mass_v1:alpha=3	5c247107561660669e1e40fa17e9c74b9ce7f23c4cacc5cd6479e760fab68aab	region_local	1	0.499727085271734	0	0.9999999744101855	0.49972710012926025	0	1.0	2.0	0.4432498707676336	0.04300336857382123	1.5567500518055024	1.556750112072642	1	second_linear_segment_at_fitted_phi	1.5567500780527375	1.556750117889684	1	second_linear_segment_at_clustered_phi	2
exampleTumor1	m020	region2	clipp2_single_switch_path_mixture_v1	1	phased_unphased_two_state_positive_dosages_v1	endpoint_excess_dosage_penalty_biological_alias_mass_v1:alpha=3	5c247107561660669e1e40fa17e9c74b9ce7f23c4cacc5cd6479e760fab68aab	region_local	2	0.49972717348793627	1	0.9999999744101855	0.49972715844070215	1	2.0	1.0	0.5567501292323666	0.043003368573821206	1.5567500905189346	1.5567501507860757	1	second_linear_segment_at_fitted_phi	1.556750103642552	1.5567501434794992	1	second_linear_segment_at_clustered_phi	2
exampleTumor1	m020	region2	clipp2_single_switch_path_mixture_v1	1	phased_unphased_two_state_positive_dosages_v1	endpoint_excess_dosage_penalty_biological_alias_mass_v1:alpha=3	5c247107561660669e1e40fa17e9c74b9ce7f23c4cacc5cd6479e760fab68aab	region_local	3	0.0005457412403297613	0	0.9999999744101855	0.0005457414300375104	0	1.0	1.0	1.0	0.9139932628523576	0.9999999612865681	1.0	0	first_linear_segment_at_fitted_phi	0.9999999744101855	1.0	0	first_linear_segment_at_clustered_phi	8
exampleTumor1	m021	region1	clipp2_single_switch_path_mixture_v1	1	phased_unphased_two_state_positive_dosages_v1	endpoint_excess_dosage_penalty_biological_alias_mass_v1:alpha=3	5c247107561660669e1e40fa17e9c74b9ce7f23c4cacc5cd6479e760fab68aab	region_local	1	0.29589601161093676	0	0.9999999820400683	0.2958959810550068	0	2.0	1.0	0.46559310907204654	0.055039886808694184	1.4655930729701783	1.4655931258808281	1	second_linear_segment_at_fitted_phi	1.4655930911121149	1.465593117434067	1	second_linear_segment_at_clustered_phi	2
exampleTumor1	m021	region1	clipp2_single_switch_path_mixture_v1	1	phased_unphased_two_state_positive_dosages_v1	endpoint_excess_dosage_penalty_biological_alias_mass_v1:alpha=3	5c247107561660669e1e40fa17e9c74b9ce7f23c4cacc5cd6479e760fab68aab	region_local	2	0.2958960300124151	0	0.9999999820400683	0.29589599020936447	0	1.0	2.0	0.5344068909279536	0.055039886808694205	1.4655930368683099	1.4655930897789586	1	second_linear_segment_at_fitted_phi	1.4655930731521831	1.465593099474135	1	second_linear_segment_at_clustered_phi	2
exampleTumor1	m021	region1	clipp2_single_switch_path_mixture_v1	1	phased_unphased_two_state_positive_dosages_v1	endpoint_excess_dosage_penalty_biological_alias_mass_v1:alpha=3	5c247107561660669e1e40fa17e9c74b9ce7f23c4cacc5cd6479e760fab68aab	region_local	3	0.4082079583766482	1	0.9999999820400683	0.40820802873562867	1	1.0	1.0	1.0	0.8899202263826116	0.9999999638981317	1.0	0	first_linear_segment_at_fitted_phi	0.9999999820400683	1.0	0	first_linear_segment_at_clustered_phi	8
exampleTumor1	m021	region2	clipp2_single_switch_path_mixture_v1	1	phased_unphased_two_state_positive_dosages_v1	endpoint_excess_dosage_penalty_biological_alias_mass_v1:alpha=3	5c247107561660669e1e40fa17e9c74b9ce7f23c4cacc5cd6479e760fab68aab	region_local	1	0.49944830807836715	0	0.9999999744101855	0.49944831896065983	0	1.0	2.0	0.4432498707676336	0.04300336857382123	1.5567500518054815	1.5567501120726375	1	second_linear_segment_at_fitted_phi	1.5567500780527375	1.556750117889684	1	second_linear_segment_at_clustered_phi	2
exampleTumor1	m021	region2	clipp2_single_switch_path_mixture_v1	1	phased_unphased_two_state_positive_dosages_v1	endpoint_excess_dosage_penalty_biological_alias_mass_v1:alpha=3	5c247107561660669e1e40fa17e9c74b9ce7f23c4cacc5cd6479e760fab68aab	region_local	2	0.49944837342773185	1	0.9999999744101855	0.4994483621569696	1	2.0	1.0	0.5567501292323666	0.043003368573821206	1.556750090518924	1.5567501507860813	1	second_linear_segment_at_fitted_phi	1.556750103642552	1.5567501434794992	1	second_linear_segment_at_clustered_phi	2
exampleTumor1	m021	region2	clipp2_single_switch_path_mixture_v1	1	phased_unphased_two_state_positive_dosages_v1	endpoint_excess_dosage_penalty_biological_alias_mass_v1:alpha=3	5c247107561660669e1e40fa17e9c74b9ce7f23c4cacc5cd6479e760fab68aab	region_local	3	0.0011033184939009044	0	0.9999999744101855	0.0011033188823706256	0	1.0	1.0	1.0	0.9139932628523576	0.9999999612865575	1.0	0	first_linear_segment_at_fitted_phi	0.9999999744101855	1.0	0	first_linear_segment_at_clustered_phi	8
exampleTumor1	m022	region1	clipp2_single_switch_path_mixture_v1	1	phased_unphased_two_state_positive_dosages_v1	endpoint_excess_dosage_penalty_biological_alias_mass_v1:alpha=3	5c247107561660669e1e40fa17e9c74b9ce7f23c4cacc5cd6479e760fab68aab	region_local	1	0.003029294614818424	0	0.4644698459572693	0.0030292949036449606	0	2.0	1.0	0.18979727272857988	0.1102685636923483	0.6542671321852784	1.4086320540811632	1	second_linear_segment_at_fitted_phi	0.6542671186858492	1.4086320659577134	1	second_linear_segment_at_clustered_phi	2
exampleTumor1	m022	region1	clipp2_single_switch_path_mixture_v1	1	phased_unphased_two_state_positive_dosages_v1	endpoint_excess_dosage_penalty_biological_alias_mass_v1:alpha=3	5c247107561660669e1e40fa17e9c74b9ce7f23c4cacc5cd6479e760fab68aab	region_local	2	0.12355922612153056	0	0.4644698459572693	0.12355922608573494	0	1.0	2.0	0.8102027272714202	0.1102685636923483	0.46446985945669855	1.0	0	first_linear_segment_at_fitted_phi	0.4644698459572693	1.0	0	first_linear_segment_at_clustered_phi	2
exampleTumor1	m022	region1	clipp2_single_switch_path_mixture_v1	1	phased_unphased_two_state_positive_dosages_v1	endpoint_excess_dosage_penalty_biological_alias_mass_v1:alpha=3	5c247107561660669e1e40fa17e9c74b9ce7f23c4cacc5cd6479e760fab68aab	region_local	3	0.873411479263651	1	0.4644698459572693	0.8734114790106201	1	1.0	1.0	1.0	0.7794628726153034	0.46446985945669855	1.0	0	first_linear_segment_at_fitted_phi	0.4644698459572693	1.0	0	first_linear_segment_at_clustered_phi	8
exampleTumor1	m022	region2	clipp2_single_switch_path_mixture_v1	1	phased_unphased_two_state_positive_dosages_v1	endpoint_excess_dosage_penalty_biological_alias_mass_v1:alpha=3	5c247107561660669e1e40fa17e9c74b9ce7f23c4cacc5cd6479e760fab68aab	region_local	1	0.02529033400096661	0	0.5783395130938829	0.025290327174452044	0	2.0	1.0	0.320738881115505	0.08019266527581756	0.8990783788713645	1.554585813972716	1	second_linear_segment_at_fitted_phi	0.8990783942093878	1.5545857992646595	1	second_linear_segment_at_clustered_phi	2
exampleTumor1	m022	region2	clipp2_single_switch_path_mixture_v1	1	phased_unphased_two_state_positive_dosages_v1	endpoint_excess_dosage_penalty_biological_alias_mass_v1:alpha=3	5c247107561660669e1e40fa17e9c74b9ce7f23c4cacc5cd6479e760fab68aab	region_local	2	0.08497928102519739	0	0.5783395130938829	0.0849792816203616	0	1.0	2.0	0.6792611188844951	0.08019266527581756	0.5783394977558595	1.0	0	first_linear_segment_at_fitted_phi	0.5783395130938829	1.0	0	first_linear_segment_at_clustered_phi	2
exampleTumor1	m022	region2	clipp2_single_switch_path_mixture_v1	1	phased_unphased_two_state_positive_dosages_v1	endpoint_excess_dosage_penalty_biological_alias_mass_v1:alpha=3	5c247107561660669e1e40fa17e9c74b9ce7f23c4cacc5cd6479e760fab68aab	region_local	3	0.8897303849738359	1	0.5783395130938829	0.8897303912051864	1	1.0	1.0	1.0	0.8396146694483648	0.5783394977558595	1.0	0	first_linear_segment_at_fitted_phi	0.5783395130938829	1.0	0	first_linear_segment_at_clustered_phi	8
exampleTumor1	m023	region1	clipp2_single_switch_path_mixture_v1	1	phased_unphased_two_state_positive_dosages_v1	endpoint_excess_dosage_penalty_biological_alias_mass_v1:alpha=3	5c247107561660669e1e40fa17e9c74b9ce7f23c4cacc5cd6479e760fab68aab	region_local	1	0.020137160989392524	0	0.9999999820400683	0.020137156391104253	0	2.0	1.0	0.46559310907204654	0.055039886808694184	1.465593072967907	1.4655931258818857	1	second_linear_segment_at_fitted_phi	1.4655930911121149	1.465593117434067	1	second_linear_segment_at_clustered_phi	2
exampleTumor1	m023	region1	clipp2_single_switch_path_mixture_v1	1	phased_unphased_two_state_positive_dosages_v1	endpoint_excess_dosage_penalty_biological_alias_mass_v1:alpha=3	5c247107561660669e1e40fa17e9c74b9ce7f23c4cacc5cd6479e760fab68aab	region_local	2	0.020137167191628273	0	0.9999999820400683	0.020137159476393256	0	1.0	2.0	0.5344068909279536	0.055039886808694205	1.4655930368637673	1.4655930897777447	1	second_linear_segment_at_fitted_phi	1.4655930731521831	1.465593099474135	1	second_linear_segment_at_clustered_phi	2
exampleTumor1	m023	region1	clipp2_single_switch_path_mixture_v1	1	phased_unphased_two_state_positive_dosages_v1	endpoint_excess_dosage_penalty_biological_alias_mass_v1:alpha=3	5c247107561660669e1e40fa17e9c74b9ce7f23c4cacc5cd6479e760fab68aab	region_local	3	0.9597256718189792	1	0.9999999820400683	0.9597256841325026	1	1.0	1.0	1.0	0.8899202263826116	0.9999999638958604	1.0	0	first_linear_segment_at_fitted_phi	0.9999999820400683	1.0	0	first_linear_segment_at_clustered_phi	8
exampleTumor1	m023	region2	clipp2_single_switch_path_mixture_v1	1	phased_unphased_two_state_positive_dosages_v1	endpoint_excess_dosage_penalty_biological_alias_mass_v1:alpha=3	5c247107561660669e1e40fa17e9c74b9ce7f23c4cacc5cd6479e760fab68aab	region_local	1	3.862612048070904e-05	0	0.9999999744101855	3.862615716838331e-05	0	1.0	2.0	0.4432498707676336	0.04300336857382123	1.5567501292323664	1.5567501292323664	1	second_linear_segment_at_fitted_phi	1.5567500780527375	1.556750117889684	1	second_linear_segment_at_clustered_phi	2
exampleTumor1	m023	region2	clipp2_single_switch_path_mixture_v1	1	phased_unphased_two_state_positive_dosages_v1	endpoint_excess_dosage_penalty_biological_alias_mass_v1:alpha=3	5c247107561660669e1e40fa17e9c74b9ce7f23c4cacc5cd6479e760fab68aab	region_local	2	3.862612048070849e-05	0	0.9999999744101855	3.862613669178911e-05	0	2.0	1.0	0.5567501292323666	0.043003368573821206	1.5567501292323667	1.5567501292323667	1	second_linear_segment_at_fitted_phi	1.556750103642552	1.5567501434794992	1	second_linear_segment_at_clustered_phi	2
exampleTumor1	m023	region2	clipp2_single_switch_path_mixture_v1	1	phased_unphased_two_state_positive_dosages_v1	endpoint_excess_dosage_penalty_biological_alias_mass_v1:alpha=3	5c247107561660669e1e40fa17e9c74b9ce7f23c4cacc5cd6479e760fab68aab	region_local	3	0.9999227477590386	1	0.9999999744101855	0.9999227477061399	1	1.0	1.0	1.0	0.9139932628523576	1.0	1.0	0	switch_boundary_at_fitted_phi	0.9999999744101855	1.0	0	first_linear_segment_at_clustered_phi	8
exampleTumor1	m024	region1	clipp2_single_switch_path_mixture_v1	1	phased_unphased_two_state_positive_dosages_v1	endpoint_excess_dosage_penalty_biological_alias_mass_v1:alpha=3	5c247107561660669e1e40fa17e9c74b9ce7f23c4cacc5cd6479e760fab68aab	region_local	1	0.025434119470454652	0	0.9999999820400683	0.025434125495609996	0	2.0	1.0	0.46559310907204654	0.055039886808694184	1.4655931090720467	1.4655931090720467	1	second_linear_segment_at_fitted_phi	1.4655930911121149	1.465593117434067	1	second_linear_segment_at_clustered_phi	2
exampleTumor1	m024	region1	clipp2_single_switch_path_mixture_v1	1	phased_unphased_two_state_positive_dosages_v1	endpoint_excess_dosage_penalty_biological_alias_mass_v1:alpha=3	5c247107561660669e1e40fa17e9c74b9ce7f23c4cacc5cd6479e760fab68aab	region_local	2	0.025434119470454652	0	0.9999999820400683	0.02543412932604457	0	1.0	2.0	0.5344068909279536	0.055039886808694205	1.4655931090720464	1.4655931090720464	1	second_linear_segment_at_fitted_phi	1.4655930731521831	1.465593099474135	1	second_linear_segment_at_clustered_phi	2
exampleTumor1	m024	region1	clipp2_single_switch_path_mixture_v1	1	phased_unphased_two_state_positive_dosages_v1	endpoint_excess_dosage_penalty_biological_alias_mass_v1:alpha=3	5c247107561660669e1e40fa17e9c74b9ce7f23c4cacc5cd6479e760fab68aab	region_local	3	0.9491317610590907	1	0.9999999820400683	0.9491317451783454	1	1.0	1.0	1.0	0.8899202263826116	1.0	1.0	0	switch_boundary_at_fitted_phi	0.9999999820400683	1.0	0	first_linear_segment_at_clustered_phi	8
exampleTumor1	m024	region2	clipp2_single_switch_path_mixture_v1	1	phased_unphased_two_state_positive_dosages_v1	endpoint_excess_dosage_penalty_biological_alias_mass_v1:alpha=3	5c247107561660669e1e40fa17e9c74b9ce7f23c4cacc5cd6479e760fab68aab	region_local	1	4.793611791033675e-07	0	0.9999999744101855	4.793617295645469e-07	0	1.0	2.0	0.4432498707676336	0.04300336857382123	1.5567501292323664	1.5567501292323664	1	second_linear_segment_at_fitted_phi	1.5567500780527375	1.556750117889684	1	second_linear_segment_at_clustered_phi	2
exampleTumor1	m024	region2	clipp2_single_switch_path_mixture_v1	1	phased_unphased_two_state_positive_dosages_v1	endpoint_excess_dosage_penalty_biological_alias_mass_v1:alpha=3	5c247107561660669e1e40fa17e9c74b9ce7f23c4cacc5cd6479e760fab68aab	region_local	2	4.793611791033606e-07	0	0.9999999744101855	4.793613779624582e-07	0	2.0	1.0	0.5567501292323666	0.043003368573821206	1.5567501292323667	1.5567501292323667	1	second_linear_segment_at_fitted_phi	1.556750103642552	1.5567501434794992	1	second_linear_segment_at_clustered_phi	2
exampleTumor1	m024	region2	clipp2_single_switch_path_mixture_v1	1	phased_unphased_two_state_positive_dosages_v1	endpoint_excess_dosage_penalty_biological_alias_mass_v1:alpha=3	5c247107561660669e1e40fa17e9c74b9ce7f23c4cacc5cd6479e760fab68aab	region_local	3	0.9999990412776417	1	0.9999999744101855	0.9999990412768925	1	1.0	1.0	1.0	0.9139932628523576	1.0	1.0	0	switch_boundary_at_fitted_phi	0.9999999744101855	1.0	0	first_linear_segment_at_clustered_phi	8
exampleTumor1	m025	region1	clipp2_single_switch_path_mixture_v1	1	phased_unphased_two_state_positive_dosages_v1	endpoint_excess_dosage_penalty_biological_alias_mass_v1:alpha=3	5c247107561660669e1e40fa17e9c74b9ce7f23c4cacc5cd6479e760fab68aab	region_local	1	0.00746229000981921	0	0.4644698459572693	0.00746227957338971	0	2.0	1.0	0.46559310907204654	0.055039886808694184	0.9289396143375555	2.0	1	first_linear_segment_at_fitted_phi	0.9289396919145386	2.0	1	first_linear_segment_at_clustered_phi	2
exampleTumor1	m025	region1	clipp2_single_switch_path_mixture_v1	1	phased_unphased_two_state_positive_dosages_v1	endpoint_excess_dosage_penalty_biological_alias_mass_v1:alpha=3	5c247107561660669e1e40fa17e9c74b9ce7f23c4cacc5cd6479e760fab68aab	region_local	2	0.057811078423963914	0	0.4644698459572693	0.05781107903184131	0	1.0	2.0	0.5344068909279536	0.055039886808694205	0.4644698071687777	1.0	0	first_linear_segment_at_fitted_phi	0.4644698459572693	1.0	0	first_linear_segment_at_clustered_phi	2
exampleTumor1	m025	region1	clipp2_single_switch_path_mixture_v1	1	phased_unphased_two_state_positive_dosages_v1	endpoint_excess_dosage_penalty_biological_alias_mass_v1:alpha=3	5c247107561660669e1e40fa17e9c74b9ce7f23c4cacc5cd6479e760fab68aab	region_local	3	0.9347266315662169	1	0.4644698459572693	0.934726641394769	1	1.0	1.0	1.0	0.8899202263826116	0.4644698071687777	1.0	0	first_linear_segment_at_fitted_phi	0.4644698459572693	1.0	0	first_linear_segment_at_clustered_phi	8
exampleTumor1	m025	region2	clipp2_single_switch_path_mixture_v1	1	phased_unphased_two_state_positive_dosages_v1	endpoint_excess_dosage_penalty_biological_alias_mass_v1:alpha=3	5c247107561660669e1e40fa17e9c74b9ce7f23c4cacc5cd6479e760fab68aab	region_local	1	0.007667163953241983	0	0.5783395130938829	0.007667165319208242	0	1.0	2.0	0.4432498707676336	0.04300336857382123	0.7134291716832453	1.2335819107979433	1	second_linear_segment_at_fitted_phi	0.7134291554201322	1.2335819000219685	1	second_linear_segment_at_clustered_phi	2
exampleTumor1	m025	region2	clipp2_single_switch_path_mixture_v1	1	phased_unphased_two_state_positive_dosages_v1	endpoint_excess_dosage_penalty_biological_alias_mass_v1:alpha=3	5c247107561660669e1e40fa17e9c74b9ce7f23c4cacc5cd6479e760fab68aab	region_local	2	4.5328296145578593e-07	0	0.5783395130938829	4.532830309467073e-07	0	2.0	1.0	0.5567501292323666	0.043003368573821206	1.135089650457806	1.962670038617926	1	second_linear_segment_at_fitted_phi	1.1350896423262493	1.9626700521532379	1	second_linear_segment_at_clustered_phi	2
exampleTumor1	m025	region2	clipp2_single_switch_path_mixture_v1	1	phased_unphased_two_state_positive_dosages_v1	endpoint_excess_dosage_penalty_biological_alias_mass_v1:alpha=3	5c247107561660669e1e40fa17e9c74b9ce7f23c4cacc5cd6479e760fab68aab	region_local	3	0.9923323827637965	1	0.5783395130938829	0.9923323813977608	1	1.0	1.0	1.0	0.9139932628523576	0.5783395212254394	1.0	0	first_linear_segment_at_fitted_phi	0.5783395130938829	1.0	0	first_linear_segment_at_clustered_phi	8
exampleTumor1	m026	region1	clipp2_single_switch_path_mixture_v1	1	phased_unphased_two_state_positive_dosages_v1	endpoint_excess_dosage_penalty_biological_alias_mass_v1:alpha=3	5c247107561660669e1e40fa17e9c74b9ce7f23c4cacc5cd6479e760fab68aab	region_local	1	8.050711400671881e-05	0	0.4644698459572693	8.050714449418062e-05	0	2.0	1.0	0.46559310907204654	0.055039886808694184	0.9289397144052342	2.0	1	first_linear_segment_at_fitted_phi	0.9289396919145386	2.0	1	first_linear_segment_at_clustered_phi	2
exampleTumor1	m026	region1	clipp2_single_switch_path_mixture_v1	1	phased_unphased_two_state_positive_dosages_v1	endpoint_excess_dosage_penalty_biological_alias_mass_v1:alpha=3	5c247107561660669e1e40fa17e9c74b9ce7f23c4cacc5cd6479e760fab68aab	region_local	2	0.05824103571989591	0	0.4644698459572693	0.058241035718120525	0	1.0	2.0	0.5344068909279536	0.055039886808694205	0.4644698572026171	1.0	0	first_linear_segment_at_fitted_phi	0.4644698459572693	1.0	0	first_linear_segment_at_clustered_phi	2
exampleTumor1	m026	region1	clipp2_single_switch_path_mixture_v1	1	phased_unphased_two_state_positive_dosages_v1	endpoint_excess_dosage_penalty_biological_alias_mass_v1:alpha=3	5c247107561660669e1e40fa17e9c74b9ce7f23c4cacc5cd6479e760fab68aab	region_local	3	0.9416784571660974	1	0.4644698459572693	0.9416784571373853	1	1.0	1.0	1.0	0.8899202263826116	0.4644698572026171	1.0	0	first_linear_segment_at_fitted_phi	0.4644698459572693	1.0	0	first_linear_segment_at_clustered_phi	8
exampleTumor1	m026	region2	clipp2_single_switch_path_mixture_v1	1	phased_unphased_two_state_positive_dosages_v1	endpoint_excess_dosage_penalty_biological_alias_mass_v1:alpha=3	5c247107561660669e1e40fa17e9c74b9ce7f23c4cacc5cd6479e760fab68aab	region_local	1	0.02097533330511805	0	0.5783395130938829	0.020975333140469083	0	1.0	2.0	0.4432498707676336	0.04300336857382123	0.7134291544023139	1.2335818993475598	1	second_linear_segment_at_fitted_phi	0.7134291554201322	1.2335819000219685	1	second_linear_segment_at_clustered_phi	2
exampleTumor1	m026	region2	clipp2_single_switch_path_mixture_v1	1	phased_unphased_two_state_positive_dosages_v1	endpoint_excess_dosage_penalty_biological_alias_mass_v1:alpha=3	5c247107561660669e1e40fa17e9c74b9ce7f23c4cacc5cd6479e760fab68aab	region_local	2	1.93971099725387e-05	0	0.5783395130938829	1.93971097697022e-05	0	2.0	1.0	0.5567501292323666	0.043003368573821206	1.1350896418173404	1.9626700530003387	1	second_linear_segment_at_fitted_phi	1.1350896423262493	1.9626700521532379	1	second_linear_segment_at_clustered_phi	2
exampleTumor1	m026	region2	clipp2_single_switch_path_mixture_v1	1	phased_unphased_two_state_positive_dosages_v1	endpoint_excess_dosage_penalty_biological_alias_mass_v1:alpha=3	5c247107561660669e1e40fa17e9c74b9ce7f23c4cacc5cd6479e760fab68aab	region_local	3	0.9790052695849094	1	0.5783395130938829	0.9790052697497613	1	1.0	1.0	1.0	0.9139932628523576	0.5783395125849737	1.0	0	first_linear_segment_at_fitted_phi	0.5783395130938829	1.0	0	first_linear_segment_at_clustered_phi	8
exampleTumor1	m027	region1	clipp2_single_switch_path_mixture_v1	1	phased_unphased_two_state_positive_dosages_v1	endpoint_excess_dosage_penalty_biological_alias_mass_v1:alpha=3	5c247107561660669e1e40fa17e9c74b9ce7f23c4cacc5cd6479e760fab68aab	region_local	1	0.99994661175507	1	0.4644698459572693	0.9999466117168418	1	1.0	1.0	1.0	0.9757111023207368	0.4644698714134854	1.0	0	first_linear_segment_at_fitted_phi	0.4644698459572693	1.0	0	first_linear_segment_at_clustered_phi	2
exampleTumor1	m027	region1	clipp2_single_switch_path_mixture_v1	1	phased_unphased_two_state_positive_dosages_v1	endpoint_excess_dosage_penalty_biological_alias_mass_v1:alpha=3	5c247107561660669e1e40fa17e9c74b9ce7f23c4cacc5cd6479e760fab68aab	region_local	2	5.338824492999019e-05	0	0.4644698459572693	5.3388283158190456e-05	0	2.0	2.0	1.0	0.02428889767926321	0.9289397428269708	2.0	1	first_linear_segment_at_fitted_phi	0.9289396919145386	2.0	1	first_linear_segment_at_clustered_phi	1
exampleTumor1	m027	region2	clipp2_single_switch_path_mixture_v1	1	phased_unphased_two_state_positive_dosages_v1	endpoint_excess_dosage_penalty_biological_alias_mass_v1:alpha=3	5c247107561660669e1e40fa17e9c74b9ce7f23c4cacc5cd6479e760fab68aab	region_local	1	0.9995591266624578	1	0.5783395130938829	0.9995591265865528	1	1.0	1.0	1.0	0.9757111023207368	0.5783395181684008	1.0	0	first_linear_segment_at_fitted_phi	0.5783395130938829	1.0	0	first_linear_segment_at_clustered_phi	2
exampleTumor1	m027	region2	clipp2_single_switch_path_mixture_v1	1	phased_unphased_two_state_positive_dosages_v1	endpoint_excess_dosage_penalty_biological_alias_mass_v1:alpha=3	5c247107561660669e1e40fa17e9c74b9ce7f23c4cacc5cd6479e760fab68aab	region_local	2	0.00044087333754219124	0	0.5783395130938829	0.0004408734134472607	0	2.0	2.0	1.0	0.02428889767926321	1.1566790363368016	2.0	1	first_linear_segment_at_fitted_phi	1.1566790261877657	2.0	1	first_linear_segment_at_clustered_phi	1
exampleTumor1	m028	region1	clipp2_single_switch_path_mixture_v1	1	phased_unphased_two_state_positive_dosages_v1	endpoint_excess_dosage_penalty_biological_alias_mass_v1:alpha=3	5c247107561660669e1e40fa17e9c74b9ce7f23c4cacc5cd6479e760fab68aab	region_local	1	0.0013483018821117535	0	0.9999999820400683	0.001348301578223617	0	2.0	1.0	0.46559310907204654	0.055039886808694184	1.4655930729674322	1.4655931258821069	1	second_linear_segment_at_fitted_phi	1.4655930911121149	1.465593117434067	1	second_linear_segment_at_clustered_phi	2
exampleTumor1	m028	region1	clipp2_single_switch_path_mixture_v1	1	phased_unphased_two_state_positive_dosages_v1	endpoint_excess_dosage_penalty_biological_alias_mass_v1:alpha=3	5c247107561660669e1e40fa17e9c74b9ce7f23c4cacc5cd6479e760fab68aab	region_local	2	0.0013483025687417325	0	0.9999999820400683	0.001348301919781734	0	1.0	2.0	0.5344068909279536	0.055039886808694205	1.4655930368628176	1.465593089777491	1	second_linear_segment_at_fitted_phi	1.4655930731521831	1.465593099474135	1	second_linear_segment_at_clustered_phi	2
exampleTumor1	m028	region1	clipp2_single_switch_path_mixture_v1	1	phased_unphased_two_state_positive_dosages_v1	endpoint_excess_dosage_penalty_biological_alias_mass_v1:alpha=3	5c247107561660669e1e40fa17e9c74b9ce7f23c4cacc5cd6479e760fab68aab	region_local	3	0.9973033955491465	1	0.9999999820400683	0.9973033965019946	1	1.0	1.0	1.0	0.8899202263826116	0.9999999638953856	1.0	0	first_linear_segment_at_fitted_phi	0.9999999820400683	1.0	0	first_linear_segment_at_clustered_phi	8
exampleTumor1	m028	region2	clipp2_single_switch_path_mixture_v1	1	phased_unphased_two_state_positive_dosages_v1	endpoint_excess_dosage_penalty_biological_alias_mass_v1:alpha=3	5c247107561660669e1e40fa17e9c74b9ce7f23c4cacc5cd6479e760fab68aab	region_local	1	2.330176765443676e-05	0	0.9999999744101855	2.3301752285489724e-05	0	1.0	2.0	0.4432498707676336	0.04300336857382123	1.5567500457962578	1.5567501107408435	1	second_linear_segment_at_fitted_phi	1.5567500780527375	1.556750117889684	1	second_linear_segment_at_clustered_phi	2
exampleTumor1	m028	region2	clipp2_single_switch_path_mixture_v1	1	phased_unphased_two_state_positive_dosages_v1	endpoint_excess_dosage_penalty_biological_alias_mass_v1:alpha=3	5c247107561660669e1e40fa17e9c74b9ce7f23c4cacc5cd6479e760fab68aab	region_local	2	2.330174573037033e-05	0	0.9999999744101855	2.3301738837294804e-05	0	2.0	1.0	0.5567501292323666	0.043003368573821206	1.5567500875143123	1.5567501524588998	1	second_linear_segment_at_fitted_phi	1.556750103642552	1.5567501434794992	1	second_linear_segment_at_clustered_phi	2
exampleTumor1	m028	region2	clipp2_single_switch_path_mixture_v1	1	phased_unphased_two_state_positive_dosages_v1	endpoint_excess_dosage_penalty_biological_alias_mass_v1:alpha=3	5c247107561660669e1e40fa17e9c74b9ce7f23c4cacc5cd6479e760fab68aab	region_local	3	0.9999533964866152	1	0.9999999744101855	0.9999533965088773	1	1.0	1.0	1.0	0.9139932628523576	0.9999999582819457	1.0	0	first_linear_segment_at_fitted_phi	0.9999999744101855	1.0	0	first_linear_segment_at_clustered_phi	8
exampleTumor1	m029	region1	clipp2_single_switch_path_mixture_v1	1	phased_unphased_two_state_positive_dosages_v1	endpoint_excess_dosage_penalty_biological_alias_mass_v1:alpha=3	5c247107561660669e1e40fa17e9c74b9ce7f23c4cacc5cd6479e760fab68aab	region_local	1	0.11678091645543619	0	0.9999999820400683	0.11678094049571196	0	2.0	1.0	0.46559310907204654	0.055039886808694184	1.4655931090720467	1.4655931090720467	1	second_linear_segment_at_fitted_phi	1.4655930911121149	1.465593117434067	1	second_linear_segment_at_clustered_phi	2
exampleTumor1	m029	region1	clipp2_single_switch_path_mixture_v1	1	phased_unphased_two_state_positive_dosages_v1	endpoint_excess_dosage_penalty_biological_alias_mass_v1:alpha=3	5c247107561660669e1e40fa17e9c74b9ce7f23c4cacc5cd6479e760fab68aab	region_local	2	0.11678091645543619	0	0.9999999820400683	0.1167809517801772	0	1.0	2.0	0.5344068909279536	0.055039886808694205	1.4655931090720464	1.4655931090720464	1	second_linear_segment_at_fitted_phi	1.4655930731521831	1.465593099474135	1	second_linear_segment_at_clustered_phi	2
exampleTumor1	m029	region1	clipp2_single_switch_path_mixture_v1	1	phased_unphased_two_state_positive_dosages_v1	endpoint_excess_dosage_penalty_biological_alias_mass_v1:alpha=3	5c247107561660669e1e40fa17e9c74b9ce7f23c4cacc5cd6479e760fab68aab	region_local	3	0.7664381670891276	1	0.9999999820400683	0.7664381077241108	1	1.0	1.0	1.0	0.8899202263826116	1.0	1.0	0	switch_boundary_at_fitted_phi	0.9999999820400683	1.0	0	first_linear_segment_at_clustered_phi	8
exampleTumor1	m029	region2	clipp2_single_switch_path_mixture_v1	1	phased_unphased_two_state_positive_dosages_v1	endpoint_excess_dosage_penalty_biological_alias_mass_v1:alpha=3	5c247107561660669e1e40fa17e9c74b9ce7f23c4cacc5cd6479e760fab68aab	region_local	1	0.4999276439721776	1	0.9999999744101855	0.4999276025273305	0	1.0	2.0	0.4432498707676336	0.04300336857382123	1.5567501292323664	1.5567501292323664	1	second_linear_segment_at_fitted_phi	1.5567500780527375	1.556750117889684	1	second_linear_segment_at_clustered_phi	2
exampleTumor1	m029	region2	clipp2_single_switch_path_mixture_v1	1	phased_unphased_two_state_positive_dosages_v1	endpoint_excess_dosage_penalty_biological_alias_mass_v1:alpha=3	5c247107561660669e1e40fa17e9c74b9ce7f23c4cacc5cd6479e760fab68aab	region_local	2	0.4999276439721776	0	0.9999999744101855	0.49992768551555716	1	2.0	1.0	0.5567501292323666	0.043003368573821206	1.5567501292323667	1.5567501292323667	1	second_linear_segment_at_fitted_phi	1.556750103642552	1.5567501434794992	1	second_linear_segment_at_clustered_phi	2
exampleTumor1	m029	region2	clipp2_single_switch_path_mixture_v1	1	phased_unphased_two_state_positive_dosages_v1	endpoint_excess_dosage_penalty_biological_alias_mass_v1:alpha=3	5c247107561660669e1e40fa17e9c74b9ce7f23c4cacc5cd6479e760fab68aab	region_local	3	0.0001447120556448452	0	0.9999999744101855	0.0001447119571124488	0	1.0	1.0	1.0	0.9139932628523576	1.0	1.0	0	switch_boundary_at_fitted_phi	0.9999999744101855	1.0	0	first_linear_segment_at_clustered_phi	8
exampleTumor1	m030	region1	clipp2_single_switch_path_mixture_v1	1	phased_unphased_two_state_positive_dosages_v1	endpoint_excess_dosage_penalty_biological_alias_mass_v1:alpha=3	5c247107561660669e1e40fa17e9c74b9ce7f23c4cacc5cd6479e760fab68aab	region_local	1	0.9997395034590362	1	0.4644698459572693	0.9997395034027996	1	1.0	1.0	1.0	0.9757111023207368	0.4644698533035646	1.0	0	first_linear_segment_at_fitted_phi	0.4644698459572693	1.0	0	first_linear_segment_at_clustered_phi	2
exampleTumor1	m030	region1	clipp2_single_switch_path_mixture_v1	1	phased_unphased_two_state_positive_dosages_v1	endpoint_excess_dosage_penalty_biological_alias_mass_v1:alpha=3	5c247107561660669e1e40fa17e9c74b9ce7f23c4cacc5cd6479e760fab68aab	region_local	2	0.0002604965409639019	0	0.4644698459572693	0.00026049659720030725	0	2.0	2.0	1.0	0.02428889767926321	0.9289397066071292	2.0	1	first_linear_segment_at_fitted_phi	0.9289396919145386	2.0	1	first_linear_segment_at_clustered_phi	1
exampleTumor1	m030	region2	clipp2_single_switch_path_mixture_v1	1	phased_unphased_two_state_positive_dosages_v1	endpoint_excess_dosage_penalty_biological_alias_mass_v1:alpha=3	5c247107561660669e1e40fa17e9c74b9ce7f23c4cacc5cd6479e760fab68aab	region_local	1	0.9999967332285794	1	0.5783395130938829	0.9999967332267022	1	1.0	1.0	1.0	0.9757111023207368	0.5783395279302994	1.0	0	first_linear_segment_at_fitted_phi	0.5783395130938829	1.0	0	first_linear_segment_at_clustered_phi	2
exampleTumor1	m030	region2	clipp2_single_switch_path_mixture_v1	1	phased_unphased_two_state_positive_dosages_v1	endpoint_excess_dosage_penalty_biological_alias_mass_v1:alpha=3	5c247107561660669e1e40fa17e9c74b9ce7f23c4cacc5cd6479e760fab68aab	region_local	2	3.2667714205984956e-06	0	0.5783395130938829	3.2667732977333846e-06	0	2.0	2.0	1.0	0.02428889767926321	1.1566790558605988	2.0	1	first_linear_segment_at_fitted_phi	1.1566790261877657	2.0	1	first_linear_segment_at_clustered_phi	1
exampleTumor1	m031	region1	clipp2_single_switch_path_mixture_v1	1	phased_unphased_two_state_positive_dosages_v1	endpoint_excess_dosage_penalty_biological_alias_mass_v1:alpha=3	5c247107561660669e1e40fa17e9c74b9ce7f23c4cacc5cd6479e760fab68aab	region_local	1	0.009628506444585506	0	0.9999999820400683	0.00962850390043643	0	2.0	1.0	0.46559310907204654	0.055039886808694184	1.46559307296836	1.465593125881675	1	second_linear_segment_at_fitted_phi	1.4655930911121149	1.465593117434067	1	second_linear_segment_at_clustered_phi	2
exampleTumor1	m031	region1	clipp2_single_switch_path_mixture_v1	1	phased_unphased_two_state_positive_dosages_v1	endpoint_excess_dosage_penalty_biological_alias_mass_v1:alpha=3	5c247107561660669e1e40fa17e9c74b9ce7f23c4cacc5cd6479e760fab68aab	region_local	2	0.009628510252604826	0	0.9999999820400683	0.009628505794751246	0	1.0	2.0	0.5344068909279536	0.055039886808694205	1.465593036864673	1.4655930897779867	1	second_linear_segment_at_fitted_phi	1.4655930731521831	1.465593099474135	1	second_linear_segment_at_clustered_phi	2
exampleTumor1	m031	region1	clipp2_single_switch_path_mixture_v1	1	phased_unphased_two_state_positive_dosages_v1	endpoint_excess_dosage_penalty_biological_alias_mass_v1:alpha=3	5c247107561660669e1e40fa17e9c74b9ce7f23c4cacc5cd6479e760fab68aab	region_local	3	0.9807429833028096	1	0.9999999820400683	0.9807429903048124	1	1.0	1.0	1.0	0.8899202263826116	0.9999999638963133	1.0	0	first_linear_segment_at_fitted_phi	0.9999999820400683	1.0	0	first_linear_segment_at_clustered_phi	8
exampleTumor1	m031	region2	clipp2_single_switch_path_mixture_v1	1	phased_unphased_two_state_positive_dosages_v1	endpoint_excess_dosage_penalty_biological_alias_mass_v1:alpha=3	5c247107561660669e1e40fa17e9c74b9ce7f23c4cacc5cd6479e760fab68aab	region_local	1	1.5095147411154895e-06	0	0.9999999744101855	1.5095164269679287e-06	0	1.0	2.0	0.4432498707676336	0.04300336857382123	1.5567501292323664	1.5567501292323664	1	second_linear_segment_at_fitted_phi	1.5567500780527375	1.556750117889684	1	second_linear_segment_at_clustered_phi	2
exampleTumor1	m031	region2	clipp2_single_switch_path_mixture_v1	1	phased_unphased_two_state_positive_dosages_v1	endpoint_excess_dosage_penalty_biological_alias_mass_v1:alpha=3	5c247107561660669e1e40fa17e9c74b9ce7f23c4cacc5cd6479e760fab68aab	region_local	2	1.509514741115468e-06	0	0.9999999744101855	1.5095153901667933e-06	0	2.0	1.0	0.5567501292323666	0.043003368573821206	1.5567501292323667	1.5567501292323667	1	second_linear_segment_at_fitted_phi	1.556750103642552	1.5567501434794992	1	second_linear_segment_at_clustered_phi	2
exampleTumor1	m031	region2	clipp2_single_switch_path_mixture_v1	1	phased_unphased_two_state_positive_dosages_v1	endpoint_excess_dosage_penalty_biological_alias_mass_v1:alpha=3	5c247107561660669e1e40fa17e9c74b9ce7f23c4cacc5cd6479e760fab68aab	region_local	3	0.9999969809705178	1	0.9999999744101855	0.9999969809681829	1	1.0	1.0	1.0	0.9139932628523576	1.0	1.0	0	switch_boundary_at_fitted_phi	0.9999999744101855	1.0	0	first_linear_segment_at_clustered_phi	8
exampleTumor1	m032	region1	clipp2_single_switch_path_mixture_v1	1	phased_unphased_two_state_positive_dosages_v1	endpoint_excess_dosage_penalty_biological_alias_mass_v1:alpha=3	5c247107561660669e1e40fa17e9c74b9ce7f23c4cacc5cd6479e760fab68aab	region_local	1	0.9999934915118548	1	0.9999999820400683	0.9999934915164946	1	1.0	1.0	1.0	0.9757111023207368	0.9999999638951189	1.0	0	first_linear_segment_at_fitted_phi	0.9999999820400683	1.0	0	first_linear_segment_at_clustered_phi	2
exampleTumor1	m032	region1	clipp2_single_switch_path_mixture_v1	1	phased_unphased_two_state_positive_dosages_v1	endpoint_excess_dosage_penalty_biological_alias_mass_v1:alpha=3	5c247107561660669e1e40fa17e9c74b9ce7f23c4cacc5cd6479e760fab68aab	region_local	2	6.508488145181871e-06	0	0.9999999820400683	6.508483505384225e-06	0	2.0	2.0	1.0	0.02428889767926321	1.9999999277902378	2.0	1	first_linear_segment_at_fitted_phi	1.9999999640801367	2.0	1	first_linear_segment_at_clustered_phi	1
exampleTumor1	m032	region2	clipp2_single_switch_path_mixture_v1	1	phased_unphased_two_state_positive_dosages_v1	endpoint_excess_dosage_penalty_biological_alias_mass_v1:alpha=3	5c247107561660669e1e40fa17e9c74b9ce7f23c4cacc5cd6479e760fab68aab	region_local	1	0.9999999707339449	1	0.9999999744101855	0.9999999707339651	1	1.0	1.0	1.0	0.9757111023207368	0.99999996128422	1.0	0	first_linear_segment_at_fitted_phi	0.9999999744101855	1.0	0	first_linear_segment_at_clustered_phi	2
exampleTumor1	m032	region2	clipp2_single_switch_path_mixture_v1	1	phased_unphased_two_state_positive_dosages_v1	endpoint_excess_dosage_penalty_biological_alias_mass_v1:alpha=3	5c247107561660669e1e40fa17e9c74b9ce7f23c4cacc5cd6479e760fab68aab	region_local	2	2.9266055082023233e-08	0	0.9999999744101855	2.9266035008146217e-08	0	2.0	2.0	1.0	0.02428889767926321	1.99999992256844	2.0	1	first_linear_segment_at_fitted_phi	1.999999948820371	2.0	1	first_linear_segment_at_clustered_phi	1
exampleTumor1	m033	region1	clipp2_single_switch_path_mixture_v1	1	phased_unphased_two_state_positive_dosages_v1	endpoint_excess_dosage_penalty_biological_alias_mass_v1:alpha=3	5c247107561660669e1e40fa17e9c74b9ce7f23c4cacc5cd6479e760fab68aab	region_local	1	0.022187752835778254	0	0.4644698459572693	0.022187752484478088	0	2.0	1.0	0.18979727272857988	0.1102685636923483	0.6542671168117067	1.4086320676065498	1	second_linear_segment_at_fitted_phi	0.6542671186858492	1.4086320659577134	1	second_linear_segment_at_clustered_phi	2
exampleTumor1	m033	region1	clipp2_single_switch_path_mixture_v1	1	phased_unphased_two_state_positive_dosages_v1	endpoint_excess_dosage_penalty_biological_alias_mass_v1:alpha=3	5c247107561660669e1e40fa17e9c74b9ce7f23c4cacc5cd6479e760fab68aab	region_local	2	0.12118482910196227	0	0.4644698459572693	0.12118482914550052	0	1.0	2.0	0.8102027272714202	0.1102685636923483	0.4644698440831268	1.0	0	first_linear_segment_at_fitted_phi	0.4644698459572693	1.0	0	first_linear_segment_at_clustered_phi	2
exampleTumor1	m033	region1	clipp2_single_switch_path_mixture_v1	1	phased_unphased_two_state_positive_dosages_v1	endpoint_excess_dosage_penalty_biological_alias_mass_v1:alpha=3	5c247107561660669e1e40fa17e9c74b9ce7f23c4cacc5cd6479e760fab68aab	region_local	3	0.8566274180622595	1	0.4644698459572693	0.8566274183700213	1	1.0	1.0	1.0	0.7794628726153034	0.4644698440831268	1.0	0	first_linear_segment_at_fitted_phi	0.4644698459572693	1.0	0	first_linear_segment_at_clustered_phi	8
exampleTumor1	m033	region2	clipp2_single_switch_path_mixture_v1	1	phased_unphased_two_state_positive_dosages_v1	endpoint_excess_dosage_penalty_biological_alias_mass_v1:alpha=3	5c247107561660669e1e40fa17e9c74b9ce7f23c4cacc5cd6479e760fab68aab	region_local	1	0.012097483819320892	0	0.5783395130938829	0.012097481853329739	0	2.0	1.0	0.320738881115505	0.08019266527581756	0.8990783843985288	1.5545858086725644	1	second_linear_segment_at_fitted_phi	0.8990783942093878	1.5545857992646595	1	second_linear_segment_at_clustered_phi	2
exampleTumor1	m033	region2	clipp2_single_switch_path_mixture_v1	1	phased_unphased_two_state_positive_dosages_v1	endpoint_excess_dosage_penalty_biological_alias_mass_v1:alpha=3	5c247107561660669e1e40fa17e9c74b9ce7f23c4cacc5cd6479e760fab68aab	region_local	2	0.08612948909455137	0	0.5783395130938829	0.08612948926595472	0	1.0	2.0	0.6792611188844951	0.08019266527581756	0.5783395032830239	1.0	0	first_linear_segment_at_fitted_phi	0.5783395130938829	1.0	0	first_linear_segment_at_clustered_phi	2
exampleTumor1	m033	region2	clipp2_single_switch_path_mixture_v1	1	phased_unphased_two_state_positive_dosages_v1	endpoint_excess_dosage_penalty_biological_alias_mass_v1:alpha=3	5c247107561660669e1e40fa17e9c74b9ce7f23c4cacc5cd6479e760fab68aab	region_local	3	0.9017730270861278	1	0.5783395130938829	0.9017730288807155	1	1.0	1.0	1.0	0.8396146694483648	0.5783395032830239	1.0	0	first_linear_segment_at_fitted_phi	0.5783395130938829	1.0	0	first_linear_segment_at_clustered_phi	8
exampleTumor1	m034	region1	clipp2_single_switch_path_mixture_v1	1	phased_unphased_two_state_positive_dosages_v1	endpoint_excess_dosage_penalty_biological_alias_mass_v1:alpha=3	5c247107561660669e1e40fa17e9c74b9ce7f23c4cacc5cd6479e760fab68aab	region_local	1	0.0034297298012213643	0	0.9999999820400683	0.0034297289976275382	0	2.0	1.0	0.46559310907204654	0.055039886808694184	1.4655930729676563	1.4655931258820025	1	second_linear_segment_at_fitted_phi	1.4655930911121149	1.465593117434067	1	second_linear_segment_at_clustered_phi	2
exampleTumor1	m034	region1	clipp2_single_switch_path_mixture_v1	1	phased_unphased_two_state_positive_dosages_v1	endpoint_excess_dosage_penalty_biological_alias_mass_v1:alpha=3	5c247107561660669e1e40fa17e9c74b9ce7f23c4cacc5cd6479e760fab68aab	region_local	2	0.0034297313285134652	0	0.9999999820400683	0.0034297297573704813	0	1.0	2.0	0.5344068909279536	0.055039886808694205	1.465593036863266	1.4655930897776108	1	second_linear_segment_at_fitted_phi	1.4655930731521831	1.465593099474135	1	second_linear_segment_at_clustered_phi	2
exampleTumor1	m034	region1	clipp2_single_switch_path_mixture_v1	1	phased_unphased_two_state_positive_dosages_v1	endpoint_excess_dosage_penalty_biological_alias_mass_v1:alpha=3	5c247107561660669e1e40fa17e9c74b9ce7f23c4cacc5cd6479e760fab68aab	region_local	3	0.9931405388702652	1	0.9999999820400683	0.993140541245002	1	1.0	1.0	1.0	0.8899202263826116	0.9999999638956097	1.0	0	first_linear_segment_at_fitted_phi	0.9999999820400683	1.0	0	first_linear_segment_at_clustered_phi	8
exampleTumor1	m034	region2	clipp2_single_switch_path_mixture_v1	1	phased_unphased_two_state_positive_dosages_v1	endpoint_excess_dosage_penalty_biological_alias_mass_v1:alpha=3	5c247107561660669e1e40fa17e9c74b9ce7f23c4cacc5cd6479e760fab68aab	region_local	1	2.287808268974089e-05	0	0.9999999744101855	2.2878105194862624e-05	0	1.0	2.0	0.4432498707676336	0.04300336857382123	1.5567501292323664	1.5567501292323664	1	second_linear_segment_at_fitted_phi	1.5567500780527375	1.556750117889684	1	second_linear_segment_at_clustered_phi	2
exampleTumor1	m034	region2	clipp2_single_switch_path_mixture_v1	1	phased_unphased_two_state_positive_dosages_v1	endpoint_excess_dosage_penalty_biological_alias_mass_v1:alpha=3	5c247107561660669e1e40fa17e9c74b9ce7f23c4cacc5cd6479e760fab68aab	region_local	2	2.28780826897404e-05	0	0.9999999744101855	2.2878092437034745e-05	0	2.0	1.0	0.5567501292323666	0.043003368573821206	1.5567501292323667	1.5567501292323667	1	second_linear_segment_at_fitted_phi	1.556750103642552	1.5567501434794992	1	second_linear_segment_at_clustered_phi	2
exampleTumor1	m034	region2	clipp2_single_switch_path_mixture_v1	1	phased_unphased_two_state_positive_dosages_v1	endpoint_excess_dosage_penalty_biological_alias_mass_v1:alpha=3	5c247107561660669e1e40fa17e9c74b9ce7f23c4cacc5cd6479e760fab68aab	region_local	3	0.9999542438346206	1	0.9999999744101855	0.9999542438023681	1	1.0	1.0	1.0	0.9139932628523576	1.0	1.0	0	switch_boundary_at_fitted_phi	0.9999999744101855	1.0	0	first_linear_segment_at_clustered_phi	8
exampleTumor1	m035	region1	clipp2_single_switch_path_mixture_v1	1	phased_unphased_two_state_positive_dosages_v1	endpoint_excess_dosage_penalty_biological_alias_mass_v1:alpha=3	5c247107561660669e1e40fa17e9c74b9ce7f23c4cacc5cd6479e760fab68aab	region_local	1	0.0035357062415381215	0	0.9999999820400683	0.003535705531155844	0	2.0	1.0	0.46559310907204654	0.055039886808694184	1.4655930729669873	1.465593125882314	1	second_linear_segment_at_fitted_phi	1.4655930911121149	1.465593117434067	1	second_linear_segment_at_clustered_phi	2
exampleTumor1	m035	region1	clipp2_single_switch_path_mixture_v1	1	phased_unphased_two_state_positive_dosages_v1	endpoint_excess_dosage_penalty_biological_alias_mass_v1:alpha=3	5c247107561660669e1e40fa17e9c74b9ce7f23c4cacc5cd6479e760fab68aab	region_local	2	0.0035357076975346723	0	0.9999999820400683	0.0035357062554197847	0	1.0	2.0	0.5344068909279536	0.055039886808694205	1.4655930368619277	1.465593089777253	1	second_linear_segment_at_fitted_phi	1.4655930731521831	1.465593099474135	1	second_linear_segment_at_clustered_phi	2
exampleTumor1	m035	region1	clipp2_single_switch_path_mixture_v1	1	phased_unphased_two_state_positive_dosages_v1	endpoint_excess_dosage_penalty_biological_alias_mass_v1:alpha=3	5c247107561660669e1e40fa17e9c74b9ce7f23c4cacc5cd6479e760fab68aab	region_local	3	0.9929285860609273	1	0.9999999820400683	0.9929285882134244	1	1.0	1.0	1.0	0.8899202263826116	0.9999999638949406	1.0	0	first_linear_segment_at_fitted_phi	0.9999999820400683	1.0	0	first_linear_segment_at_clustered_phi	8
exampleTumor1	m035	region2	clipp2_single_switch_path_mixture_v1	1	phased_unphased_two_state_positive_dosages_v1	endpoint_excess_dosage_penalty_biological_alias_mass_v1:alpha=3	5c247107561660669e1e40fa17e9c74b9ce7f23c4cacc5cd6479e760fab68aab	region_local	1	0.0005802713414115644	0	0.9999999744101855	0.0005802710159375648	0	1.0	2.0	0.4432498707676336	0.04300336857382123	1.5567500518019883	1.5567501120718632	1	second_linear_segment_at_fitted_phi	1.5567500780527375	1.556750117889684	1	second_linear_segment_at_clustered_phi	2
exampleTumor1	m035	region2	clipp2_single_switch_path_mixture_v1	1	phased_unphased_two_state_positive_dosages_v1	endpoint_excess_dosage_penalty_biological_alias_mass_v1:alpha=3	5c247107561660669e1e40fa17e9c74b9ce7f23c4cacc5cd6479e760fab68aab	region_local	2	0.0005802709112744649	0	0.9999999744101855	0.0005802707316273456	0	2.0	1.0	0.5567501292323666	0.043003368573821206	1.5567500905171774	1.5567501507870538	1	second_linear_segment_at_fitted_phi	1.556750103642552	1.5567501434794992	1	second_linear_segment_at_clustered_phi	2
exampleTumor1	m035	region2	clipp2_single_switch_path_mixture_v1	1	phased_unphased_two_state_positive_dosages_v1	endpoint_excess_dosage_penalty_biological_alias_mass_v1:alpha=3	5c247107561660669e1e40fa17e9c74b9ce7f23c4cacc5cd6479e760fab68aab	region_local	3	0.9988394577473139	1	0.9999999744101855	0.9988394582524351	1	1.0	1.0	1.0	0.9139932628523576	0.999999961284811	1.0	0	first_linear_segment_at_fitted_phi	0.9999999744101855	1.0	0	first_linear_segment_at_clustered_phi	8
exampleTumor1	m036	region1	clipp2_single_switch_path_mixture_v1	1	phased_unphased_two_state_positive_dosages_v1	endpoint_excess_dosage_penalty_biological_alias_mass_v1:alpha=3	5c247107561660669e1e40fa17e9c74b9ce7f23c4cacc5cd6479e760fab68aab	region_local	1	0.9926764940509843	1	0.20466086196598293	0.9926765122964988	1	1.0	1.0	1.0	0.9757111023207368	0.20466075984892762	1.0	0	first_linear_segment_at_fitted_phi	0.20466086196598293	1.0	0	first_linear_segment_at_clustered_phi	2
exampleTumor1	m036	region1	clipp2_single_switch_path_mixture_v1	1	phased_unphased_two_state_positive_dosages_v1	endpoint_excess_dosage_penalty_biological_alias_mass_v1:alpha=3	5c247107561660669e1e40fa17e9c74b9ce7f23c4cacc5cd6479e760fab68aab	region_local	2	0.007323505949015696	0	0.20466086196598293	0.007323487703501293	0	2.0	2.0	1.0	0.02428889767926321	0.40932151969785524	2.0	1	first_linear_segment_at_fitted_phi	0.40932172393196586	2.0	1	first_linear_segment_at_clustered_phi	1
exampleTumor1	m036	region2	clipp2_single_switch_path_mixture_v1	1	phased_unphased_two_state_positive_dosages_v1	endpoint_excess_dosage_penalty_biological_alias_mass_v1:alpha=3	5c247107561660669e1e40fa17e9c74b9ce7f23c4cacc5cd6479e760fab68aab	region_local	1	0.9987322551002902	1	0.26801886587083323	0.9987322598619103	1	1.0	1.0	1.0	0.9757111023207368	0.26801873944345556	1.0	0	first_linear_segment_at_fitted_phi	0.26801886587083323	1.0	0	first_linear_segment_at_clustered_phi	2
exampleTumor1	m036	region2	clipp2_single_switch_path_mixture_v1	1	phased_unphased_two_state_positive_dosages_v1	endpoint_excess_dosage_penalty_biological_alias_mass_v1:alpha=3	5c247107561660669e1e40fa17e9c74b9ce7f23c4cacc5cd6479e760fab68aab	region_local	2	0.0012677448997098564	0	0.26801886587083323	0.0012677401380897307	0	2.0	2.0	1.0	0.02428889767926321	0.5360374788869111	2.0	1	first_linear_segment_at_fitted_phi	0.5360377317416665	2.0	1	first_linear_segment_at_clustered_phi	1
exampleTumor1	m037	region1	clipp2_single_switch_path_mixture_v1	1	phased_unphased_two_state_positive_dosages_v1	endpoint_excess_dosage_penalty_biological_alias_mass_v1:alpha=3	5c247107561660669e1e40fa17e9c74b9ce7f23c4cacc5cd6479e760fab68aab	region_local	1	0.18516783071698534	0	0.9999999820400683	0.18516786004012145	0	2.0	1.0	0.46559310907204654	0.055039886808694184	1.4655931090720467	1.4655931090720467	1	second_linear_segment_at_fitted_phi	1.4655930911121149	1.465593117434067	1	second_linear_segment_at_clustered_phi	2
exampleTumor1	m037	region1	clipp2_single_switch_path_mixture_v1	1	phased_unphased_two_state_positive_dosages_v1	endpoint_excess_dosage_penalty_biological_alias_mass_v1:alpha=3	5c247107561660669e1e40fa17e9c74b9ce7f23c4cacc5cd6479e760fab68aab	region_local	2	0.18516783071698534	0	0.9999999820400683	0.1851678720925727	0	1.0	2.0	0.5344068909279536	0.055039886808694205	1.4655931090720464	1.4655931090720464	1	second_linear_segment_at_fitted_phi	1.4655930731521831	1.465593099474135	1	second_linear_segment_at_clustered_phi	2
exampleTumor1	m037	region1	clipp2_single_switch_path_mixture_v1	1	phased_unphased_two_state_positive_dosages_v1	endpoint_excess_dosage_penalty_biological_alias_mass_v1:alpha=3	5c247107561660669e1e40fa17e9c74b9ce7f23c4cacc5cd6479e760fab68aab	region_local	3	0.6296643385660294	1	0.9999999820400683	0.6296642678673058	1	1.0	1.0	1.0	0.8899202263826116	1.0	1.0	0	switch_boundary_at_fitted_phi	0.9999999820400683	1.0	0	first_linear_segment_at_clustered_phi	8
exampleTumor1	m037	region2	clipp2_single_switch_path_mixture_v1	1	phased_unphased_two_state_positive_dosages_v1	endpoint_excess_dosage_penalty_biological_alias_mass_v1:alpha=3	5c247107561660669e1e40fa17e9c74b9ce7f23c4cacc5cd6479e760fab68aab	region_local	1	0.4999499791939207	1	0.9999999744101855	0.499949914125507	0	1.0	2.0	0.4432498707676336	0.04300336857382123	1.5567501292323664	1.5567501292323664	1	second_linear_segment_at_fitted_phi	1.5567500780527375	1.556750117889684	1	second_linear_segment_at_clustered_phi	2
exampleTumor1	m037	region2	clipp2_single_switch_path_mixture_v1	1	phased_unphased_two_state_positive_dosages_v1	endpoint_excess_dosage_penalty_biological_alias_mass_v1:alpha=3	5c247107561660669e1e40fa17e9c74b9ce7f23c4cacc5cd6479e760fab68aab	region_local	2	0.4999499791939207	0	0.9999999744101855	0.4999500443093201	1	2.0	1.0	0.5567501292323666	0.043003368573821206	1.5567501292323667	1.5567501292323667	1	second_linear_segment_at_fitted_phi	1.556750103642552	1.5567501434794992	1	second_linear_segment_at_clustered_phi	2
exampleTumor1	m037	region2	clipp2_single_switch_path_mixture_v1	1	phased_unphased_two_state_positive_dosages_v1	endpoint_excess_dosage_penalty_biological_alias_mass_v1:alpha=3	5c247107561660669e1e40fa17e9c74b9ce7f23c4cacc5cd6479e760fab68aab	region_local	3	0.00010004161215856365	0	0.9999999744101855	0.00010004156517293936	0	1.0	1.0	1.0	0.9139932628523576	1.0	1.0	0	switch_boundary_at_fitted_phi	0.9999999744101855	1.0	0	first_linear_segment_at_clustered_phi	8
exampleTumor1	m038	region1	clipp2_single_switch_path_mixture_v1	1	phased_unphased_two_state_positive_dosages_v1	endpoint_excess_dosage_penalty_biological_alias_mass_v1:alpha=3	5c247107561660669e1e40fa17e9c74b9ce7f23c4cacc5cd6479e760fab68aab	region_local	1	0.9999997202115684	1	0.9999999820400683	0.9999997202117544	1	1.0	1.0	1.0	0.9757111023207368	0.9999999638942404	1.0	0	first_linear_segment_at_fitted_phi	0.9999999820400683	1.0	0	first_linear_segment_at_clustered_phi	2
exampleTumor1	m038	region1	clipp2_single_switch_path_mixture_v1	1	phased_unphased_two_state_positive_dosages_v1	endpoint_excess_dosage_penalty_biological_alias_mass_v1:alpha=3	5c247107561660669e1e40fa17e9c74b9ce7f23c4cacc5cd6479e760fab68aab	region_local	2	2.7978843173032427e-07	0	0.9999999820400683	2.797882455605373e-07	0	2.0	2.0	1.0	0.02428889767926321	1.9999999277884808	2.0	1	first_linear_segment_at_fitted_phi	1.9999999640801367	2.0	1	first_linear_segment_at_clustered_phi	1
exampleTumor1	m038	region2	clipp2_single_switch_path_mixture_v1	1	phased_unphased_two_state_positive_dosages_v1	endpoint_excess_dosage_penalty_biological_alias_mass_v1:alpha=3	5c247107561660669e1e40fa17e9c74b9ce7f23c4cacc5cd6479e760fab68aab	region_local	1	0.9999999971872847	1	0.9999999744101855	0.9999999971872866	1	1.0	1.0	1.0	0.9757111023207368	0.9999999612840856	1.0	0	first_linear_segment_at_fitted_phi	0.9999999744101855	1.0	0	first_linear_segment_at_clustered_phi	2
exampleTumor1	m038	region2	clipp2_single_switch_path_mixture_v1	1	phased_unphased_two_state_positive_dosages_v1	endpoint_excess_dosage_penalty_biological_alias_mass_v1:alpha=3	5c247107561660669e1e40fa17e9c74b9ce7f23c4cacc5cd6479e760fab68aab	region_local	2	2.8127152868538414e-09	0	0.9999999744101855	2.812713384360433e-09	0	2.0	2.0	1.0	0.02428889767926321	1.9999999225681713	2.0	1	first_linear_segment_at_fitted_phi	1.999999948820371	2.0	1	first_linear_segment_at_clustered_phi	1
exampleTumor1	m039	region1	clipp2_single_switch_path_mixture_v1	1	phased_unphased_two_state_positive_dosages_v1	endpoint_excess_dosage_penalty_biological_alias_mass_v1:alpha=3	5c247107561660669e1e40fa17e9c74b9ce7f23c4cacc5cd6479e760fab68aab	region_local	1	6.035378063474045e-05	0	0.4644698459572693	6.035380357251078e-05	0	2.0	1.0	0.46559310907204654	0.055039886808694184	0.928939713989627	2.0	1	first_linear_segment_at_fitted_phi	0.9289396919145386	2.0	1	first_linear_segment_at_clustered_phi	2
exampleTumor1	m039	region1	clipp2_single_switch_path_mixture_v1	1	phased_unphased_two_state_positive_dosages_v1	endpoint_excess_dosage_penalty_biological_alias_mass_v1:alpha=3	5c247107561660669e1e40fa17e9c74b9ce7f23c4cacc5cd6479e760fab68aab	region_local	2	0.0582422095654078	0	0.4644698459572693	0.058242209564071584	0	1.0	2.0	0.5344068909279536	0.055039886808694205	0.4644698569948135	1.0	0	first_linear_segment_at_fitted_phi	0.4644698459572693	1.0	0	first_linear_segment_at_clustered_phi	2
exampleTumor1	m039	region1	clipp2_single_switch_path_mixture_v1	1	phased_unphased_two_state_positive_dosages_v1	endpoint_excess_dosage_penalty_biological_alias_mass_v1:alpha=3	5c247107561660669e1e40fa17e9c74b9ce7f23c4cacc5cd6479e760fab68aab	region_local	3	0.9416974366539574	1	0.4644698459572693	0.9416974366323559	1	1.0	1.0	1.0	0.8899202263826116	0.4644698569948135	1.0	0	first_linear_segment_at_fitted_phi	0.4644698459572693	1.0	0	first_linear_segment_at_clustered_phi	8
exampleTumor1	m039	region2	clipp2_single_switch_path_mixture_v1	1	phased_unphased_two_state_positive_dosages_v1	endpoint_excess_dosage_penalty_biological_alias_mass_v1:alpha=3	5c247107561660669e1e40fa17e9c74b9ce7f23c4cacc5cd6479e760fab68aab	region_local	1	0.004432190827336142	0	0.5783395130938829	0.004432192015271569	0	1.0	2.0	0.4432498707676336	0.04300336857382123	0.7134291762364438	1.2335819138149027	1	second_linear_segment_at_fitted_phi	0.7134291554201322	1.2335819000219685	1	second_linear_segment_at_clustered_phi	2
exampleTumor1	m039	region2	clipp2_single_switch_path_mixture_v1	1	phased_unphased_two_state_positive_dosages_v1	endpoint_excess_dosage_penalty_biological_alias_mass_v1:alpha=3	5c247107561660669e1e40fa17e9c74b9ce7f23c4cacc5cd6479e760fab68aab	region_local	2	5.024295314543013e-08	0	0.5783395130938829	5.024296290430332e-08	0	2.0	1.0	0.5567501292323666	0.043003368573821206	1.1350896527344052	1.9626700348284325	1	second_linear_segment_at_fitted_phi	1.1350896423262493	1.9626700521532379	1	second_linear_segment_at_clustered_phi	2
exampleTumor1	m039	region2	clipp2_single_switch_path_mixture_v1	1	phased_unphased_two_state_positive_dosages_v1	endpoint_excess_dosage_penalty_biological_alias_mass_v1:alpha=3	5c247107561660669e1e40fa17e9c74b9ce7f23c4cacc5cd6479e760fab68aab	region_local	3	0.9955677589297107	1	0.5783395130938829	0.9955677577417655	1	1.0	1.0	1.0	0.9139932628523576	0.5783395235020387	1.0	0	first_linear_segment_at_fitted_phi	0.5783395130938829	1.0	0	first_linear_segment_at_clustered_phi	8
exampleTumor1	m040	region1	clipp2_single_switch_path_mixture_v1	1	phased_unphased_two_state_positive_dosages_v1	endpoint_excess_dosage_penalty_biological_alias_mass_v1:alpha=3	5c247107561660669e1e40fa17e9c74b9ce7f23c4cacc5cd6479e760fab68aab	region_local	1	0.39110158267811684	0	0.9999999820400683	0.3911015578992232	0	2.0	1.0	0.46559310907204654	0.055039886808694184	1.4655930729718452	1.465593125880052	1	second_linear_segment_at_fitted_phi	1.4655930911121149	1.465593117434067	1	second_linear_segment_at_clustered_phi	2
exampleTumor1	m040	region1	clipp2_single_switch_path_mixture_v1	1	phased_unphased_two_state_positive_dosages_v1	endpoint_excess_dosage_penalty_biological_alias_mass_v1:alpha=3	5c247107561660669e1e40fa17e9c74b9ce7f23c4cacc5cd6479e760fab68aab	region_local	2	0.39110159510210263	1	0.9999999820400683	0.39110156408018876	1	1.0	2.0	0.5344068909279536	0.055039886808694205	1.4655930368716437	1.4655930897798493	1	second_linear_segment_at_fitted_phi	1.4655930731521831	1.465593099474135	1	second_linear_segment_at_clustered_phi	2
exampleTumor1	m040	region1	clipp2_single_switch_path_mixture_v1	1	phased_unphased_two_state_positive_dosages_v1	endpoint_excess_dosage_penalty_biological_alias_mass_v1:alpha=3	5c247107561660669e1e40fa17e9c74b9ce7f23c4cacc5cd6479e760fab68aab	region_local	3	0.21779682221978056	0	0.9999999820400683	0.2177968780205882	0	1.0	1.0	1.0	0.8899202263826116	0.9999999638997986	1.0	0	first_linear_segment_at_fitted_phi	0.9999999820400683	1.0	0	first_linear_segment_at_clustered_phi	8
exampleTumor1	m040	region2	clipp2_single_switch_path_mixture_v1	1	phased_unphased_two_state_positive_dosages_v1	endpoint_excess_dosage_penalty_biological_alias_mass_v1:alpha=3	5c247107561660669e1e40fa17e9c74b9ce7f23c4cacc5cd6479e760fab68aab	region_local	1	0.49521641637994845	0	0.9999999744101855	0.4952164219332724	0	1.0	2.0	0.4432498707676336	0.04300336857382123	1.556750051804088	1.5567501120723286	1	second_linear_segment_at_fitted_phi	1.5567500780527375	1.556750117889684	1	second_linear_segment_at_clustered_phi	2
exampleTumor1	m040	region2	clipp2_single_switch_path_mixture_v1	1	phased_unphased_two_state_positive_dosages_v1	endpoint_excess_dosage_penalty_biological_alias_mass_v1:alpha=3	5c247107561660669e1e40fa17e9c74b9ce7f23c4cacc5cd6479e760fab68aab	region_local	2	0.4952164571056297	1	0.9999999744101855	0.49521644885269644	1	2.0	1.0	0.5567501292323666	0.043003368573821206	1.5567500905182272	1.5567501507864694	1	second_linear_segment_at_fitted_phi	1.556750103642552	1.5567501434794992	1	second_linear_segment_at_clustered_phi	2
exampleTumor1	m040	region2	clipp2_single_switch_path_mixture_v1	1	phased_unphased_two_state_positive_dosages_v1	endpoint_excess_dosage_penalty_biological_alias_mass_v1:alpha=3	5c247107561660669e1e40fa17e9c74b9ce7f23c4cacc5cd6479e760fab68aab	region_local	3	0.009567126514421842	0	0.9999999744101855	0.009567129214031182	0	1.0	1.0	1.0	0.9139932628523576	0.9999999612858608	1.0	0	first_linear_segment_at_fitted_phi	0.9999999744101855	1.0	0	first_linear_segment_at_clustered_phi	8
exampleTumor1	m041	region1	clipp2_single_switch_path_mixture_v1	1	phased_unphased_two_state_positive_dosages_v1	endpoint_excess_dosage_penalty_biological_alias_mass_v1:alpha=3	5c247107561660669e1e40fa17e9c74b9ce7f23c4cacc5cd6479e760fab68aab	region_local	1	0.002434046337904186	0	0.4644698459572693	0.002434043429001668	0	2.0	1.0	0.46559310907204654	0.055039886808694184	0.9289396279565518	2.0	1	first_linear_segment_at_fitted_phi	0.9289396919145386	2.0	1	first_linear_segment_at_clustered_phi	2
exampleTumor1	m041	region1	clipp2_single_switch_path_mixture_v1	1	phased_unphased_two_state_positive_dosages_v1	endpoint_excess_dosage_penalty_biological_alias_mass_v1:alpha=3	5c247107561660669e1e40fa17e9c74b9ce7f23c4cacc5cd6479e760fab68aab	region_local	2	0.05810395212168443	0	0.4644698459572693	0.05810395229111556	0	1.0	2.0	0.5344068909279536	0.055039886808694205	0.4644698139782759	1.0	0	first_linear_segment_at_fitted_phi	0.4644698459572693	1.0	0	first_linear_segment_at_clustered_phi	2
exampleTumor1	m041	region1	clipp2_single_switch_path_mixture_v1	1	phased_unphased_two_state_positive_dosages_v1	endpoint_excess_dosage_penalty_biological_alias_mass_v1:alpha=3	5c247107561660669e1e40fa17e9c74b9ce7f23c4cacc5cd6479e760fab68aab	region_local	3	0.9394620015404114	1	0.4644698459572693	0.9394620042798828	1	1.0	1.0	1.0	0.8899202263826116	0.4644698139782759	1.0	0	first_linear_segment_at_fitted_phi	0.4644698459572693	1.0	0	first_linear_segment_at_clustered_phi	8
exampleTumor1	m041	region2	clipp2_single_switch_path_mixture_v1	1	phased_unphased_two_state_positive_dosages_v1	endpoint_excess_dosage_penalty_biological_alias_mass_v1:alpha=3	5c247107561660669e1e40fa17e9c74b9ce7f23c4cacc5cd6479e760fab68aab	region_local	1	0.09133016276148527	0	0.5783395130938829	0.09133024066561278	0	1.0	2.0	0.4432498707676336	0.04300336857382123	0.7134291008615694	1.2335818638713416	1	second_linear_segment_at_fitted_phi	0.7134291554201322	1.2335819000219685	1	second_linear_segment_at_clustered_phi	2
exampleTumor1	m041	region2	clipp2_single_switch_path_mixture_v1	1	phased_unphased_two_state_positive_dosages_v1	endpoint_excess_dosage_penalty_biological_alias_mass_v1:alpha=3	5c247107561660669e1e40fa17e9c74b9ce7f23c4cacc5cd6479e760fab68aab	region_local	2	0.811657483283494	1	0.5783395130938829	0.8116573369117255	1	2.0	1.0	0.5567501292323666	0.043003368573821206	1.135089615046968	1.962670097560733	1	second_linear_segment_at_fitted_phi	1.1350896423262493	1.9626700521532379	1	second_linear_segment_at_clustered_phi	2
exampleTumor1	m041	region2	clipp2_single_switch_path_mixture_v1	1	phased_unphased_two_state_positive_dosages_v1	endpoint_excess_dosage_penalty_biological_alias_mass_v1:alpha=3	5c247107561660669e1e40fa17e9c74b9ce7f23c4cacc5cd6479e760fab68aab	region_local	3	0.09701235395502084	0	0.5783395130938829	0.09701242242266181	0	1.0	1.0	1.0	0.9139932628523576	0.5783394858146015	1.0	0	first_linear_segment_at_fitted_phi	0.5783395130938829	1.0	0	first_linear_segment_at_clustered_phi	8
exampleTumor1	m042	region1	clipp2_single_switch_path_mixture_v1	1	phased_unphased_two_state_positive_dosages_v1	endpoint_excess_dosage_penalty_biological_alias_mass_v1:alpha=3	5c247107561660669e1e40fa17e9c74b9ce7f23c4cacc5cd6479e760fab68aab	region_local	1	0.02297201586318835	0	0.9999999820400683	0.0229720108573296	0	2.0	1.0	0.46559310907204654	0.055039886808694184	1.4655930729676885	1.4655931258819872	1	second_linear_segment_at_fitted_phi	1.4655930911121149	1.465593117434067	1	second_linear_segment_at_clustered_phi	2
exampleTumor1	m042	region1	clipp2_single_switch_path_mixture_v1	1	phased_unphased_two_state_positive_dosages_v1	endpoint_excess_dosage_penalty_biological_alias_mass_v1:alpha=3	5c247107561660669e1e40fa17e9c74b9ce7f23c4cacc5cd6479e760fab68aab	region_local	2	0.022972022493295333	0	0.9999999820400683	0.022972014155442293	0	1.0	2.0	0.5344068909279536	0.055039886808694205	1.4655930368633305	1.4655930897776281	1	second_linear_segment_at_fitted_phi	1.4655930731521831	1.465593099474135	1	second_linear_segment_at_clustered_phi	2
exampleTumor1	m042	region1	clipp2_single_switch_path_mixture_v1	1	phased_unphased_two_state_positive_dosages_v1	endpoint_excess_dosage_penalty_biological_alias_mass_v1:alpha=3	5c247107561660669e1e40fa17e9c74b9ce7f23c4cacc5cd6479e760fab68aab	region_local	3	0.9540559616435164	1	0.9999999820400683	0.9540559749872282	1	1.0	1.0	1.0	0.8899202263826116	0.999999963895642	1.0	0	first_linear_segment_at_fitted_phi	0.9999999820400683	1.0	0	first_linear_segment_at_clustered_phi	8
exampleTumor1	m042	region2	clipp2_single_switch_path_mixture_v1	1	phased_unphased_two_state_positive_dosages_v1	endpoint_excess_dosage_penalty_biological_alias_mass_v1:alpha=3	5c247107561660669e1e40fa17e9c74b9ce7f23c4cacc5cd6479e760fab68aab	region_local	1	5.1118409778635734e-05	0	0.9999999744101855	5.1118383672210024e-05	0	1.0	2.0	0.4432498707676336	0.04300336857382123	1.5567500518010802	1.556750112071662	1	second_linear_segment_at_fitted_phi	1.5567500780527375	1.556750117889684	1	second_linear_segment_at_clustered_phi	2
exampleTumor1	m042	region2	clipp2_single_switch_path_mixture_v1	1	phased_unphased_two_state_positive_dosages_v1	endpoint_excess_dosage_penalty_biological_alias_mass_v1:alpha=3	5c247107561660669e1e40fa17e9c74b9ce7f23c4cacc5cd6479e760fab68aab	region_local	2	5.111836833666127e-05	0	0.9999999744101855	5.1118356280386115e-05	0	2.0	1.0	0.5567501292323666	0.043003368573821206	1.5567500905167235	1.5567501507873067	1	second_linear_segment_at_fitted_phi	1.556750103642552	1.5567501434794992	1	second_linear_segment_at_clustered_phi	2
exampleTumor1	m042	region2	clipp2_single_switch_path_mixture_v1	1	phased_unphased_two_state_positive_dosages_v1	endpoint_excess_dosage_penalty_biological_alias_mass_v1:alpha=3	5c247107561660669e1e40fa17e9c74b9ce7f23c4cacc5cd6479e760fab68aab	region_local	3	0.9998977632218847	1	0.9999999744101855	0.9998977632600474	1	1.0	1.0	1.0	0.9139932628523576	0.9999999612843569	1.0	0	first_linear_segment_at_fitted_phi	0.9999999744101855	1.0	0	first_linear_segment_at_clustered_phi	8
exampleTumor1	m043	region1	clipp2_single_switch_path_mixture_v1	1	phased_unphased_two_state_positive_dosages_v1	endpoint_excess_dosage_penalty_biological_alias_mass_v1:alpha=3	5c247107561660669e1e40fa17e9c74b9ce7f23c4cacc5cd6479e760fab68aab	region_local	1	0.003132267969548534	0	0.4644698459572693	0.0031322674258284196	0	2.0	1.0	0.46559310907204654	0.055039886808694184	0.9289396801152616	2.0	1	first_linear_segment_at_fitted_phi	0.9289396919145386	2.0	1	first_linear_segment_at_clustered_phi	2
exampleTumor1	m043	region1	clipp2_single_switch_path_mixture_v1	1	phased_unphased_two_state_positive_dosages_v1	endpoint_excess_dosage_penalty_biological_alias_mass_v1:alpha=3	5c247107561660669e1e40fa17e9c74b9ce7f23c4cacc5cd6479e760fab68aab	region_local	2	0.0580632836965975	0	0.4644698459572693	0.05806328372826688	0	1.0	2.0	0.5344068909279536	0.055039886808694205	0.4644698400576308	1.0	0	first_linear_segment_at_fitted_phi	0.4644698459572693	1.0	0	first_linear_segment_at_clustered_phi	2
exampleTumor1	m043	region1	clipp2_single_switch_path_mixture_v1	1	phased_unphased_two_state_positive_dosages_v1	endpoint_excess_dosage_penalty_biological_alias_mass_v1:alpha=3	5c247107561660669e1e40fa17e9c74b9ce7f23c4cacc5cd6479e760fab68aab	region_local	3	0.938804448333854	1	0.4644698459572693	0.9388044488459047	1	1.0	1.0	1.0	0.8899202263826116	0.4644698400576308	1.0	0	first_linear_segment_at_fitted_phi	0.4644698459572693	1.0	0	first_linear_segment_at_clustered_phi	8
exampleTumor1	m043	region2	clipp2_single_switch_path_mixture_v1	1	phased_unphased_two_state_positive_dosages_v1	endpoint_excess_dosage_penalty_biological_alias_mass_v1:alpha=3	5c247107561660669e1e40fa17e9c74b9ce7f23c4cacc5cd6479e760fab68aab	region_local	1	0.027791453984877645	0	0.5783395130938829	0.02779144966946878	0	1.0	2.0	0.4432498707676336	0.04300336857382123	0.713429134466413	1.2335818861379872	1	second_linear_segment_at_fitted_phi	0.7134291554201322	1.2335819000219685	1	second_linear_segment_at_clustered_phi	2
exampleTumor1	m043	region2	clipp2_single_switch_path_mixture_v1	1	phased_unphased_two_state_positive_dosages_v1	endpoint_excess_dosage_penalty_biological_alias_mass_v1:alpha=3	5c247107561660669e1e40fa17e9c74b9ce7f23c4cacc5cd6479e760fab68aab	region_local	2	3.157757213120389e-05	0	0.5783395130938829	3.157756432331488e-05	0	2.0	1.0	0.5567501292323666	0.043003368573821206	1.13508963184939	1.9626700695924049	1	second_linear_segment_at_fitted_phi	1.1350896423262493	1.9626700521532379	1	second_linear_segment_at_clustered_phi	2
exampleTumor1	m043	region2	clipp2_single_switch_path_mixture_v1	1	phased_unphased_two_state_positive_dosages_v1	endpoint_excess_dosage_penalty_biological_alias_mass_v1:alpha=3	5c247107561660669e1e40fa17e9c74b9ce7f23c4cacc5cd6479e760fab68aab	region_local	3	0.9721769684429912	1	0.5783395130938829	0.972176972766208	1	1.0	1.0	1.0	0.9139932628523576	0.5783395026170233	1.0	0	first_linear_segment_at_fitted_phi	0.5783395130938829	1.0	0	first_linear_segment_at_clustered_phi	8
exampleTumor1	m044	region1	clipp2_single_switch_path_mixture_v1	1	phased_unphased_two_state_positive_dosages_v1	endpoint_excess_dosage_penalty_biological_alias_mass_v1:alpha=3	5c247107561660669e1e40fa17e9c74b9ce7f23c4cacc5cd6479e760fab68aab	region_local	1	0.0010946042643535424	0	0.9999999820400683	0.0010946040250298071	0	2.0	1.0	0.46559310907204654	0.055039886808694184	1.465593072967287	1.4655931258821742	1	second_linear_segment_at_fitted_phi	1.4655930911121149	1.465593117434067	1	second_linear_segment_at_clustered_phi	2
exampleTumor1	m044	region1	clipp2_single_switch_path_mixture_v1	1	phased_unphased_two_state_positive_dosages_v1	endpoint_excess_dosage_penalty_biological_alias_mass_v1:alpha=3	5c247107561660669e1e40fa17e9c74b9ce7f23c4cacc5cd6479e760fab68aab	region_local	2	0.0010946048326929516	0	0.9999999820400683	0.001094604307744175	0	1.0	2.0	0.5344068909279536	0.055039886808694205	1.4655930368625276	1.4655930897774134	1	second_linear_segment_at_fitted_phi	1.4655930731521831	1.465593099474135	1	second_linear_segment_at_clustered_phi	2
exampleTumor1	m044	region1	clipp2_single_switch_path_mixture_v1	1	phased_unphased_two_state_positive_dosages_v1	endpoint_excess_dosage_penalty_biological_alias_mass_v1:alpha=3	5c247107561660669e1e40fa17e9c74b9ce7f23c4cacc5cd6479e760fab68aab	region_local	3	0.9978107909029535	1	0.9999999820400683	0.997810791667226	1	1.0	1.0	1.0	0.8899202263826116	0.9999999638952406	1.0	0	first_linear_segment_at_fitted_phi	0.9999999820400683	1.0	0	first_linear_segment_at_clustered_phi	8
exampleTumor1	m044	region2	clipp2_single_switch_path_mixture_v1	1	phased_unphased_two_state_positive_dosages_v1	endpoint_excess_dosage_penalty_biological_alias_mass_v1:alpha=3	5c247107561660669e1e40fa17e9c74b9ce7f23c4cacc5cd6479e760fab68aab	region_local	1	9.615285721796434e-06	0	0.9999999744101855	9.615295924429633e-06	0	1.0	2.0	0.4432498707676336	0.04300336857382123	1.5567501292323664	1.5567501292323664	1	second_linear_segment_at_fitted_phi	1.5567500780527375	1.556750117889684	1	second_linear_segment_at_clustered_phi	2
exampleTumor1	m044	region2	clipp2_single_switch_path_mixture_v1	1	phased_unphased_two_state_positive_dosages_v1	endpoint_excess_dosage_penalty_biological_alias_mass_v1:alpha=3	5c247107561660669e1e40fa17e9c74b9ce7f23c4cacc5cd6479e760fab68aab	region_local	2	9.615285721796297e-06	0	0.9999999744101855	9.6152900590196e-06	0	2.0	1.0	0.5567501292323666	0.043003368573821206	1.5567501292323667	1.5567501292323667	1	second_linear_segment_at_fitted_phi	1.556750103642552	1.5567501434794992	1	second_linear_segment_at_clustered_phi	2
exampleTumor1	m044	region2	clipp2_single_switch_path_mixture_v1	1	phased_unphased_two_state_positive_dosages_v1	endpoint_excess_dosage_penalty_biological_alias_mass_v1:alpha=3	5c247107561660669e1e40fa17e9c74b9ce7f23c4cacc5cd6479e760fab68aab	region_local	3	0.9999807694285564	1	0.9999999744101855	0.9999807694140166	1	1.0	1.0	1.0	0.9139932628523576	1.0	1.0	0	switch_boundary_at_fitted_phi	0.9999999744101855	1.0	0	first_linear_segment_at_clustered_phi	8
exampleTumor1	m045	region1	clipp2_single_switch_path_mixture_v1	1	phased_unphased_two_state_positive_dosages_v1	endpoint_excess_dosage_penalty_biological_alias_mass_v1:alpha=3	5c247107561660669e1e40fa17e9c74b9ce7f23c4cacc5cd6479e760fab68aab	region_local	1	0.0016606035572229861	0	0.9999999820400683	0.0016606031718204976	0	2.0	1.0	0.46559310907204654	0.055039886808694184	1.4655930729675553	1.4655931258820496	1	second_linear_segment_at_fitted_phi	1.4655930911121149	1.465593117434067	1	second_linear_segment_at_clustered_phi	2
exampleTumor1	m045	region1	clipp2_single_switch_path_mixture_v1	1	phased_unphased_two_state_positive_dosages_v1	endpoint_excess_dosage_penalty_biological_alias_mass_v1:alpha=3	5c247107561660669e1e40fa17e9c74b9ce7f23c4cacc5cd6479e760fab68aab	region_local	2	0.0016606043863491814	0	0.9999999820400683	0.0016606035842635202	0	1.0	2.0	0.5344068909279536	0.055039886808694205	1.4655930368630636	1.4655930897775566	1	second_linear_segment_at_fitted_phi	1.4655930731521831	1.465593099474135	1	second_linear_segment_at_clustered_phi	2
exampleTumor1	m045	region1	clipp2_single_switch_path_mixture_v1	1	phased_unphased_two_state_positive_dosages_v1	endpoint_excess_dosage_penalty_biological_alias_mass_v1:alpha=3	5c247107561660669e1e40fa17e9c74b9ce7f23c4cacc5cd6479e760fab68aab	region_local	3	0.9966787920564277	1	0.9999999820400683	0.996678793243916	1	1.0	1.0	1.0	0.8899202263826116	0.9999999638955086	1.0	0	first_linear_segment_at_fitted_phi	0.9999999820400683	1.0	0	first_linear_segment_at_clustered_phi	8
exampleTumor1	m045	region2	clipp2_single_switch_path_mixture_v1	1	phased_unphased_two_state_positive_dosages_v1	endpoint_excess_dosage_penalty_biological_alias_mass_v1:alpha=3	5c247107561660669e1e40fa17e9c74b9ce7f23c4cacc5cd6479e760fab68aab	region_local	1	3.4014898082114237e-07	0	0.9999999744101855	3.4014938622077504e-07	0	1.0	2.0	0.4432498707676336	0.04300336857382123	1.5567501292323664	1.5567501292323664	1	second_linear_segment_at_fitted_phi	1.5567500780527375	1.556750117889684	1	second_linear_segment_at_clustered_phi	2
exampleTumor1	m045	region2	clipp2_single_switch_path_mixture_v1	1	phased_unphased_two_state_positive_dosages_v1	endpoint_excess_dosage_penalty_biological_alias_mass_v1:alpha=3	5c247107561660669e1e40fa17e9c74b9ce7f23c4cacc5cd6479e760fab68aab	region_local	2	3.4014898082113274e-07	0	0.9999999744101855	3.4014912827755803e-07	0	2.0	1.0	0.5567501292323666	0.043003368573821206	1.5567501292323667	1.5567501292323667	1	second_linear_segment_at_fitted_phi	1.556750103642552	1.5567501434794992	1	second_linear_segment_at_clustered_phi	2
exampleTumor1	m045	region2	clipp2_single_switch_path_mixture_v1	1	phased_unphased_two_state_positive_dosages_v1	endpoint_excess_dosage_penalty_biological_alias_mass_v1:alpha=3	5c247107561660669e1e40fa17e9c74b9ce7f23c4cacc5cd6479e760fab68aab	region_local	3	0.9999993197020384	1	0.9999999744101855	0.9999993197014855	1	1.0	1.0	1.0	0.9139932628523576	1.0	1.0	0	switch_boundary_at_fitted_phi	0.9999999744101855	1.0	0	first_linear_segment_at_clustered_phi	8
exampleTumor1	m046	region1	clipp2_single_switch_path_mixture_v1	1	phased_unphased_two_state_positive_dosages_v1	endpoint_excess_dosage_penalty_biological_alias_mass_v1:alpha=3	5c247107561660669e1e40fa17e9c74b9ce7f23c4cacc5cd6479e760fab68aab	region_local	1	0.3880332005766797	0	0.9999999820400683	0.3880331755600689	0	2.0	1.0	0.46559310907204654	0.055039886808694184	1.465593072971612	1.4655931258801609	1	second_linear_segment_at_fitted_phi	1.4655930911121149	1.465593117434067	1	second_linear_segment_at_clustered_phi	2
exampleTumor1	m046	region1	clipp2_single_switch_path_mixture_v1	1	phased_unphased_two_state_positive_dosages_v1	endpoint_excess_dosage_penalty_biological_alias_mass_v1:alpha=3	5c247107561660669e1e40fa17e9c74b9ce7f23c4cacc5cd6479e760fab68aab	region_local	2	0.38803321107522487	1	0.9999999820400683	0.38803318078309307	1	1.0	2.0	0.5344068909279536	0.055039886808694205	1.4655930368711771	1.4655930897797247	1	second_linear_segment_at_fitted_phi	1.4655930731521831	1.465593099474135	1	second_linear_segment_at_clustered_phi	2
exampleTumor1	m046	region1	clipp2_single_switch_path_mixture_v1	1	phased_unphased_two_state_positive_dosages_v1	endpoint_excess_dosage_penalty_biological_alias_mass_v1:alpha=3	5c247107561660669e1e40fa17e9c74b9ce7f23c4cacc5cd6479e760fab68aab	region_local	3	0.22393358834809537	0	0.9999999820400683	0.22393364365683788	0	1.0	1.0	1.0	0.8899202263826116	0.9999999638995654	1.0	0	first_linear_segment_at_fitted_phi	0.9999999820400683	1.0	0	first_linear_segment_at_clustered_phi	8
exampleTumor1	m046	region2	clipp2_single_switch_path_mixture_v1	1	phased_unphased_two_state_positive_dosages_v1	endpoint_excess_dosage_penalty_biological_alias_mass_v1:alpha=3	5c247107561660669e1e40fa17e9c74b9ce7f23c4cacc5cd6479e760fab68aab	region_local	1	0.49953942479719143	0	0.9999999744101855	0.499539436053874	0	1.0	2.0	0.4432498707676336	0.04300336857382123	1.556750051805597	1.556750112072663	1	second_linear_segment_at_fitted_phi	1.5567500780527375	1.556750117889684	1	second_linear_segment_at_clustered_phi	2
exampleTumor1	m046	region2	clipp2_single_switch_path_mixture_v1	1	phased_unphased_two_state_positive_dosages_v1	endpoint_excess_dosage_penalty_biological_alias_mass_v1:alpha=3	5c247107561660669e1e40fa17e9c74b9ce7f23c4cacc5cd6479e760fab68aab	region_local	2	0.4995394921817734	1	0.9999999744101855	0.49953948059554354	1	2.0	1.0	0.5567501292323666	0.043003368573821206	1.5567500905189817	1.5567501507860493	1	second_linear_segment_at_fitted_phi	1.556750103642552	1.5567501434794992	1	second_linear_segment_at_clustered_phi	2
exampleTumor1	m046	region2	clipp2_single_switch_path_mixture_v1	1	phased_unphased_two_state_positive_dosages_v1	endpoint_excess_dosage_penalty_biological_alias_mass_v1:alpha=3	5c247107561660669e1e40fa17e9c74b9ce7f23c4cacc5cd6479e760fab68aab	region_local	3	0.0009210830210352	0	0.9999999744101855	0.0009210833505825488	0	1.0	1.0	1.0	0.9139932628523576	0.9999999612866153	1.0	0	first_linear_segment_at_fitted_phi	0.9999999744101855	1.0	0	first_linear_segment_at_clustered_phi	8
exampleTumor1	m047	region1	clipp2_single_switch_path_mixture_v1	1	phased_unphased_two_state_positive_dosages_v1	endpoint_excess_dosage_penalty_biological_alias_mass_v1:alpha=3	5c247107561660669e1e40fa17e9c74b9ce7f23c4cacc5cd6479e760fab68aab	region_local	1	0.00017851908261905735	0	0.9999999820400683	0.0001785190238451387	0	1.0	1.0	1.0	0.9757111023207368	1.0	1.0	0	switch_boundary_at_fitted_phi	0.9999999820400683	1.0	0	first_linear_segment_at_clustered_phi	2
exampleTumor1	m047	region1	clipp2_single_switch_path_mixture_v1	1	phased_unphased_two_state_positive_dosages_v1	endpoint_excess_dosage_penalty_biological_alias_mass_v1:alpha=3	5c247107561660669e1e40fa17e9c74b9ce7f23c4cacc5cd6479e760fab68aab	region_local	2	0.999821480917381	1	0.9999999820400683	0.9998214809761549	1	2.0	2.0	1.0	0.02428889767926321	2.0	2.0	1	switch_boundary_at_fitted_phi	1.9999999640801367	2.0	1	first_linear_segment_at_clustered_phi	1
exampleTumor1	m047	region2	clipp2_single_switch_path_mixture_v1	1	phased_unphased_two_state_positive_dosages_v1	endpoint_excess_dosage_penalty_biological_alias_mass_v1:alpha=3	5c247107561660669e1e40fa17e9c74b9ce7f23c4cacc5cd6479e760fab68aab	region_local	1	2.327891947623011e-08	0	0.9999999744101855	2.327890045292656e-08	0	1.0	1.0	1.0	0.9757111023207368	1.0	1.0	0	switch_boundary_at_fitted_phi	0.9999999744101855	1.0	0	first_linear_segment_at_clustered_phi	2
exampleTumor1	m047	region2	clipp2_single_switch_path_mixture_v1	1	phased_unphased_two_state_positive_dosages_v1	endpoint_excess_dosage_penalty_biological_alias_mass_v1:alpha=3	5c247107561660669e1e40fa17e9c74b9ce7f23c4cacc5cd6479e760fab68aab	region_local	2	0.9999999767210805	1	0.9999999744101855	0.9999999767210995	1	2.0	2.0	1.0	0.02428889767926321	2.0	2.0	1	switch_boundary_at_fitted_phi	1.999999948820371	2.0	1	first_linear_segment_at_clustered_phi	1
exampleTumor1	m048	region1	clipp2_single_switch_path_mixture_v1	1	phased_unphased_two_state_positive_dosages_v1	endpoint_excess_dosage_penalty_biological_alias_mass_v1:alpha=3	5c247107561660669e1e40fa17e9c74b9ce7f23c4cacc5cd6479e760fab68aab	region_local	1	0.037636203851663164	0	0.9999999820400683	0.037636212957311475	0	2.0	1.0	0.46559310907204654	0.055039886808694184	1.4655931090720467	1.4655931090720467	1	second_linear_segment_at_fitted_phi	1.4655930911121149	1.465593117434067	1	second_linear_segment_at_clustered_phi	2
exampleTumor1	m048	region1	clipp2_single_switch_path_mixture_v1	1	phased_unphased_two_state_positive_dosages_v1	endpoint_excess_dosage_penalty_biological_alias_mass_v1:alpha=3	5c247107561660669e1e40fa17e9c74b9ce7f23c4cacc5cd6479e760fab68aab	region_local	2	0.037636203851663164	0	0.9999999820400683	0.03763621825240808	0	1.0	2.0	0.5344068909279536	0.055039886808694205	1.4655931090720464	1.4655931090720464	1	second_linear_segment_at_fitted_phi	1.4655930731521831	1.465593099474135	1	second_linear_segment_at_clustered_phi	2
exampleTumor1	m048	region1	clipp2_single_switch_path_mixture_v1	1	phased_unphased_two_state_positive_dosages_v1	endpoint_excess_dosage_penalty_biological_alias_mass_v1:alpha=3	5c247107561660669e1e40fa17e9c74b9ce7f23c4cacc5cd6479e760fab68aab	region_local	3	0.9247275922966737	1	0.9999999820400683	0.9247275687902804	1	1.0	1.0	1.0	0.8899202263826116	1.0	1.0	0	switch_boundary_at_fitted_phi	0.9999999820400683	1.0	0	first_linear_segment_at_clustered_phi	8
exampleTumor1	m048	region2	clipp2_single_switch_path_mixture_v1	1	phased_unphased_two_state_positive_dosages_v1	endpoint_excess_dosage_penalty_biological_alias_mass_v1:alpha=3	5c247107561660669e1e40fa17e9c74b9ce7f23c4cacc5cd6479e760fab68aab	region_local	1	0.4537210743917792	1	0.9999999744101855	0.453721052394584	1	1.0	2.0	0.4432498707676336	0.04300336857382123	1.556750051804557	1.5567501120724325	1	second_linear_segment_at_fitted_phi	1.5567500780527375	1.556750117889684	1	second_linear_segment_at_clustered_phi	2
exampleTumor1	m048	region2	clipp2_single_switch_path_mixture_v1	1	phased_unphased_two_state_positive_dosages_v1	endpoint_excess_dosage_penalty_biological_alias_mass_v1:alpha=3	5c247107561660669e1e40fa17e9c74b9ce7f23c4cacc5cd6479e760fab68aab	region_local	2	0.45372102669534176	0	0.9999999744101855	0.4537210208673277	0	2.0	1.0	0.5567501292323666	0.043003368573821206	1.5567500905184617	1.5567501507863388	1	second_linear_segment_at_fitted_phi	1.556750103642552	1.5567501434794992	1	second_linear_segment_at_clustered_phi	2
exampleTumor1	m048	region2	clipp2_single_switch_path_mixture_v1	1	phased_unphased_two_state_positive_dosages_v1	endpoint_excess_dosage_penalty_biological_alias_mass_v1:alpha=3	5c247107561660669e1e40fa17e9c74b9ce7f23c4cacc5cd6479e760fab68aab	region_local	3	0.09255789891287905	0	0.9999999744101855	0.09255792673808816	0	1.0	1.0	1.0	0.9139932628523576	0.9999999612860953	1.0	0	first_linear_segment_at_fitted_phi	0.9999999744101855	1.0	0	first_linear_segment_at_clustered_phi	8
exampleTumor1	m049	region1	clipp2_single_switch_path_mixture_v1	1	phased_unphased_two_state_positive_dosages_v1	endpoint_excess_dosage_penalty_biological_alias_mass_v1:alpha=3	5c247107561660669e1e40fa17e9c74b9ce7f23c4cacc5cd6479e760fab68aab	region_local	1	0.017888413932660826	0	0.4644698459572693	0.017888414520659736	0	2.0	1.0	0.18979727272857988	0.1102685636923483	0.6542671228823189	1.4086320622657365	1	second_linear_segment_at_fitted_phi	0.6542671186858492	1.4086320659577134	1	second_linear_segment_at_clustered_phi	2
exampleTumor1	m049	region1	clipp2_single_switch_path_mixture_v1	1	phased_unphased_two_state_positive_dosages_v1	endpoint_excess_dosage_penalty_biological_alias_mass_v1:alpha=3	5c247107561660669e1e40fa17e9c74b9ce7f23c4cacc5cd6479e760fab68aab	region_local	2	0.12171766621024836	0	0.4644698459572693	0.1217176661373749	0	1.0	2.0	0.8102027272714202	0.1102685636923483	0.464469850153739	1.0	0	first_linear_segment_at_fitted_phi	0.4644698459572693	1.0	0	first_linear_segment_at_clustered_phi	2
exampleTumor1	m049	region1	clipp2_single_switch_path_mixture_v1	1	phased_unphased_two_state_positive_dosages_v1	endpoint_excess_dosage_penalty_biological_alias_mass_v1:alpha=3	5c247107561660669e1e40fa17e9c74b9ce7f23c4cacc5cd6479e760fab68aab	region_local	3	0.8603939198570909	1	0.4644698459572693	0.8603939193419654	1	1.0	1.0	1.0	0.7794628726153034	0.464469850153739	1.0	0	first_linear_segment_at_fitted_phi	0.4644698459572693	1.0	0	first_linear_segment_at_clustered_phi	8
exampleTumor1	m049	region2	clipp2_single_switch_path_mixture_v1	1	phased_unphased_two_state_positive_dosages_v1	endpoint_excess_dosage_penalty_biological_alias_mass_v1:alpha=3	5c247107561660669e1e40fa17e9c74b9ce7f23c4cacc5cd6479e760fab68aab	region_local	1	0.0004528699327251704	0	0.5783395130938829	0.0004528699058828957	0	2.0	1.0	0.320738881115505	0.08019266527581756	0.8990783904389918	1.5545858028801967	1	second_linear_segment_at_fitted_phi	0.8990783942093878	1.5545857992646595	1	second_linear_segment_at_clustered_phi	2
exampleTumor1	m049	region2	clipp2_single_switch_path_mixture_v1	1	phased_unphased_two_state_positive_dosages_v1	endpoint_excess_dosage_penalty_biological_alias_mass_v1:alpha=3	5c247107561660669e1e40fa17e9c74b9ce7f23c4cacc5cd6479e760fab68aab	region_local	2	0.08714471542339328	0	0.5783395130938829	0.0871447154257335	0	1.0	2.0	0.6792611188844951	0.08019266527581756	0.5783395093234869	1.0	0	first_linear_segment_at_fitted_phi	0.5783395130938829	1.0	0	first_linear_segment_at_clustered_phi	2
exampleTumor1	m049	region2	clipp2_single_switch_path_mixture_v1	1	phased_unphased_two_state_positive_dosages_v1	endpoint_excess_dosage_penalty_biological_alias_mass_v1:alpha=3	5c247107561660669e1e40fa17e9c74b9ce7f23c4cacc5cd6479e760fab68aab	region_local	3	0.9124024146438815	1	0.5783395130938829	0.9124024146683836	1	1.0	1.0	1.0	0.8396146694483648	0.5783395093234869	1.0	0	first_linear_segment_at_fitted_phi	0.5783395130938829	1.0	0	first_linear_segment_at_clustered_phi	8
exampleTumor1	m050	region1	clipp2_single_switch_path_mixture_v1	1	phased_unphased_two_state_positive_dosages_v1	endpoint_excess_dosage_penalty_biological_alias_mass_v1:alpha=3	5c247107561660669e1e40fa17e9c74b9ce7f23c4cacc5cd6479e760fab68aab	region_local	1	0.9999477243259516	1	0.4644698459572693	0.9999477243148431	1	1.0	1.0	1.0	0.9757111023207368	0.4644698523001771	1.0	0	first_linear_segment_at_fitted_phi	0.4644698459572693	1.0	0	first_linear_segment_at_clustered_phi	2
exampleTumor1	m050	region1	clipp2_single_switch_path_mixture_v1	1	phased_unphased_two_state_positive_dosages_v1	endpoint_excess_dosage_penalty_biological_alias_mass_v1:alpha=3	5c247107561660669e1e40fa17e9c74b9ce7f23c4cacc5cd6479e760fab68aab	region_local	2	5.227567404843948e-05	0	0.4644698459572693	5.227568515676556e-05	0	2.0	2.0	1.0	0.02428889767926321	0.9289397046003542	2.0	1	first_linear_segment_at_fitted_phi	0.9289396919145386	2.0	1	first_linear_segment_at_clustered_phi	1
exampleTumor1	m050	region2	clipp2_single_switch_path_mixture_v1	1	phased_unphased_two_state_positive_dosages_v1	endpoint_excess_dosage_penalty_biological_alias_mass_v1:alpha=3	5c247107561660669e1e40fa17e9c74b9ce7f23c4cacc5cd6479e760fab68aab	region_local	1	0.9992115384489313	1	0.5783395130938829	0.9992115383133964	1	1.0	1.0	1.0	0.9757111023207368	0.5783395183648806	1.0	0	first_linear_segment_at_fitted_phi	0.5783395130938829	1.0	0	first_linear_segment_at_clustered_phi	2
exampleTumor1	m050	region2	clipp2_single_switch_path_mixture_v1	1	phased_unphased_two_state_positive_dosages_v1	endpoint_excess_dosage_penalty_biological_alias_mass_v1:alpha=3	5c247107561660669e1e40fa17e9c74b9ce7f23c4cacc5cd6479e760fab68aab	region_local	2	0.0007884615510687622	0	0.5783395130938829	0.0007884616866036443	0	2.0	2.0	1.0	0.02428889767926321	1.1566790367297612	2.0	1	first_linear_segment_at_fitted_phi	1.1566790261877657	2.0	1	first_linear_segment_at_clustered_phi	1
exampleTumor1	m051	region1	clipp2_single_switch_path_mixture_v1	1	phased_unphased_two_state_positive_dosages_v1	endpoint_excess_dosage_penalty_biological_alias_mass_v1:alpha=3	5c247107561660669e1e40fa17e9c74b9ce7f23c4cacc5cd6479e760fab68aab	region_local	1	0.0004444578819229965	0	0.9999999820400683	0.00044445812676277216	0	1.0	1.0	1.0	0.9757111023207368	0.9999999639011476	1.0	0	first_linear_segment_at_fitted_phi	0.9999999820400683	1.0	0	first_linear_segment_at_clustered_phi	2
exampleTumor1	m051	region1	clipp2_single_switch_path_mixture_v1	1	phased_unphased_two_state_positive_dosages_v1	endpoint_excess_dosage_penalty_biological_alias_mass_v1:alpha=3	5c247107561660669e1e40fa17e9c74b9ce7f23c4cacc5cd6479e760fab68aab	region_local	2	0.999555542118077	1	0.9999999820400683	0.9995555418732373	1	2.0	2.0	1.0	0.02428889767926321	1.9999999278022953	2.0	1	first_linear_segment_at_fitted_phi	1.9999999640801367	2.0	1	first_linear_segment_at_clustered_phi	1
exampleTumor1	m051	region2	clipp2_single_switch_path_mixture_v1	1	phased_unphased_two_state_positive_dosages_v1	endpoint_excess_dosage_penalty_biological_alias_mass_v1:alpha=3	5c247107561660669e1e40fa17e9c74b9ce7f23c4cacc5cd6479e760fab68aab	region_local	1	0.0007622211984182961	0	0.9999999744101855	0.0007622216028521929	0	1.0	1.0	1.0	0.9757111023207368	0.9999999577821324	1.0	0	first_linear_segment_at_fitted_phi	0.9999999744101855	1.0	0	first_linear_segment_at_clustered_phi	2
exampleTumor1	m051	region2	clipp2_single_switch_path_mixture_v1	1	phased_unphased_two_state_positive_dosages_v1	endpoint_excess_dosage_penalty_biological_alias_mass_v1:alpha=3	5c247107561660669e1e40fa17e9c74b9ce7f23c4cacc5cd6479e760fab68aab	region_local	2	0.9992377788015817	1	0.9999999744101855	0.9992377783971479	1	2.0	2.0	1.0	0.02428889767926321	1.9999999155642647	2.0	1	first_linear_segment_at_fitted_phi	1.999999948820371	2.0	1	first_linear_segment_at_clustered_phi	1
exampleTumor1	m052	region1	clipp2_single_switch_path_mixture_v1	1	phased_unphased_two_state_positive_dosages_v1	endpoint_excess_dosage_penalty_biological_alias_mass_v1:alpha=3	5c247107561660669e1e40fa17e9c74b9ce7f23c4cacc5cd6479e760fab68aab	region_local	1	9.880024728120746e-06	0	0.9999999820400683	9.880030079047778e-06	0	1.0	1.0	1.0	0.9757111023207368	0.9999999639018163	1.0	0	first_linear_segment_at_fitted_phi	0.9999999820400683	1.0	0	first_linear_segment_at_clustered_phi	2
exampleTumor1	m052	region1	clipp2_single_switch_path_mixture_v1	1	phased_unphased_two_state_positive_dosages_v1	endpoint_excess_dosage_penalty_biological_alias_mass_v1:alpha=3	5c247107561660669e1e40fa17e9c74b9ce7f23c4cacc5cd6479e760fab68aab	region_local	2	0.9999901199752719	1	0.9999999820400683	0.9999901199699209	1	2.0	2.0	1.0	0.02428889767926321	1.9999999278036327	2.0	1	first_linear_segment_at_fitted_phi	1.9999999640801367	2.0	1	first_linear_segment_at_clustered_phi	1
exampleTumor1	m052	region2	clipp2_single_switch_path_mixture_v1	1	phased_unphased_two_state_positive_dosages_v1	endpoint_excess_dosage_penalty_biological_alias_mass_v1:alpha=3	5c247107561660669e1e40fa17e9c74b9ce7f23c4cacc5cd6479e760fab68aab	region_local	1	0.7161170702990619	1	0.9999999744101855	0.7161168513101956	1	1.0	1.0	1.0	0.9757111023207368	1.0	1.0	0	switch_boundary_at_fitted_phi	0.9999999744101855	1.0	0	first_linear_segment_at_clustered_phi	2
exampleTumor1	m052	region2	clipp2_single_switch_path_mixture_v1	1	phased_unphased_two_state_positive_dosages_v1	endpoint_excess_dosage_penalty_biological_alias_mass_v1:alpha=3	5c247107561660669e1e40fa17e9c74b9ce7f23c4cacc5cd6479e760fab68aab	region_local	2	0.2838829297009381	0	0.9999999744101855	0.28388314868980447	0	2.0	2.0	1.0	0.02428889767926321	2.0	2.0	1	switch_boundary_at_fitted_phi	1.999999948820371	2.0	1	first_linear_segment_at_clustered_phi	1
exampleTumor1	m053	region1	clipp2_single_switch_path_mixture_v1	1	phased_unphased_two_state_positive_dosages_v1	endpoint_excess_dosage_penalty_biological_alias_mass_v1:alpha=3	5c247107561660669e1e40fa17e9c74b9ce7f23c4cacc5cd6479e760fab68aab	region_local	1	0.016074050421777803	0	0.20466086196598293	0.01607402994751639	0	2.0	1.0	0.46559310907204654	0.055039886808694184	0.40932163402701405	2.0	1	first_linear_segment_at_fitted_phi	0.40932172393196586	2.0	1	first_linear_segment_at_clustered_phi	2
exampleTumor1	m053	region1	clipp2_single_switch_path_mixture_v1	1	phased_unphased_two_state_positive_dosages_v1	endpoint_excess_dosage_penalty_biological_alias_mass_v1:alpha=3	5c247107561660669e1e40fa17e9c74b9ce7f23c4cacc5cd6479e760fab68aab	region_local	2	0.05730948019597373	0	0.20466086196598293	0.057309481388511926	0	1.0	2.0	0.5344068909279536	0.055039886808694205	0.20466081701350702	1.0	0	first_linear_segment_at_fitted_phi	0.20466086196598293	1.0	0	first_linear_segment_at_clustered_phi	2
exampleTumor1	m053	region1	clipp2_single_switch_path_mixture_v1	1	phased_unphased_two_state_positive_dosages_v1	endpoint_excess_dosage_penalty_biological_alias_mass_v1:alpha=3	5c247107561660669e1e40fa17e9c74b9ce7f23c4cacc5cd6479e760fab68aab	region_local	3	0.9266164693822485	1	0.20466086196598293	0.9266164886639717	1	1.0	1.0	1.0	0.8899202263826116	0.20466081701350702	1.0	0	first_linear_segment_at_fitted_phi	0.20466086196598293	1.0	0	first_linear_segment_at_clustered_phi	8
exampleTumor1	m053	region2	clipp2_single_switch_path_mixture_v1	1	phased_unphased_two_state_positive_dosages_v1	endpoint_excess_dosage_penalty_biological_alias_mass_v1:alpha=3	5c247107561660669e1e40fa17e9c74b9ce7f23c4cacc5cd6479e760fab68aab	region_local	1	0.044806768765142946	0	0.26801886587083323	0.04480676979942309	0	1.0	2.0	0.4432498707676336	0.04300336857382123	0.26801865453112034	1.0	0	first_linear_segment_at_fitted_phi	0.26801886587083323	1.0	0	first_linear_segment_at_clustered_phi	2
exampleTumor1	m053	region2	clipp2_single_switch_path_mixture_v1	1	phased_unphased_two_state_positive_dosages_v1	endpoint_excess_dosage_penalty_biological_alias_mass_v1:alpha=3	5c247107561660669e1e40fa17e9c74b9ce7f23c4cacc5cd6479e760fab68aab	region_local	2	0.002870514673189265	0	0.26801886587083323	0.00287049165632687	0	2.0	1.0	0.5567501292323666	0.043003368573821206	0.5360373090622407	2.0	1	first_linear_segment_at_fitted_phi	0.5360377317416665	2.0	1	first_linear_segment_at_clustered_phi	2
exampleTumor1	m053	region2	clipp2_single_switch_path_mixture_v1	1	phased_unphased_two_state_positive_dosages_v1	endpoint_excess_dosage_penalty_biological_alias_mass_v1:alpha=3	5c247107561660669e1e40fa17e9c74b9ce7f23c4cacc5cd6479e760fab68aab	region_local	3	0.9523227165616678	1	0.26801886587083323	0.95232273854425	1	1.0	1.0	1.0	0.9139932628523576	0.26801865453112034	1.0	0	first_linear_segment_at_fitted_phi	0.26801886587083323	1.0	0	first_linear_segment_at_clustered_phi	8
exampleTumor1	m054	region1	clipp2_single_switch_path_mixture_v1	1	phased_unphased_two_state_positive_dosages_v1	endpoint_excess_dosage_penalty_biological_alias_mass_v1:alpha=3	5c247107561660669e1e40fa17e9c74b9ce7f23c4cacc5cd6479e760fab68aab	region_local	1	0.44440955975224083	1	0.9999999820400683	0.4444095417244777	1	2.0	1.0	0.46559310907204654	0.055039886808694184	1.4655930729726827	1.4655931258796624	1	second_linear_segment_at_fitted_phi	1.4655930911121149	1.465593117434067	1	second_linear_segment_at_clustered_phi	2
exampleTumor1	m054	region1	clipp2_single_switch_path_mixture_v1	1	phased_unphased_two_state_positive_dosages_v1	endpoint_excess_dosage_penalty_biological_alias_mass_v1:alpha=3	5c247107561660669e1e40fa17e9c74b9ce7f23c4cacc5cd6479e760fab68aab	region_local	2	0.4444095540701893	0	0.9999999820400683	0.44440953889758594	0	1.0	2.0	0.5344068909279536	0.055039886808694205	1.4655930368733185	1.465593089780297	1	second_linear_segment_at_fitted_phi	1.4655930731521831	1.465593099474135	1	second_linear_segment_at_clustered_phi	2
exampleTumor1	m054	region1	clipp2_single_switch_path_mixture_v1	1	phased_unphased_two_state_positive_dosages_v1	endpoint_excess_dosage_penalty_biological_alias_mass_v1:alpha=3	5c247107561660669e1e40fa17e9c74b9ce7f23c4cacc5cd6479e760fab68aab	region_local	3	0.11118088617756984	0	0.9999999820400683	0.11118091937793644	0	1.0	1.0	1.0	0.8899202263826116	0.9999999639006361	1.0	0	first_linear_segment_at_fitted_phi	0.9999999820400683	1.0	0	first_linear_segment_at_clustered_phi	8
exampleTumor1	m054	region2	clipp2_single_switch_path_mixture_v1	1	phased_unphased_two_state_positive_dosages_v1	endpoint_excess_dosage_penalty_biological_alias_mass_v1:alpha=3	5c247107561660669e1e40fa17e9c74b9ce7f23c4cacc5cd6479e760fab68aab	region_local	1	0.4948160850089997	0	0.9999999744101855	0.4948160889832707	0	1.0	2.0	0.4432498707676336	0.04300336857382123	1.5567500518042479	1.556750112072364	1	second_linear_segment_at_fitted_phi	1.5567500780527375	1.556750117889684	1	second_linear_segment_at_clustered_phi	2
exampleTumor1	m054	region2	clipp2_single_switch_path_mixture_v1	1	phased_unphased_two_state_positive_dosages_v1	endpoint_excess_dosage_penalty_biological_alias_mass_v1:alpha=3	5c247107561660669e1e40fa17e9c74b9ce7f23c4cacc5cd6479e760fab68aab	region_local	2	0.49481611740494963	1	0.9999999744101855	0.4948161103968354	1	2.0	1.0	0.5567501292323666	0.043003368573821206	1.5567500905183074	1.5567501507864248	1	second_linear_segment_at_fitted_phi	1.556750103642552	1.5567501434794992	1	second_linear_segment_at_clustered_phi	2
exampleTumor1	m054	region2	clipp2_single_switch_path_mixture_v1	1	phased_unphased_two_state_positive_dosages_v1	endpoint_excess_dosage_penalty_biological_alias_mass_v1:alpha=3	5c247107561660669e1e40fa17e9c74b9ce7f23c4cacc5cd6479e760fab68aab	region_local	3	0.010367797586050706	0	0.9999999744101855	0.01036780061989402	0	1.0	1.0	1.0	0.9139932628523576	0.9999999612859408	1.0	0	first_linear_segment_at_fitted_phi	0.9999999744101855	1.0	0	first_linear_segment_at_clustered_phi	8
exampleTumor1	m055	region1	clipp2_single_switch_path_mixture_v1	1	phased_unphased_two_state_positive_dosages_v1	endpoint_excess_dosage_penalty_biological_alias_mass_v1:alpha=3	5c247107561660669e1e40fa17e9c74b9ce7f23c4cacc5cd6479e760fab68aab	region_local	1	0.009628506444585506	0	0.9999999820400683	0.00962850390043643	0	2.0	1.0	0.46559310907204654	0.055039886808694184	1.46559307296836	1.465593125881675	1	second_linear_segment_at_fitted_phi	1.4655930911121149	1.465593117434067	1	second_linear_segment_at_clustered_phi	2
exampleTumor1	m055	region1	clipp2_single_switch_path_mixture_v1	1	phased_unphased_two_state_positive_dosages_v1	endpoint_excess_dosage_penalty_biological_alias_mass_v1:alpha=3	5c247107561660669e1e40fa17e9c74b9ce7f23c4cacc5cd6479e760fab68aab	region_local	2	0.009628510252604826	0	0.9999999820400683	0.009628505794751246	0	1.0	2.0	0.5344068909279536	0.055039886808694205	1.465593036864673	1.4655930897779867	1	second_linear_segment_at_fitted_phi	1.4655930731521831	1.465593099474135	1	second_linear_segment_at_clustered_phi	2
exampleTumor1	m055	region1	clipp2_single_switch_path_mixture_v1	1	phased_unphased_two_state_positive_dosages_v1	endpoint_excess_dosage_penalty_biological_alias_mass_v1:alpha=3	5c247107561660669e1e40fa17e9c74b9ce7f23c4cacc5cd6479e760fab68aab	region_local	3	0.9807429833028096	1	0.9999999820400683	0.9807429903048124	1	1.0	1.0	1.0	0.8899202263826116	0.9999999638963133	1.0	0	first_linear_segment_at_fitted_phi	0.9999999820400683	1.0	0	first_linear_segment_at_clustered_phi	8
exampleTumor1	m055	region2	clipp2_single_switch_path_mixture_v1	1	phased_unphased_two_state_positive_dosages_v1	endpoint_excess_dosage_penalty_biological_alias_mass_v1:alpha=3	5c247107561660669e1e40fa17e9c74b9ce7f23c4cacc5cd6479e760fab68aab	region_local	1	3.313748582319352e-07	0	0.9999999744101855	3.3137532440882387e-07	0	1.0	2.0	0.4432498707676336	0.04300336857382123	1.5567501292323664	1.5567501292323664	1	second_linear_segment_at_fitted_phi	1.5567500780527375	1.556750117889684	1	second_linear_segment_at_clustered_phi	2
exampleTumor1	m055	region2	clipp2_single_switch_path_mixture_v1	1	phased_unphased_two_state_positive_dosages_v1	endpoint_excess_dosage_penalty_biological_alias_mass_v1:alpha=3	5c247107561660669e1e40fa17e9c74b9ce7f23c4cacc5cd6479e760fab68aab	region_local	2	3.313748582319258e-07	0	0.9999999744101855	3.313750500721986e-07	0	2.0	1.0	0.5567501292323666	0.043003368573821206	1.5567501292323667	1.5567501292323667	1	second_linear_segment_at_fitted_phi	1.556750103642552	1.5567501434794992	1	second_linear_segment_at_clustered_phi	2
exampleTumor1	m055	region2	clipp2_single_switch_path_mixture_v1	1	phased_unphased_two_state_positive_dosages_v1	endpoint_excess_dosage_penalty_biological_alias_mass_v1:alpha=3	5c247107561660669e1e40fa17e9c74b9ce7f23c4cacc5cd6479e760fab68aab	region_local	3	0.9999993372502836	1	0.9999999744101855	0.9999993372496255	1	1.0	1.0	1.0	0.9139932628523576	1.0	1.0	0	switch_boundary_at_fitted_phi	0.9999999744101855	1.0	0	first_linear_segment_at_clustered_phi	8
exampleTumor1	m056	region1	clipp2_single_switch_path_mixture_v1	1	phased_unphased_two_state_positive_dosages_v1	endpoint_excess_dosage_penalty_biological_alias_mass_v1:alpha=3	5c247107561660669e1e40fa17e9c74b9ce7f23c4cacc5cd6479e760fab68aab	region_local	1	0.0002487631932852267	0	0.9999999820400683	0.00024876326412139976	0	2.0	1.0	0.46559310907204654	0.055039886808694184	1.4655931090720467	1.4655931090720467	1	second_linear_segment_at_fitted_phi	1.4655930911121149	1.465593117434067	1	second_linear_segment_at_clustered_phi	2
exampleTumor1	m056	region1	clipp2_single_switch_path_mixture_v1	1	phased_unphased_two_state_positive_dosages_v1	endpoint_excess_dosage_penalty_biological_alias_mass_v1:alpha=3	5c247107561660669e1e40fa17e9c74b9ce7f23c4cacc5cd6479e760fab68aab	region_local	2	0.0002487631932852267	0	0.9999999820400683	0.00024876335061064885	0	1.0	2.0	0.5344068909279536	0.055039886808694205	1.4655931090720464	1.4655931090720464	1	second_linear_segment_at_fitted_phi	1.4655930731521831	1.465593099474135	1	second_linear_segment_at_clustered_phi	2
exampleTumor1	m056	region1	clipp2_single_switch_path_mixture_v1	1	phased_unphased_two_state_positive_dosages_v1	endpoint_excess_dosage_penalty_biological_alias_mass_v1:alpha=3	5c247107561660669e1e40fa17e9c74b9ce7f23c4cacc5cd6479e760fab68aab	region_local	3	0.9995024736134295	1	0.9999999820400683	0.999502473385268	1	1.0	1.0	1.0	0.8899202263826116	1.0	1.0	0	switch_boundary_at_fitted_phi	0.9999999820400683	1.0	0	first_linear_segment_at_clustered_phi	8
exampleTumor1	m056	region2	clipp2_single_switch_path_mixture_v1	1	phased_unphased_two_state_positive_dosages_v1	endpoint_excess_dosage_penalty_biological_alias_mass_v1:alpha=3	5c247107561660669e1e40fa17e9c74b9ce7f23c4cacc5cd6479e760fab68aab	region_local	1	0.0009686792992316683	0	0.9999999744101855	0.0009686789419485702	0	1.0	2.0	0.4432498707676336	0.04300336857382123	1.5567500518008586	1.556750112071613	1	second_linear_segment_at_fitted_phi	1.5567500780527375	1.556750117889684	1	second_linear_segment_at_clustered_phi	2
exampleTumor1	m056	region2	clipp2_single_switch_path_mixture_v1	1	phased_unphased_two_state_positive_dosages_v1	endpoint_excess_dosage_penalty_biological_alias_mass_v1:alpha=3	5c247107561660669e1e40fa17e9c74b9ce7f23c4cacc5cd6479e760fab68aab	region_local	2	0.000968678780554728	0	0.9999999744101855	0.0009686785991205996	0	2.0	1.0	0.5567501292323666	0.043003368573821206	1.5567500905166125	1.5567501507873682	1	second_linear_segment_at_fitted_phi	1.556750103642552	1.5567501434794992	1	second_linear_segment_at_clustered_phi	2
exampleTumor1	m056	region2	clipp2_single_switch_path_mixture_v1	1	phased_unphased_two_state_positive_dosages_v1	endpoint_excess_dosage_penalty_biological_alias_mass_v1:alpha=3	5c247107561660669e1e40fa17e9c74b9ce7f23c4cacc5cd6479e760fab68aab	region_local	3	0.9980626419202137	1	0.9999999744101855	0.9980626424589307	1	1.0	1.0	1.0	0.9139932628523576	0.9999999612842461	1.0	0	first_linear_segment_at_fitted_phi	0.9999999744101855	1.0	0	first_linear_segment_at_clustered_phi	8
exampleTumor1	m057	region1	clipp2_single_switch_path_mixture_v1	1	phased_unphased_two_state_positive_dosages_v1	endpoint_excess_dosage_penalty_biological_alias_mass_v1:alpha=3	5c247107561660669e1e40fa17e9c74b9ce7f23c4cacc5cd6479e760fab68aab	region_local	1	0.0017626988040589948	0	0.4644698459572693	0.001762698470946946	0	2.0	1.0	0.46559310907204654	0.055039886808694184	0.9289396797124089	2.0	1	first_linear_segment_at_fitted_phi	0.9289396919145386	2.0	1	first_linear_segment_at_clustered_phi	2
exampleTumor1	m057	region1	clipp2_single_switch_path_mixture_v1	1	phased_unphased_two_state_positive_dosages_v1	endpoint_excess_dosage_penalty_biological_alias_mass_v1:alpha=3	5c247107561660669e1e40fa17e9c74b9ce7f23c4cacc5cd6479e760fab68aab	region_local	2	0.05814305524546321	0	0.4644698459572693	0.05814305526486518	0	1.0	2.0	0.5344068909279536	0.055039886808694205	0.46446983985620444	1.0	0	first_linear_segment_at_fitted_phi	0.4644698459572693	1.0	0	first_linear_segment_at_clustered_phi	2
exampleTumor1	m057	region1	clipp2_single_switch_path_mixture_v1	1	phased_unphased_two_state_positive_dosages_v1	endpoint_excess_dosage_penalty_biological_alias_mass_v1:alpha=3	5c247107561660669e1e40fa17e9c74b9ce7f23c4cacc5cd6479e760fab68aab	region_local	3	0.9400942459504777	1	0.4644698459572693	0.9400942462641879	1	1.0	1.0	1.0	0.8899202263826116	0.46446983985620444	1.0	0	first_linear_segment_at_fitted_phi	0.4644698459572693	1.0	0	first_linear_segment_at_clustered_phi	8
exampleTumor1	m057	region2	clipp2_single_switch_path_mixture_v1	1	phased_unphased_two_state_positive_dosages_v1	endpoint_excess_dosage_penalty_biological_alias_mass_v1:alpha=3	5c247107561660669e1e40fa17e9c74b9ce7f23c4cacc5cd6479e760fab68aab	region_local	1	0.00514856416406399	0	0.5783395130938829	0.00514856652879303	0	1.0	2.0	0.4432498707676336	0.04300336857382123	0.7134291957628596	1.2335819267531487	1	second_linear_segment_at_fitted_phi	0.7134291554201322	1.2335819000219685	1	second_linear_segment_at_clustered_phi	2
exampleTumor1	m057	region2	clipp2_single_switch_path_mixture_v1	1	phased_unphased_two_state_positive_dosages_v1	endpoint_excess_dosage_penalty_biological_alias_mass_v1:alpha=3	5c247107561660669e1e40fa17e9c74b9ce7f23c4cacc5cd6479e760fab68aab	region_local	2	2.1858288584016467e-07	0	0.5783395130938829	2.1858295082312539e-07	0	2.0	1.0	0.5567501292323666	0.043003368573821206	1.135089662497613	1.9626700185771695	1	second_linear_segment_at_fitted_phi	1.1350896423262493	1.9626700521532379	1	second_linear_segment_at_clustered_phi	2
exampleTumor1	m057	region2	clipp2_single_switch_path_mixture_v1	1	phased_unphased_two_state_positive_dosages_v1	endpoint_excess_dosage_penalty_biological_alias_mass_v1:alpha=3	5c247107561660669e1e40fa17e9c74b9ce7f23c4cacc5cd6479e760fab68aab	region_local	3	0.9948512172530501	1	0.5783395130938829	0.9948512148882562	1	1.0	1.0	1.0	0.9139932628523576	0.5783395332652466	1.0	0	first_linear_segment_at_fitted_phi	0.5783395130938829	1.0	0	first_linear_segment_at_clustered_phi	8
exampleTumor1	m058	region1	clipp2_single_switch_path_mixture_v1	1	phased_unphased_two_state_positive_dosages_v1	endpoint_excess_dosage_penalty_biological_alias_mass_v1:alpha=3	5c247107561660669e1e40fa17e9c74b9ce7f23c4cacc5cd6479e760fab68aab	region_local	1	0.11954617786973246	0	0.9999999820400683	0.1195461994715168	0	2.0	1.0	0.46559310907204654	0.055039886808694184	1.4655931090720467	1.4655931090720467	1	second_linear_segment_at_fitted_phi	1.4655930911121149	1.465593117434067	1	second_linear_segment_at_clustered_phi	2
exampleTumor1	m058	region1	clipp2_single_switch_path_mixture_v1	1	phased_unphased_two_state_positive_dosages_v1	endpoint_excess_dosage_penalty_biological_alias_mass_v1:alpha=3	5c247107561660669e1e40fa17e9c74b9ce7f23c4cacc5cd6479e760fab68aab	region_local	2	0.1195461778697333	0	0.9999999820400683	0.11954620902986679	0	1.0	2.0	0.5344068909279536	0.055039886808694205	1.4655931090720464	1.4655931090720464	1	second_linear_segment_at_fitted_phi	1.4655930731521831	1.465593099474135	1	second_linear_segment_at_clustered_phi	2
exampleTumor1	m058	region1	clipp2_single_switch_path_mixture_v1	1	phased_unphased_two_state_positive_dosages_v1	endpoint_excess_dosage_penalty_biological_alias_mass_v1:alpha=3	5c247107561660669e1e40fa17e9c74b9ce7f23c4cacc5cd6479e760fab68aab	region_local	3	0.7609076442605341	1	0.9999999820400683	0.7609075914986165	1	1.0	1.0	1.0	0.8899202263826116	1.0	1.0	0	switch_boundary_at_fitted_phi	0.9999999820400683	1.0	0	first_linear_segment_at_clustered_phi	8
exampleTumor1	m058	region2	clipp2_single_switch_path_mixture_v1	1	phased_unphased_two_state_positive_dosages_v1	endpoint_excess_dosage_penalty_biological_alias_mass_v1:alpha=3	5c247107561660669e1e40fa17e9c74b9ce7f23c4cacc5cd6479e760fab68aab	region_local	1	0.22606146682339204	0	0.9999999744101855	0.2260614158570815	0	1.0	2.0	0.4432498707676336	0.04300336857382123	1.5567500518032247	1.556750112072137	1	second_linear_segment_at_fitted_phi	1.5567500780527375	1.556750117889684	1	second_linear_segment_at_clustered_phi	2
exampleTumor1	m058	region2	clipp2_single_switch_path_mixture_v1	1	phased_unphased_two_state_positive_dosages_v1	endpoint_excess_dosage_penalty_biological_alias_mass_v1:alpha=3	5c247107561660669e1e40fa17e9c74b9ce7f23c4cacc5cd6479e760fab68aab	region_local	2	0.2260614102431459	0	0.9999999744101855	0.22606137845829682	0	2.0	1.0	0.5567501292323666	0.043003368573821206	1.5567500905177958	1.5567501507867096	1	second_linear_segment_at_fitted_phi	1.556750103642552	1.5567501434794992	1	second_linear_segment_at_clustered_phi	2
exampleTumor1	m058	region2	clipp2_single_switch_path_mixture_v1	1	phased_unphased_two_state_positive_dosages_v1	endpoint_excess_dosage_penalty_biological_alias_mass_v1:alpha=3	5c247107561660669e1e40fa17e9c74b9ce7f23c4cacc5cd6479e760fab68aab	region_local	3	0.547877122933462	1	0.9999999744101855	0.5478772056846216	1	1.0	1.0	1.0	0.9139932628523576	0.9999999612854292	1.0	0	first_linear_segment_at_fitted_phi	0.9999999744101855	1.0	0	first_linear_segment_at_clustered_phi	8
exampleTumor1	m059	region1	clipp2_single_switch_path_mixture_v1	1	phased_unphased_two_state_positive_dosages_v1	endpoint_excess_dosage_penalty_biological_alias_mass_v1:alpha=3	5c247107561660669e1e40fa17e9c74b9ce7f23c4cacc5cd6479e760fab68aab	region_local	1	0.49940473363380433	1	0.9999999820400683	0.4994047756953416	1	2.0	1.0	0.46559310907204654	0.055039886808694184	1.4655931090720467	1.4655931090720467	1	second_linear_segment_at_fitted_phi	1.4655930911121149	1.465593117434067	1	second_linear_segment_at_clustered_phi	2
exampleTumor1	m059	region1	clipp2_single_switch_path_mixture_v1	1	phased_unphased_two_state_positive_dosages_v1	endpoint_excess_dosage_penalty_biological_alias_mass_v1:alpha=3	5c247107561660669e1e40fa17e9c74b9ce7f23c4cacc5cd6479e760fab68aab	region_local	2	0.49940473363380433	0	0.9999999820400683	0.49940469192326226	0	1.0	2.0	0.5344068909279536	0.055039886808694205	1.4655931090720464	1.4655931090720464	1	second_linear_segment_at_fitted_phi	1.4655930731521831	1.465593099474135	1	second_linear_segment_at_clustered_phi	2
exampleTumor1	m059	region1	clipp2_single_switch_path_mixture_v1	1	phased_unphased_two_state_positive_dosages_v1	endpoint_excess_dosage_penalty_biological_alias_mass_v1:alpha=3	5c247107561660669e1e40fa17e9c74b9ce7f23c4cacc5cd6479e760fab68aab	region_local	3	0.0011905327323912952	0	0.9999999820400683	0.0011905323813961343	0	1.0	1.0	1.0	0.8899202263826116	1.0	1.0	0	switch_boundary_at_fitted_phi	0.9999999820400683	1.0	0	first_linear_segment_at_clustered_phi	8
exampleTumor1	m059	region2	clipp2_single_switch_path_mixture_v1	1	phased_unphased_two_state_positive_dosages_v1	endpoint_excess_dosage_penalty_biological_alias_mass_v1:alpha=3	5c247107561660669e1e40fa17e9c74b9ce7f23c4cacc5cd6479e760fab68aab	region_local	1	0.49766668036824663	0	0.9999999744101855	0.4976666879581166	0	1.0	2.0	0.4432498707676336	0.04300336857382123	1.5567500518047892	1.556750112072484	1	second_linear_segment_at_fitted_phi	1.5567500780527375	1.556750117889684	1	second_linear_segment_at_clustered_phi	2
exampleTumor1	m059	region2	clipp2_single_switch_path_mixture_v1	1	phased_unphased_two_state_positive_dosages_v1	endpoint_excess_dosage_penalty_biological_alias_mass_v1:alpha=3	5c247107561660669e1e40fa17e9c74b9ce7f23c4cacc5cd6479e760fab68aab	region_local	2	0.4976667293584073	1	0.9999999744101855	0.4976667203406017	1	2.0	1.0	0.5567501292323666	0.043003368573821206	1.556750090518578	1.5567501507862742	1	second_linear_segment_at_fitted_phi	1.556750103642552	1.5567501434794992	1	second_linear_segment_at_clustered_phi	2
exampleTumor1	m059	region2	clipp2_single_switch_path_mixture_v1	1	phased_unphased_two_state_positive_dosages_v1	endpoint_excess_dosage_penalty_biological_alias_mass_v1:alpha=3	5c247107561660669e1e40fa17e9c74b9ce7f23c4cacc5cd6479e760fab68aab	region_local	3	0.004666590273346045	0	0.9999999744101855	0.004666591701281684	0	1.0	1.0	1.0	0.9139932628523576	0.9999999612862114	1.0	0	first_linear_segment_at_fitted_phi	0.9999999744101855	1.0	0	first_linear_segment_at_clustered_phi	8
exampleTumor1	m060	region1	clipp2_single_switch_path_mixture_v1	1	phased_unphased_two_state_positive_dosages_v1	endpoint_excess_dosage_penalty_biological_alias_mass_v1:alpha=3	5c247107561660669e1e40fa17e9c74b9ce7f23c4cacc5cd6479e760fab68aab	region_local	1	0.0005727401593738274	0	0.4644698459572693	0.0005727401543914227	0	2.0	1.0	0.46559310907204654	0.055039886808694184	0.9289396913733079	2.0	1	first_linear_segment_at_fitted_phi	0.9289396919145386	2.0	1	first_linear_segment_at_clustered_phi	2
exampleTumor1	m060	region1	clipp2_single_switch_path_mixture_v1	1	phased_unphased_two_state_positive_dosages_v1	endpoint_excess_dosage_penalty_biological_alias_mass_v1:alpha=3	5c247107561660669e1e40fa17e9c74b9ce7f23c4cacc5cd6479e760fab68aab	region_local	2	0.0582123652493419	0	0.4644698459572693	0.05821236524963172	0	1.0	2.0	0.5344068909279536	0.055039886808694205	0.46446984568665395	1.0	0	first_linear_segment_at_fitted_phi	0.4644698459572693	1.0	0	first_linear_segment_at_clustered_phi	2
exampleTumor1	m060	region1	clipp2_single_switch_path_mixture_v1	1	phased_unphased_two_state_positive_dosages_v1	endpoint_excess_dosage_penalty_biological_alias_mass_v1:alpha=3	5c247107561660669e1e40fa17e9c74b9ce7f23c4cacc5cd6479e760fab68aab	region_local	3	0.9412148945912843	1	0.4644698459572693	0.9412148945959768	1	1.0	1.0	1.0	0.8899202263826116	0.46446984568665395	1.0	0	first_linear_segment_at_fitted_phi	0.4644698459572693	1.0	0	first_linear_segment_at_clustered_phi	8
exampleTumor1	m060	region2	clipp2_single_switch_path_mixture_v1	1	phased_unphased_two_state_positive_dosages_v1	endpoint_excess_dosage_penalty_biological_alias_mass_v1:alpha=3	5c247107561660669e1e40fa17e9c74b9ce7f23c4cacc5cd6479e760fab68aab	region_local	1	0.053323559939897756	0	0.5783395130938829	0.05332354701682508	0	1.0	2.0	0.4432498707676336	0.04300336857382123	0.7134291113843325	1.2335818708437485	1	second_linear_segment_at_fitted_phi	0.7134291554201322	1.2335819000219685	1	second_linear_segment_at_clustered_phi	2
exampleTumor1	m060	region2	clipp2_single_switch_path_mixture_v1	1	phased_unphased_two_state_positive_dosages_v1	endpoint_excess_dosage_penalty_biological_alias_mass_v1:alpha=3	5c247107561660669e1e40fa17e9c74b9ce7f23c4cacc5cd6479e760fab68aab	region_local	2	0.0002891222911636859	0	0.5783395130938829	0.00028912212657221354	0	2.0	1.0	0.5567501292323666	0.043003368573821206	1.1350896203083496	1.962670088802945	1	second_linear_segment_at_fitted_phi	1.1350896423262493	1.9626700521532379	1	second_linear_segment_at_clustered_phi	2
exampleTumor1	m060	region2	clipp2_single_switch_path_mixture_v1	1	phased_unphased_two_state_positive_dosages_v1	endpoint_excess_dosage_penalty_biological_alias_mass_v1:alpha=3	5c247107561660669e1e40fa17e9c74b9ce7f23c4cacc5cd6479e760fab68aab	region_local	3	0.9463873177689386	1	0.5783395130938829	0.9463873308566028	1	1.0	1.0	1.0	0.9139932628523576	0.578339491075983	1.0	0	first_linear_segment_at_fitted_phi	0.5783395130938829	1.0	0	first_linear_segment_at_clustered_phi	8
exampleTumor1	m061	region1	clipp2_single_switch_path_mixture_v1	1	phased_unphased_two_state_positive_dosages_v1	endpoint_excess_dosage_penalty_biological_alias_mass_v1:alpha=3	5c247107561660669e1e40fa17e9c74b9ce7f23c4cacc5cd6479e760fab68aab	region_local	1	0.9995036434562531	1	0.4644698459572693	0.9995036435345432	1	1.0	1.0	1.0	0.9757111023207368	0.46446984091395416	1.0	0	first_linear_segment_at_fitted_phi	0.4644698459572693	1.0	0	first_linear_segment_at_clustered_phi	2
exampleTumor1	m061	region1	clipp2_single_switch_path_mixture_v1	1	phased_unphased_two_state_positive_dosages_v1	endpoint_excess_dosage_penalty_biological_alias_mass_v1:alpha=3	5c247107561660669e1e40fa17e9c74b9ce7f23c4cacc5cd6479e760fab68aab	region_local	2	0.0004963565437468753	0	0.4644698459572693	0.0004963564654567855	0	2.0	2.0	1.0	0.02428889767926321	0.9289396818279083	2.0	1	first_linear_segment_at_fitted_phi	0.9289396919145386	2.0	1	first_linear_segment_at_clustered_phi	1
exampleTumor1	m061	region2	clipp2_single_switch_path_mixture_v1	1	phased_unphased_two_state_positive_dosages_v1	endpoint_excess_dosage_penalty_biological_alias_mass_v1:alpha=3	5c247107561660669e1e40fa17e9c74b9ce7f23c4cacc5cd6479e760fab68aab	region_local	1	0.9465603014016907	1	0.5783395130938829	0.9465603390474289	1	1.0	1.0	1.0	0.9757111023207368	0.5783394911683539	1.0	0	first_linear_segment_at_fitted_phi	0.5783395130938829	1.0	0	first_linear_segment_at_clustered_phi	2
exampleTumor1	m061	region2	clipp2_single_switch_path_mixture_v1	1	phased_unphased_two_state_positive_dosages_v1	endpoint_excess_dosage_penalty_biological_alias_mass_v1:alpha=3	5c247107561660669e1e40fa17e9c74b9ce7f23c4cacc5cd6479e760fab68aab	region_local	2	0.05343969859830936	0	0.5783395130938829	0.053439660952571015	0	2.0	2.0	1.0	0.02428889767926321	1.1566789823367079	2.0	1	first_linear_segment_at_fitted_phi	1.1566790261877657	2.0	1	first_linear_segment_at_clustered_phi	1
exampleTumor1	m062	region1	clipp2_single_switch_path_mixture_v1	1	phased_unphased_two_state_positive_dosages_v1	endpoint_excess_dosage_penalty_biological_alias_mass_v1:alpha=3	5c247107561660669e1e40fa17e9c74b9ce7f23c4cacc5cd6479e760fab68aab	region_local	1	0.9999995700688099	1	0.9999999820400683	0.9999995700691572	1	1.0	1.0	1.0	0.9757111023207368	0.9999999638954062	1.0	0	first_linear_segment_at_fitted_phi	0.9999999820400683	1.0	0	first_linear_segment_at_clustered_phi	2
exampleTumor1	m062	region1	clipp2_single_switch_path_mixture_v1	1	phased_unphased_two_state_positive_dosages_v1	endpoint_excess_dosage_penalty_biological_alias_mass_v1:alpha=3	5c247107561660669e1e40fa17e9c74b9ce7f23c4cacc5cd6479e760fab68aab	region_local	2	4.2993119016312363e-07	0	0.9999999820400683	4.299308428099468e-07	0	2.0	2.0	1.0	0.02428889767926321	1.9999999277908125	2.0	1	first_linear_segment_at_fitted_phi	1.9999999640801367	2.0	1	first_linear_segment_at_clustered_phi	1
exampleTumor1	m062	region2	clipp2_single_switch_path_mixture_v1	1	phased_unphased_two_state_positive_dosages_v1	endpoint_excess_dosage_penalty_biological_alias_mass_v1:alpha=3	5c247107561660669e1e40fa17e9c74b9ce7f23c4cacc5cd6479e760fab68aab	region_local	1	0.999999999923908	1	0.9999999744101855	0.9999999999239079	1	1.0	1.0	1.0	0.9757111023207368	1.0	1.0	0	switch_boundary_at_fitted_phi	0.9999999744101855	1.0	0	first_linear_segment_at_clustered_phi	2
exampleTumor1	m062	region2	clipp2_single_switch_path_mixture_v1	1	phased_unphased_two_state_positive_dosages_v1	endpoint_excess_dosage_penalty_biological_alias_mass_v1:alpha=3	5c247107561660669e1e40fa17e9c74b9ce7f23c4cacc5cd6479e760fab68aab	region_local	2	7.609203366746756e-11	0	0.9999999744101855	7.609214813838783e-11	0	2.0	2.0	1.0	0.02428889767926321	2.0	2.0	1	switch_boundary_at_fitted_phi	1.999999948820371	2.0	1	first_linear_segment_at_clustered_phi	1
exampleTumor1	m063	region1	clipp2_single_switch_path_mixture_v1	1	phased_unphased_two_state_positive_dosages_v1	endpoint_excess_dosage_penalty_biological_alias_mass_v1:alpha=3	5c247107561660669e1e40fa17e9c74b9ce7f23c4cacc5cd6479e760fab68aab	region_local	1	0.99019644424694	1	0.4644698459572693	0.9901964487902563	1	1.0	1.0	1.0	0.9757111023207368	0.4644698287388898	1.0	0	first_linear_segment_at_fitted_phi	0.4644698459572693	1.0	0	first_linear_segment_at_clustered_phi	2
exampleTumor1	m063	region1	clipp2_single_switch_path_mixture_v1	1	phased_unphased_two_state_positive_dosages_v1	endpoint_excess_dosage_penalty_biological_alias_mass_v1:alpha=3	5c247107561660669e1e40fa17e9c74b9ce7f23c4cacc5cd6479e760fab68aab	region_local	2	0.009803555753060115	0	0.4644698459572693	0.00980355120974379	0	2.0	2.0	1.0	0.02428889767926321	0.9289396574777796	2.0	1	first_linear_segment_at_fitted_phi	0.9289396919145386	2.0	1	first_linear_segment_at_clustered_phi	1
exampleTumor1	m063	region2	clipp2_single_switch_path_mixture_v1	1	phased_unphased_two_state_positive_dosages_v1	endpoint_excess_dosage_penalty_biological_alias_mass_v1:alpha=3	5c247107561660669e1e40fa17e9c74b9ce7f23c4cacc5cd6479e760fab68aab	region_local	1	0.999953247190339	1	0.5783395130938829	0.99995324717787	1	1.0	1.0	1.0	0.9757111023207368	0.5783395202205297	1.0	0	first_linear_segment_at_fitted_phi	0.5783395130938829	1.0	0	first_linear_segment_at_clustered_phi	2
exampleTumor1	m063	region2	clipp2_single_switch_path_mixture_v1	1	phased_unphased_two_state_positive_dosages_v1	endpoint_excess_dosage_penalty_biological_alias_mass_v1:alpha=3	5c247107561660669e1e40fa17e9c74b9ce7f23c4cacc5cd6479e760fab68aab	region_local	2	4.6752809661038236e-05	0	0.5783395130938829	4.6752822129995946e-05	0	2.0	2.0	1.0	0.02428889767926321	1.1566790404410594	2.0	1	first_linear_segment_at_fitted_phi	1.1566790261877657	2.0	1	first_linear_segment_at_clustered_phi	1
exampleTumor1	m064	region1	clipp2_single_switch_path_mixture_v1	1	phased_unphased_two_state_positive_dosages_v1	endpoint_excess_dosage_penalty_biological_alias_mass_v1:alpha=3	5c247107561660669e1e40fa17e9c74b9ce7f23c4cacc5cd6479e760fab68aab	region_local	1	0.9998201733485328	1	0.4644698459572693	0.9998201733096941	1	1.0	1.0	1.0	0.9757111023207368	0.4644698530766225	1.0	0	first_linear_segment_at_fitted_phi	0.4644698459572693	1.0	0	first_linear_segment_at_clustered_phi	2
exampleTumor1	m064	region1	clipp2_single_switch_path_mixture_v1	1	phased_unphased_two_state_positive_dosages_v1	endpoint_excess_dosage_penalty_biological_alias_mass_v1:alpha=3	5c247107561660669e1e40fa17e9c74b9ce7f23c4cacc5cd6479e760fab68aab	region_local	2	0.00017982665146721406	0	0.4644698459572693	0.00017982669030595512	0	2.0	2.0	1.0	0.02428889767926321	0.928939706153245	2.0	1	first_linear_segment_at_fitted_phi	0.9289396919145386	2.0	1	first_linear_segment_at_clustered_phi	1
exampleTumor1	m064	region2	clipp2_single_switch_path_mixture_v1	1	phased_unphased_two_state_positive_dosages_v1	endpoint_excess_dosage_penalty_biological_alias_mass_v1:alpha=3	5c247107561660669e1e40fa17e9c74b9ce7f23c4cacc5cd6479e760fab68aab	region_local	1	0.9999506847172774	1	0.5783395130938829	0.999950684691558	1	1.0	1.0	1.0	0.9757111023207368	0.5783395290740319	1.0	0	first_linear_segment_at_fitted_phi	0.5783395130938829	1.0	0	first_linear_segment_at_clustered_phi	2
exampleTumor1	m064	region2	clipp2_single_switch_path_mixture_v1	1	phased_unphased_two_state_positive_dosages_v1	endpoint_excess_dosage_penalty_biological_alias_mass_v1:alpha=3	5c247107561660669e1e40fa17e9c74b9ce7f23c4cacc5cd6479e760fab68aab	region_local	2	4.931528272261417e-05	0	0.5783395130938829	4.931530844204299e-05	0	2.0	2.0	1.0	0.02428889767926321	1.1566790581480637	2.0	1	first_linear_segment_at_fitted_phi	1.1566790261877657	2.0	1	first_linear_segment_at_clustered_phi	1
exampleTumor1	m065	region1	clipp2_single_switch_path_mixture_v1	1	phased_unphased_two_state_positive_dosages_v1	endpoint_excess_dosage_penalty_biological_alias_mass_v1:alpha=3	5c247107561660669e1e40fa17e9c74b9ce7f23c4cacc5cd6479e760fab68aab	region_local	1	0.0019735840948494217	0	0.9999999820400683	0.0019735836395292383	0	2.0	1.0	0.46559310907204654	0.055039886808694184	1.4655930729675428	1.4655931258820554	1	second_linear_segment_at_fitted_phi	1.4655930911121149	1.465593117434067	1	second_linear_segment_at_clustered_phi	2
exampleTumor1	m065	region1	clipp2_single_switch_path_mixture_v1	1	phased_unphased_two_state_positive_dosages_v1	endpoint_excess_dosage_penalty_biological_alias_mass_v1:alpha=3	5c247107561660669e1e40fa17e9c74b9ce7f23c4cacc5cd6479e760fab68aab	region_local	2	0.0019735850512859077	0	0.9999999820400683	0.0019735841153017022	0	1.0	2.0	0.5344068909279536	0.055039886808694205	1.465593036863039	1.4655930897775502	1	second_linear_segment_at_fitted_phi	1.4655930731521831	1.465593099474135	1	second_linear_segment_at_clustered_phi	2
exampleTumor1	m065	region1	clipp2_single_switch_path_mixture_v1	1	phased_unphased_two_state_positive_dosages_v1	endpoint_excess_dosage_penalty_biological_alias_mass_v1:alpha=3	5c247107561660669e1e40fa17e9c74b9ce7f23c4cacc5cd6479e760fab68aab	region_local	3	0.9960528308538648	1	0.9999999820400683	0.996052832245169	1	1.0	1.0	1.0	0.8899202263826116	0.9999999638954963	1.0	0	first_linear_segment_at_fitted_phi	0.9999999820400683	1.0	0	first_linear_segment_at_clustered_phi	8
exampleTumor1	m065	region2	clipp2_single_switch_path_mixture_v1	1	phased_unphased_two_state_positive_dosages_v1	endpoint_excess_dosage_penalty_biological_alias_mass_v1:alpha=3	5c247107561660669e1e40fa17e9c74b9ce7f23c4cacc5cd6479e760fab68aab	region_local	1	2.6439257611933623e-06	0	0.9999999744101855	2.6439289565017004e-06	0	1.0	2.0	0.4432498707676336	0.04300336857382123	1.5567501292323664	1.5567501292323664	1	second_linear_segment_at_fitted_phi	1.5567500780527375	1.556750117889684	1	second_linear_segment_at_clustered_phi	2
exampleTumor1	m065	region2	clipp2_single_switch_path_mixture_v1	1	phased_unphased_two_state_positive_dosages_v1	endpoint_excess_dosage_penalty_biological_alias_mass_v1:alpha=3	5c247107561660669e1e40fa17e9c74b9ce7f23c4cacc5cd6479e760fab68aab	region_local	2	2.6439257611933246e-06	0	0.9999999744101855	2.643927110246757e-06	0	2.0	1.0	0.5567501292323666	0.043003368573821206	1.5567501292323667	1.5567501292323667	1	second_linear_segment_at_fitted_phi	1.556750103642552	1.5567501434794992	1	second_linear_segment_at_clustered_phi	2
exampleTumor1	m065	region2	clipp2_single_switch_path_mixture_v1	1	phased_unphased_two_state_positive_dosages_v1	endpoint_excess_dosage_penalty_biological_alias_mass_v1:alpha=3	5c247107561660669e1e40fa17e9c74b9ce7f23c4cacc5cd6479e760fab68aab	region_local	3	0.9999947121484776	1	0.9999999744101855	0.9999947121439332	1	1.0	1.0	1.0	0.9139932628523576	1.0	1.0	0	switch_boundary_at_fitted_phi	0.9999999744101855	1.0	0	first_linear_segment_at_clustered_phi	8
exampleTumor1	m066	region1	clipp2_single_switch_path_mixture_v1	1	phased_unphased_two_state_positive_dosages_v1	endpoint_excess_dosage_penalty_biological_alias_mass_v1:alpha=3	5c247107561660669e1e40fa17e9c74b9ce7f23c4cacc5cd6479e760fab68aab	region_local	1	0.21447307649114328	0	0.9999999820400683	0.21447310858834587	0	2.0	1.0	0.46559310907204654	0.055039886808694184	1.4655931090720467	1.4655931090720467	1	second_linear_segment_at_fitted_phi	1.4655930911121149	1.465593117434067	1	second_linear_segment_at_clustered_phi	2
exampleTumor1	m066	region1	clipp2_single_switch_path_mixture_v1	1	phased_unphased_two_state_positive_dosages_v1	endpoint_excess_dosage_penalty_biological_alias_mass_v1:alpha=3	5c247107561660669e1e40fa17e9c74b9ce7f23c4cacc5cd6479e760fab68aab	region_local	2	0.21447307649114328	0	0.9999999820400683	0.21447312198814414	0	1.0	2.0	0.5344068909279536	0.055039886808694205	1.4655931090720464	1.4655931090720464	1	second_linear_segment_at_fitted_phi	1.4655930731521831	1.465593099474135	1	second_linear_segment_at_clustered_phi	2
exampleTumor1	m066	region1	clipp2_single_switch_path_mixture_v1	1	phased_unphased_two_state_positive_dosages_v1	endpoint_excess_dosage_penalty_biological_alias_mass_v1:alpha=3	5c247107561660669e1e40fa17e9c74b9ce7f23c4cacc5cd6479e760fab68aab	region_local	3	0.5710538470177134	1	0.9999999820400683	0.5710537694235099	1	1.0	1.0	1.0	0.8899202263826116	1.0	1.0	0	switch_boundary_at_fitted_phi	0.9999999820400683	1.0	0	first_linear_segment_at_clustered_phi	8
exampleTumor1	m066	region2	clipp2_single_switch_path_mixture_v1	1	phased_unphased_two_state_positive_dosages_v1	endpoint_excess_dosage_penalty_biological_alias_mass_v1:alpha=3	5c247107561660669e1e40fa17e9c74b9ce7f23c4cacc5cd6479e760fab68aab	region_local	1	0.36727443795048537	1	0.9999999744101855	0.3672744011854398	1	1.0	2.0	0.4432498707676336	0.04300336857382123	1.5567500518034347	1.5567501120721836	1	second_linear_segment_at_fitted_phi	1.5567500780527375	1.556750117889684	1	second_linear_segment_at_clustered_phi	2
exampleTumor1	m066	region2	clipp2_single_switch_path_mixture_v1	1	phased_unphased_two_state_positive_dosages_v1	endpoint_excess_dosage_penalty_biological_alias_mass_v1:alpha=3	5c247107561660669e1e40fa17e9c74b9ce7f23c4cacc5cd6479e760fab68aab	region_local	2	0.3672743889271245	0	0.9999999744101855	0.3672743687815635	0	2.0	1.0	0.5567501292323666	0.043003368573821206	1.5567500905179008	1.5567501507866512	1	second_linear_segment_at_fitted_phi	1.556750103642552	1.5567501434794992	1	second_linear_segment_at_clustered_phi	2
exampleTumor1	m066	region2	clipp2_single_switch_path_mixture_v1	1	phased_unphased_two_state_positive_dosages_v1	endpoint_excess_dosage_penalty_biological_alias_mass_v1:alpha=3	5c247107561660669e1e40fa17e9c74b9ce7f23c4cacc5cd6479e760fab68aab	region_local	3	0.2654511731223901	0	0.9999999744101855	0.2654512300329967	0	1.0	1.0	1.0	0.9139932628523576	0.9999999612855343	1.0	0	first_linear_segment_at_fitted_phi	0.9999999744101855	1.0	0	first_linear_segment_at_clustered_phi	8
exampleTumor1	m067	region1	clipp2_single_switch_path_mixture_v1	1	phased_unphased_two_state_positive_dosages_v1	endpoint_excess_dosage_penalty_biological_alias_mass_v1:alpha=3	5c247107561660669e1e40fa17e9c74b9ce7f23c4cacc5cd6479e760fab68aab	region_local	1	0.9999999806814287	1	0.9999999820400683	0.9999999806814449	1	1.0	1.0	1.0	0.9757111023207368	0.999999963895011	1.0	0	first_linear_segment_at_fitted_phi	0.9999999820400683	1.0	0	first_linear_segment_at_clustered_phi	2
exampleTumor1	m067	region1	clipp2_single_switch_path_mixture_v1	1	phased_unphased_two_state_positive_dosages_v1	endpoint_excess_dosage_penalty_biological_alias_mass_v1:alpha=3	5c247107561660669e1e40fa17e9c74b9ce7f23c4cacc5cd6479e760fab68aab	region_local	2	1.9318571253748305e-08	0	0.9999999820400683	1.9318555094516704e-08	0	2.0	2.0	1.0	0.02428889767926321	1.999999927790022	2.0	1	first_linear_segment_at_fitted_phi	1.9999999640801367	2.0	1	first_linear_segment_at_clustered_phi	1
exampleTumor1	m067	region2	clipp2_single_switch_path_mixture_v1	1	phased_unphased_two_state_positive_dosages_v1	endpoint_excess_dosage_penalty_biological_alias_mass_v1:alpha=3	5c247107561660669e1e40fa17e9c74b9ce7f23c4cacc5cd6479e760fab68aab	region_local	1	0.999999992683486	1	0.9999999744101855	0.999999992683491	1	1.0	1.0	1.0	0.9757111023207368	0.999999961284155	1.0	0	first_linear_segment_at_fitted_phi	0.9999999744101855	1.0	0	first_linear_segment_at_clustered_phi	2
exampleTumor1	m067	region2	clipp2_single_switch_path_mixture_v1	1	phased_unphased_two_state_positive_dosages_v1	endpoint_excess_dosage_penalty_biological_alias_mass_v1:alpha=3	5c247107561660669e1e40fa17e9c74b9ce7f23c4cacc5cd6479e760fab68aab	region_local	2	7.316513931124964e-09	0	0.9999999744101855	7.316508912630432e-09	0	2.0	2.0	1.0	0.02428889767926321	1.99999992256831	2.0	1	first_linear_segment_at_fitted_phi	1.999999948820371	2.0	1	first_linear_segment_at_clustered_phi	1
exampleTumor1	m068	region1	clipp2_single_switch_path_mixture_v1	1	phased_unphased_two_state_positive_dosages_v1	endpoint_excess_dosage_penalty_biological_alias_mass_v1:alpha=3	5c247107561660669e1e40fa17e9c74b9ce7f23c4cacc5cd6479e760fab68aab	region_local	1	8.47988124967593e-06	0	0.4644698459572693	8.479888095938672e-06	0	2.0	1.0	0.46559310907204654	0.055039886808694184	0.9289397368319473	2.0	1	first_linear_segment_at_fitted_phi	0.9289396919145386	2.0	1	first_linear_segment_at_clustered_phi	2
exampleTumor1	m068	region1	clipp2_single_switch_path_mixture_v1	1	phased_unphased_two_state_positive_dosages_v1	endpoint_excess_dosage_penalty_biological_alias_mass_v1:alpha=3	5c247107561660669e1e40fa17e9c74b9ce7f23c4cacc5cd6479e760fab68aab	region_local	2	0.05824523099828166	0	0.4644698459572693	0.058245230997882896	0	1.0	2.0	0.5344068909279536	0.055039886808694205	0.46446986841597365	1.0	0	first_linear_segment_at_fitted_phi	0.4644698459572693	1.0	0	first_linear_segment_at_clustered_phi	2
exampleTumor1	m068	region1	clipp2_single_switch_path_mixture_v1	1	phased_unphased_two_state_positive_dosages_v1	endpoint_excess_dosage_penalty_biological_alias_mass_v1:alpha=3	5c247107561660669e1e40fa17e9c74b9ce7f23c4cacc5cd6479e760fab68aab	region_local	3	0.9417462891204686	1	0.4644698459572693	0.9417462891140211	1	1.0	1.0	1.0	0.8899202263826116	0.46446986841597365	1.0	0	first_linear_segment_at_fitted_phi	0.4644698459572693	1.0	0	first_linear_segment_at_clustered_phi	8
exampleTumor1	m068	region2	clipp2_single_switch_path_mixture_v1	1	phased_unphased_two_state_positive_dosages_v1	endpoint_excess_dosage_penalty_biological_alias_mass_v1:alpha=3	5c247107561660669e1e40fa17e9c74b9ce7f23c4cacc5cd6479e760fab68aab	region_local	1	0.051107588799853304	0	0.5783395130938829	0.05110758317385794	0	1.0	2.0	0.4432498707676336	0.04300336857382123	0.713429132660409	1.233581884941325	1	second_linear_segment_at_fitted_phi	0.7134291554201322	1.2335819000219685	1	second_linear_segment_at_clustered_phi	2
exampleTumor1	m068	region2	clipp2_single_switch_path_mixture_v1	1	phased_unphased_two_state_positive_dosages_v1	endpoint_excess_dosage_penalty_biological_alias_mass_v1:alpha=3	5c247107561660669e1e40fa17e9c74b9ce7f23c4cacc5cd6479e760fab68aab	region_local	2	0.0005266150098457848	0	0.5783395130938829	0.0005266148757658214	0	2.0	1.0	0.5567501292323666	0.043003368573821206	1.1350896309463878	1.962670071095489	1	second_linear_segment_at_fitted_phi	1.1350896423262493	1.9626700521532379	1	second_linear_segment_at_clustered_phi	2
exampleTumor1	m068	region2	clipp2_single_switch_path_mixture_v1	1	phased_unphased_two_state_positive_dosages_v1	endpoint_excess_dosage_penalty_biological_alias_mass_v1:alpha=3	5c247107561660669e1e40fa17e9c74b9ce7f23c4cacc5cd6479e760fab68aab	region_local	3	0.9483657961903009	1	0.5783395130938829	0.9483658019503762	1	1.0	1.0	1.0	0.9139932628523576	0.5783395017140213	1.0	0	first_linear_segment_at_fitted_phi	0.5783395130938829	1.0	0	first_linear_segment_at_clustered_phi	8
exampleTumor1	m069	region1	clipp2_single_switch_path_mixture_v1	1	phased_unphased_two_state_positive_dosages_v1	endpoint_excess_dosage_penalty_biological_alias_mass_v1:alpha=3	5c247107561660669e1e40fa17e9c74b9ce7f23c4cacc5cd6479e760fab68aab	region_local	1	0.15731563446454905	0	0.20466086196598293	0.15731770761271557	0	2.0	1.0	0.18979727272857988	0.1102685636923483	0.3944588205867649	1.9273714320781696	1	second_linear_segment_at_fitted_phi	0.3944581346945628	1.9273745400335822	1	second_linear_segment_at_clustered_phi	2
exampleTumor1	m069	region1	clipp2_single_switch_path_mixture_v1	1	phased_unphased_two_state_positive_dosages_v1	endpoint_excess_dosage_penalty_biological_alias_mass_v1:alpha=3	5c247107561660669e1e40fa17e9c74b9ce7f23c4cacc5cd6479e760fab68aab	region_local	2	0.10443780093823898	0	0.20466086196598293	0.10443754400332401	0	1.0	2.0	0.8102027272714202	0.1102685636923483	0.20466154785818502	1.0	0	first_linear_segment_at_fitted_phi	0.20466086196598293	1.0	0	first_linear_segment_at_clustered_phi	2
exampleTumor1	m069	region1	clipp2_single_switch_path_mixture_v1	1	phased_unphased_two_state_positive_dosages_v1	endpoint_excess_dosage_penalty_biological_alias_mass_v1:alpha=3	5c247107561660669e1e40fa17e9c74b9ce7f23c4cacc5cd6479e760fab68aab	region_local	3	0.7382465645972119	1	0.20466086196598293	0.7382447483839605	1	1.0	1.0	1.0	0.7794628726153034	0.20466154785818502	1.0	0	first_linear_segment_at_fitted_phi	0.20466086196598293	1.0	0	first_linear_segment_at_clustered_phi	8
exampleTumor1	m069	region2	clipp2_single_switch_path_mixture_v1	1	phased_unphased_two_state_positive_dosages_v1	endpoint_excess_dosage_penalty_biological_alias_mass_v1:alpha=3	5c247107561660669e1e40fa17e9c74b9ce7f23c4cacc5cd6479e760fab68aab	region_local	1	0.017614479277684916	0	0.26801886587083323	0.017614473870663398	0	2.0	1.0	0.320738881115505	0.08019266527581756	0.5360377130590784	2.0	1	first_linear_segment_at_fitted_phi	0.5360377317416665	2.0	1	first_linear_segment_at_clustered_phi	2
exampleTumor1	m069	region2	clipp2_single_switch_path_mixture_v1	1	phased_unphased_two_state_positive_dosages_v1	endpoint_excess_dosage_penalty_biological_alias_mass_v1:alpha=3	5c247107561660669e1e40fa17e9c74b9ce7f23c4cacc5cd6479e760fab68aab	region_local	2	0.08564849426724527	0	0.26801886587083323	0.08564849473865212	0	1.0	2.0	0.6792611188844951	0.08019266527581756	0.2680188565295392	1.0	0	first_linear_segment_at_fitted_phi	0.26801886587083323	1.0	0	first_linear_segment_at_clustered_phi	2
exampleTumor1	m069	region2	clipp2_single_switch_path_mixture_v1	1	phased_unphased_two_state_positive_dosages_v1	endpoint_excess_dosage_penalty_biological_alias_mass_v1:alpha=3	5c247107561660669e1e40fa17e9c74b9ce7f23c4cacc5cd6479e760fab68aab	region_local	3	0.8967370264550697	1	0.26801886587083323	0.8967370313906845	1	1.0	1.0	1.0	0.8396146694483648	0.2680188565295392	1.0	0	first_linear_segment_at_fitted_phi	0.26801886587083323	1.0	0	first_linear_segment_at_clustered_phi	8
exampleTumor1	m070	region1	clipp2_single_switch_path_mixture_v1	1	phased_unphased_two_state_positive_dosages_v1	endpoint_excess_dosage_penalty_biological_alias_mass_v1:alpha=3	5c247107561660669e1e40fa17e9c74b9ce7f23c4cacc5cd6479e760fab68aab	region_local	1	0.9968409975032753	1	0.4644698459572693	0.9968409978538472	1	1.0	1.0	1.0	0.9757111023207368	0.46446984176407935	1.0	0	first_linear_segment_at_fitted_phi	0.4644698459572693	1.0	0	first_linear_segment_at_clustered_phi	2
exampleTumor1	m070	region1	clipp2_single_switch_path_mixture_v1	1	phased_unphased_two_state_positive_dosages_v1	endpoint_excess_dosage_penalty_biological_alias_mass_v1:alpha=3	5c247107561660669e1e40fa17e9c74b9ce7f23c4cacc5cd6479e760fab68aab	region_local	2	0.003159002496724714	0	0.4644698459572693	0.0031590021461528764	0	2.0	2.0	1.0	0.02428889767926321	0.9289396835281587	2.0	1	first_linear_segment_at_fitted_phi	0.9289396919145386	2.0	1	first_linear_segment_at_clustered_phi	1
exampleTumor1	m070	region2	clipp2_single_switch_path_mixture_v1	1	phased_unphased_two_state_positive_dosages_v1	endpoint_excess_dosage_penalty_biological_alias_mass_v1:alpha=3	5c247107561660669e1e40fa17e9c74b9ce7f23c4cacc5cd6479e760fab68aab	region_local	1	0.99998923609985	1	0.5783395130938829	0.9999892360958638	1	1.0	1.0	1.0	0.9757111023207368	0.5783395225495184	1.0	0	first_linear_segment_at_fitted_phi	0.5783395130938829	1.0	0	first_linear_segment_at_clustered_phi	2
exampleTumor1	m070	region2	clipp2_single_switch_path_mixture_v1	1	phased_unphased_two_state_positive_dosages_v1	endpoint_excess_dosage_penalty_biological_alias_mass_v1:alpha=3	5c247107561660669e1e40fa17e9c74b9ce7f23c4cacc5cd6479e760fab68aab	region_local	2	1.0763900150004948e-05	0	0.5783395130938829	1.076390413618866e-05	0	2.0	2.0	1.0	0.02428889767926321	1.1566790450990367	2.0	1	first_linear_segment_at_fitted_phi	1.1566790261877657	2.0	1	first_linear_segment_at_clustered_phi	1
exampleTumor1	m071	region1	clipp2_single_switch_path_mixture_v1	1	phased_unphased_two_state_positive_dosages_v1	endpoint_excess_dosage_penalty_biological_alias_mass_v1:alpha=3	5c247107561660669e1e40fa17e9c74b9ce7f23c4cacc5cd6479e760fab68aab	region_local	1	0.19720581647476113	0	0.9999999820400683	0.19720584467462332	0	2.0	1.0	0.46559310907204654	0.055039886808694184	1.4655931090720467	1.4655931090720467	1	second_linear_segment_at_fitted_phi	1.4655930911121149	1.465593117434067	1	second_linear_segment_at_clustered_phi	2
exampleTumor1	m071	region1	clipp2_single_switch_path_mixture_v1	1	phased_unphased_two_state_positive_dosages_v1	endpoint_excess_dosage_penalty_biological_alias_mass_v1:alpha=3	5c247107561660669e1e40fa17e9c74b9ce7f23c4cacc5cd6479e760fab68aab	region_local	2	0.19720581647476113	0	0.9999999820400683	0.19720585514680095	0	1.0	2.0	0.5344068909279536	0.055039886808694205	1.4655931090720464	1.4655931090720464	1	second_linear_segment_at_fitted_phi	1.4655930731521831	1.465593099474135	1	second_linear_segment_at_clustered_phi	2
exampleTumor1	m071	region1	clipp2_single_switch_path_mixture_v1	1	phased_unphased_two_state_positive_dosages_v1	endpoint_excess_dosage_penalty_biological_alias_mass_v1:alpha=3	5c247107561660669e1e40fa17e9c74b9ce7f23c4cacc5cd6479e760fab68aab	region_local	3	0.6055883670504778	1	0.9999999820400683	0.6055883001785758	1	1.0	1.0	1.0	0.8899202263826116	1.0	1.0	0	switch_boundary_at_fitted_phi	0.9999999820400683	1.0	0	first_linear_segment_at_clustered_phi	8
exampleTumor1	m071	region2	clipp2_single_switch_path_mixture_v1	1	phased_unphased_two_state_positive_dosages_v1	endpoint_excess_dosage_penalty_biological_alias_mass_v1:alpha=3	5c247107561660669e1e40fa17e9c74b9ce7f23c4cacc5cd6479e760fab68aab	region_local	1	0.48805513626822666	1	0.9999999744101855	0.48805512862096867	1	1.0	2.0	0.4432498707676336	0.04300336857382123	1.5567500518051884	1.5567501120725722	1	second_linear_segment_at_fitted_phi	1.5567500780527375	1.556750117889684	1	second_linear_segment_at_clustered_phi	2
exampleTumor1	m071	region2	clipp2_single_switch_path_mixture_v1	1	phased_unphased_two_state_positive_dosages_v1	endpoint_excess_dosage_penalty_biological_alias_mass_v1:alpha=3	5c247107561660669e1e40fa17e9c74b9ce7f23c4cacc5cd6479e760fab68aab	region_local	2	0.48805511516770184	0	0.9999999744101855	0.4880551146734471	0	2.0	1.0	0.5567501292323666	0.043003368573821206	1.5567500905187777	1.556750150786163	1	second_linear_segment_at_fitted_phi	1.556750103642552	1.5567501434794992	1	second_linear_segment_at_clustered_phi	2
exampleTumor1	m071	region2	clipp2_single_switch_path_mixture_v1	1	phased_unphased_two_state_positive_dosages_v1	endpoint_excess_dosage_penalty_biological_alias_mass_v1:alpha=3	5c247107561660669e1e40fa17e9c74b9ce7f23c4cacc5cd6479e760fab68aab	region_local	3	0.023889748564071566	0	0.9999999744101855	0.0238897567055843	0	1.0	1.0	1.0	0.9139932628523576	0.9999999612864111	1.0	0	first_linear_segment_at_fitted_phi	0.9999999744101855	1.0	0	first_linear_segment_at_clustered_phi	8
exampleTumor1	m072	region1	clipp2_single_switch_path_mixture_v1	1	phased_unphased_two_state_positive_dosages_v1	endpoint_excess_dosage_penalty_biological_alias_mass_v1:alpha=3	5c247107561660669e1e40fa17e9c74b9ce7f23c4cacc5cd6479e760fab68aab	region_local	1	0.9990544319180734	1	0.4644698459572693	0.999054432465008	1	1.0	1.0	1.0	0.9757111023207368	0.4644698285116304	1.0	0	first_linear_segment_at_fitted_phi	0.4644698459572693	1.0	0	first_linear_segment_at_clustered_phi	2
exampleTumor1	m072	region1	clipp2_single_switch_path_mixture_v1	1	phased_unphased_two_state_positive_dosages_v1	endpoint_excess_dosage_penalty_biological_alias_mass_v1:alpha=3	5c247107561660669e1e40fa17e9c74b9ce7f23c4cacc5cd6479e760fab68aab	region_local	2	0.0009455680819265727	0	0.4644698459572693	0.0009455675349919939	0	2.0	2.0	1.0	0.02428889767926321	0.9289396570232608	2.0	1	first_linear_segment_at_fitted_phi	0.9289396919145386	2.0	1	first_linear_segment_at_clustered_phi	1
exampleTumor1	m072	region2	clipp2_single_switch_path_mixture_v1	1	phased_unphased_two_state_positive_dosages_v1	endpoint_excess_dosage_penalty_biological_alias_mass_v1:alpha=3	5c247107561660669e1e40fa17e9c74b9ce7f23c4cacc5cd6479e760fab68aab	region_local	1	0.9999980739102389	1	0.5783395130938829	0.9999980739086477	1	1.0	1.0	1.0	0.9757111023207368	0.5783395365314601	1.0	0	first_linear_segment_at_fitted_phi	0.5783395130938829	1.0	0	first_linear_segment_at_clustered_phi	2
exampleTumor1	m072	region2	clipp2_single_switch_path_mixture_v1	1	phased_unphased_two_state_positive_dosages_v1	endpoint_excess_dosage_penalty_biological_alias_mass_v1:alpha=3	5c247107561660669e1e40fa17e9c74b9ce7f23c4cacc5cd6479e760fab68aab	region_local	2	1.9260897611080616e-06	0	0.5783395130938829	1.9260913523367795e-06	0	2.0	2.0	1.0	0.02428889767926321	1.1566790730629202	2.0	1	first_linear_segment_at_fitted_phi	1.1566790261877657	2.0	1	first_linear_segment_at_clustered_phi	1
exampleTumor1	m073	region1	clipp2_single_switch_path_mixture_v1	1	phased_unphased_two_state_positive_dosages_v1	endpoint_excess_dosage_penalty_biological_alias_mass_v1:alpha=3	5c247107561660669e1e40fa17e9c74b9ce7f23c4cacc5cd6479e760fab68aab	region_local	1	0.16153063639809617	0	0.9999999820400683	0.1615306634130798	0	2.0	1.0	0.46559310907204654	0.055039886808694184	1.4655931090720467	1.4655931090720467	1	second_linear_segment_at_fitted_phi	1.4655930911121149	1.465593117434067	1	second_linear_segment_at_clustered_phi	2
exampleTumor1	m073	region1	clipp2_single_switch_path_mixture_v1	1	phased_unphased_two_state_positive_dosages_v1	endpoint_excess_dosage_penalty_biological_alias_mass_v1:alpha=3	5c247107561660669e1e40fa17e9c74b9ce7f23c4cacc5cd6479e760fab68aab	region_local	2	0.16153063639809617	0	0.9999999820400683	0.16153067472743657	0	1.0	2.0	0.5344068909279536	0.055039886808694205	1.4655931090720464	1.4655931090720464	1	second_linear_segment_at_fitted_phi	1.4655930731521831	1.465593099474135	1	second_linear_segment_at_clustered_phi	2
exampleTumor1	m073	region1	clipp2_single_switch_path_mixture_v1	1	phased_unphased_two_state_positive_dosages_v1	endpoint_excess_dosage_penalty_biological_alias_mass_v1:alpha=3	5c247107561660669e1e40fa17e9c74b9ce7f23c4cacc5cd6479e760fab68aab	region_local	3	0.6769387272038078	1	0.9999999820400683	0.6769386618594837	1	1.0	1.0	1.0	0.8899202263826116	1.0	1.0	0	switch_boundary_at_fitted_phi	0.9999999820400683	1.0	0	first_linear_segment_at_clustered_phi	8
exampleTumor1	m073	region2	clipp2_single_switch_path_mixture_v1	1	phased_unphased_two_state_positive_dosages_v1	endpoint_excess_dosage_penalty_biological_alias_mass_v1:alpha=3	5c247107561660669e1e40fa17e9c74b9ce7f23c4cacc5cd6479e760fab68aab	region_local	1	0.499870935381138	1	0.9999999744101855	0.4998708862273219	0	1.0	2.0	0.4432498707676336	0.04300336857382123	1.5567501292323664	1.5567501292323664	1	second_linear_segment_at_fitted_phi	1.5567500780527375	1.556750117889684	1	second_linear_segment_at_clustered_phi	2
exampleTumor1	m073	region2	clipp2_single_switch_path_mixture_v1	1	phased_unphased_two_state_positive_dosages_v1	endpoint_excess_dosage_penalty_biological_alias_mass_v1:alpha=3	5c247107561660669e1e40fa17e9c74b9ce7f23c4cacc5cd6479e760fab68aab	region_local	2	0.499870935381138	0	0.9999999744101855	0.49987098467480584	1	2.0	1.0	0.5567501292323666	0.043003368573821206	1.5567501292323667	1.5567501292323667	1	second_linear_segment_at_fitted_phi	1.556750103642552	1.5567501434794992	1	second_linear_segment_at_clustered_phi	2
exampleTumor1	m073	region2	clipp2_single_switch_path_mixture_v1	1	phased_unphased_two_state_positive_dosages_v1	endpoint_excess_dosage_penalty_biological_alias_mass_v1:alpha=3	5c247107561660669e1e40fa17e9c74b9ce7f23c4cacc5cd6479e760fab68aab	region_local	3	0.00025812923772389743	0	0.9999999744101855	0.0002581290978723296	0	1.0	1.0	1.0	0.9139932628523576	1.0	1.0	0	switch_boundary_at_fitted_phi	0.9999999744101855	1.0	0	first_linear_segment_at_clustered_phi	8
exampleTumor1	m074	region1	clipp2_single_switch_path_mixture_v1	1	phased_unphased_two_state_positive_dosages_v1	endpoint_excess_dosage_penalty_biological_alias_mass_v1:alpha=3	5c247107561660669e1e40fa17e9c74b9ce7f23c4cacc5cd6479e760fab68aab	region_local	1	0.0008787495787529989	0	0.9999999820400683	0.0008787490831384782	0	1.0	1.0	1.0	0.9757111023207368	1.0	1.0	0	switch_boundary_at_fitted_phi	0.9999999820400683	1.0	0	first_linear_segment_at_clustered_phi	2
exampleTumor1	m074	region1	clipp2_single_switch_path_mixture_v1	1	phased_unphased_two_state_positive_dosages_v1	endpoint_excess_dosage_penalty_biological_alias_mass_v1:alpha=3	5c247107561660669e1e40fa17e9c74b9ce7f23c4cacc5cd6479e760fab68aab	region_local	2	0.999121250421247	1	0.9999999820400683	0.9991212509168615	1	2.0	2.0	1.0	0.02428889767926321	2.0	2.0	1	switch_boundary_at_fitted_phi	1.9999999640801367	2.0	1	first_linear_segment_at_clustered_phi	1
exampleTumor1	m074	region2	clipp2_single_switch_path_mixture_v1	1	phased_unphased_two_state_positive_dosages_v1	endpoint_excess_dosage_penalty_biological_alias_mass_v1:alpha=3	5c247107561660669e1e40fa17e9c74b9ce7f23c4cacc5cd6479e760fab68aab	region_local	1	3.2024966075250146e-06	0	0.9999999744101855	3.202498102146546e-06	0	1.0	1.0	1.0	0.9757111023207368	0.999999961286849	1.0	0	first_linear_segment_at_fitted_phi	0.9999999744101855	1.0	0	first_linear_segment_at_clustered_phi	2
exampleTumor1	m074	region2	clipp2_single_switch_path_mixture_v1	1	phased_unphased_two_state_positive_dosages_v1	endpoint_excess_dosage_penalty_biological_alias_mass_v1:alpha=3	5c247107561660669e1e40fa17e9c74b9ce7f23c4cacc5cd6479e760fab68aab	region_local	2	0.9999967975033925	1	0.9999999744101855	0.9999967975018978	1	2.0	2.0	1.0	0.02428889767926321	1.999999922573698	2.0	1	first_linear_segment_at_fitted_phi	1.999999948820371	2.0	1	first_linear_segment_at_clustered_phi	1
exampleTumor1	m075	region1	clipp2_single_switch_path_mixture_v1	1	phased_unphased_two_state_positive_dosages_v1	endpoint_excess_dosage_penalty_biological_alias_mass_v1:alpha=3	5c247107561660669e1e40fa17e9c74b9ce7f23c4cacc5cd6479e760fab68aab	region_local	1	0.00018594641430386293	0	0.4644698459572693	0.00018594644778904823	0	2.0	1.0	0.46559310907204654	0.055039886808694184	0.928939702732214	2.0	1	first_linear_segment_at_fitted_phi	0.9289396919145386	2.0	1	first_linear_segment_at_clustered_phi	2
exampleTumor1	m075	region1	clipp2_single_switch_path_mixture_v1	1	phased_unphased_two_state_positive_dosages_v1	endpoint_excess_dosage_penalty_biological_alias_mass_v1:alpha=3	5c247107561660669e1e40fa17e9c74b9ce7f23c4cacc5cd6479e760fab68aab	region_local	2	0.05823489433141614	0	0.4644698459572693	0.05823489432946538	0	1.0	2.0	0.5344068909279536	0.055039886808694205	0.464469851366107	1.0	0	first_linear_segment_at_fitted_phi	0.4644698459572693	1.0	0	first_linear_segment_at_clustered_phi	2
exampleTumor1	m075	region1	clipp2_single_switch_path_mixture_v1	1	phased_unphased_two_state_positive_dosages_v1	endpoint_excess_dosage_penalty_biological_alias_mass_v1:alpha=3	5c247107561660669e1e40fa17e9c74b9ce7f23c4cacc5cd6479e760fab68aab	region_local	3	0.94157915925428	1	0.4644698459572693	0.9415791592227456	1	1.0	1.0	1.0	0.8899202263826116	0.464469851366107	1.0	0	first_linear_segment_at_fitted_phi	0.4644698459572693	1.0	0	first_linear_segment_at_clustered_phi	8
exampleTumor1	m075	region2	clipp2_single_switch_path_mixture_v1	1	phased_unphased_two_state_positive_dosages_v1	endpoint_excess_dosage_penalty_biological_alias_mass_v1:alpha=3	5c247107561660669e1e40fa17e9c74b9ce7f23c4cacc5cd6479e760fab68aab	region_local	1	0.1133523086741059	0	0.5783395130938829	0.11335228272397174	0	1.0	2.0	0.4432498707676336	0.04300336857382123	0.7134290783934742	1.2335818489839299	1	second_linear_segment_at_fitted_phi	0.7134291554201322	1.2335819000219685	1	second_linear_segment_at_clustered_phi	2
exampleTumor1	m075	region2	clipp2_single_switch_path_mixture_v1	1	phased_unphased_two_state_positive_dosages_v1	endpoint_excess_dosage_penalty_biological_alias_mass_v1:alpha=3	5c247107561660669e1e40fa17e9c74b9ce7f23c4cacc5cd6479e760fab68aab	region_local	2	0.004878190502483734	0	0.5783395130938829	0.004878185285940439	0	2.0	1.0	0.5567501292323666	0.043003368573821206	1.1350896038129203	1.962670116260272	1	second_linear_segment_at_fitted_phi	1.1350896423262493	1.9626700521532379	1	second_linear_segment_at_clustered_phi	2
exampleTumor1	m075	region2	clipp2_single_switch_path_mixture_v1	1	phased_unphased_two_state_positive_dosages_v1	endpoint_excess_dosage_penalty_biological_alias_mass_v1:alpha=3	5c247107561660669e1e40fa17e9c74b9ce7f23c4cacc5cd6479e760fab68aab	region_local	3	0.8817695008234104	1	0.5783395130938829	0.8817695319900879	1	1.0	1.0	1.0	0.9139932628523576	0.5783394745805539	1.0	0	first_linear_segment_at_fitted_phi	0.5783395130938829	1.0	0	first_linear_segment_at_clustered_phi	8
exampleTumor1	m076	region1	clipp2_single_switch_path_mixture_v1	1	phased_unphased_two_state_positive_dosages_v1	endpoint_excess_dosage_penalty_biological_alias_mass_v1:alpha=3	5c247107561660669e1e40fa17e9c74b9ce7f23c4cacc5cd6479e760fab68aab	region_local	1	0.006826738652887276	0	0.4644698459572693	0.0068267329503643075	0	2.0	1.0	0.46559310907204654	0.055039886808694184	0.9289396408192707	2.0	1	first_linear_segment_at_fitted_phi	0.9289396919145386	2.0	1	first_linear_segment_at_clustered_phi	2
exampleTumor1	m076	region1	clipp2_single_switch_path_mixture_v1	1	phased_unphased_two_state_positive_dosages_v1	endpoint_excess_dosage_penalty_biological_alias_mass_v1:alpha=3	5c247107561660669e1e40fa17e9c74b9ce7f23c4cacc5cd6479e760fab68aab	region_local	2	0.0578480965734688	0	0.4644698459572693	0.05784809690561678	0	1.0	2.0	0.5344068909279536	0.055039886808694205	0.46446982040963536	1.0	0	first_linear_segment_at_fitted_phi	0.4644698459572693	1.0	0	first_linear_segment_at_clustered_phi	2
exampleTumor1	m076	region1	clipp2_single_switch_path_mixture_v1	1	phased_unphased_two_state_positive_dosages_v1	endpoint_excess_dosage_penalty_biological_alias_mass_v1:alpha=3	5c247107561660669e1e40fa17e9c74b9ce7f23c4cacc5cd6479e760fab68aab	region_local	3	0.9353251647736439	1	0.4644698459572693	0.935325170144019	1	1.0	1.0	1.0	0.8899202263826116	0.46446982040963536	1.0	0	first_linear_segment_at_fitted_phi	0.4644698459572693	1.0	0	first_linear_segment_at_clustered_phi	8
exampleTumor1	m076	region2	clipp2_single_switch_path_mixture_v1	1	phased_unphased_two_state_positive_dosages_v1	endpoint_excess_dosage_penalty_biological_alias_mass_v1:alpha=3	5c247107561660669e1e40fa17e9c74b9ce7f23c4cacc5cd6479e760fab68aab	region_local	1	0.0660888262887264	0	0.5783395130938829	0.06608881530167914	0	1.0	2.0	0.4432498707676336	0.04300336857382123	0.7134291166953353	1.233581874362831	1	second_linear_segment_at_fitted_phi	0.7134291554201322	1.2335819000219685	1	second_linear_segment_at_clustered_phi	2
exampleTumor1	m076	region2	clipp2_single_switch_path_mixture_v1	1	phased_unphased_two_state_positive_dosages_v1	endpoint_excess_dosage_penalty_biological_alias_mass_v1:alpha=3	5c247107561660669e1e40fa17e9c74b9ce7f23c4cacc5cd6479e760fab68aab	region_local	2	0.0010363911922630753	0	0.5783395130938829	0.0010363907061155951	0	2.0	1.0	0.5567501292323666	0.043003368573821206	1.135089622963851	1.9626700843827527	1	second_linear_segment_at_fitted_phi	1.1350896423262493	1.9626700521532379	1	second_linear_segment_at_clustered_phi	2
exampleTumor1	m076	region2	clipp2_single_switch_path_mixture_v1	1	phased_unphased_two_state_positive_dosages_v1	endpoint_excess_dosage_penalty_biological_alias_mass_v1:alpha=3	5c247107561660669e1e40fa17e9c74b9ce7f23c4cacc5cd6479e760fab68aab	region_local	3	0.9328747825190105	1	0.5783395130938829	0.9328747939922053	1	1.0	1.0	1.0	0.9139932628523576	0.5783394937314844	1.0	0	first_linear_segment_at_fitted_phi	0.5783395130938829	1.0	0	first_linear_segment_at_clustered_phi	8
exampleTumor1	m077	region1	clipp2_single_switch_path_mixture_v1	1	phased_unphased_two_state_positive_dosages_v1	endpoint_excess_dosage_penalty_biological_alias_mass_v1:alpha=3	5c247107561660669e1e40fa17e9c74b9ce7f23c4cacc5cd6479e760fab68aab	region_local	1	0.9999992042472627	1	0.9999999820400683	0.9999992042477999	1	1.0	1.0	1.0	0.9757111023207368	0.9999999638944874	1.0	0	first_linear_segment_at_fitted_phi	0.9999999820400683	1.0	0	first_linear_segment_at_clustered_phi	2
exampleTumor1	m077	region1	clipp2_single_switch_path_mixture_v1	1	phased_unphased_two_state_positive_dosages_v1	endpoint_excess_dosage_penalty_biological_alias_mass_v1:alpha=3	5c247107561660669e1e40fa17e9c74b9ce7f23c4cacc5cd6479e760fab68aab	region_local	2	7.95752737163036e-07	0	0.9999999820400683	7.957522001167145e-07	0	2.0	2.0	1.0	0.02428889767926321	1.9999999277889748	2.0	1	first_linear_segment_at_fitted_phi	1.9999999640801367	2.0	1	first_linear_segment_at_clustered_phi	1
exampleTumor1	m077	region2	clipp2_single_switch_path_mixture_v1	1	phased_unphased_two_state_positive_dosages_v1	endpoint_excess_dosage_penalty_biological_alias_mass_v1:alpha=3	5c247107561660669e1e40fa17e9c74b9ce7f23c4cacc5cd6479e760fab68aab	region_local	1	0.9999999965962598	1	0.9999999744101855	0.9999999965962623	1	1.0	1.0	1.0	0.9757111023207368	0.9999999612842402	1.0	0	first_linear_segment_at_fitted_phi	0.9999999744101855	1.0	0	first_linear_segment_at_clustered_phi	2
exampleTumor1	m077	region2	clipp2_single_switch_path_mixture_v1	1	phased_unphased_two_state_positive_dosages_v1	endpoint_excess_dosage_penalty_biological_alias_mass_v1:alpha=3	5c247107561660669e1e40fa17e9c74b9ce7f23c4cacc5cd6479e760fab68aab	region_local	2	3.4037401818234457e-09	0	0.9999999744101855	3.4037376850390702e-09	0	2.0	2.0	1.0	0.02428889767926321	1.9999999225684804	2.0	1	first_linear_segment_at_fitted_phi	1.999999948820371	2.0	1	first_linear_segment_at_clustered_phi	1
exampleTumor1	m078	region1	clipp2_single_switch_path_mixture_v1	1	phased_unphased_two_state_positive_dosages_v1	endpoint_excess_dosage_penalty_biological_alias_mass_v1:alpha=3	5c247107561660669e1e40fa17e9c74b9ce7f23c4cacc5cd6479e760fab68aab	region_local	1	0.9999999935732768	1	0.9999999820400683	0.9999999935732723	1	1.0	1.0	1.0	0.9757111023207368	1.0	1.0	0	switch_boundary_at_fitted_phi	0.9999999820400683	1.0	0	first_linear_segment_at_clustered_phi	2
exampleTumor1	m078	region1	clipp2_single_switch_path_mixture_v1	1	phased_unphased_two_state_positive_dosages_v1	endpoint_excess_dosage_penalty_biological_alias_mass_v1:alpha=3	5c247107561660669e1e40fa17e9c74b9ce7f23c4cacc5cd6479e760fab68aab	region_local	2	6.426723099114826e-09	0	0.9999999820400683	6.426727754868884e-09	0	2.0	2.0	1.0	0.02428889767926321	2.0	2.0	1	switch_boundary_at_fitted_phi	1.9999999640801367	2.0	1	first_linear_segment_at_clustered_phi	1
exampleTumor1	m078	region2	clipp2_single_switch_path_mixture_v1	1	phased_unphased_two_state_positive_dosages_v1	endpoint_excess_dosage_penalty_biological_alias_mass_v1:alpha=3	5c247107561660669e1e40fa17e9c74b9ce7f23c4cacc5cd6479e760fab68aab	region_local	1	0.9999999999971887	1	0.9999999744101855	0.9999999999971887	1	1.0	1.0	1.0	0.9757111023207368	1.0	1.0	0	switch_boundary_at_fitted_phi	0.9999999744101855	1.0	0	first_linear_segment_at_clustered_phi	2
exampleTumor1	m078	region2	clipp2_single_switch_path_mixture_v1	1	phased_unphased_two_state_positive_dosages_v1	endpoint_excess_dosage_penalty_biological_alias_mass_v1:alpha=3	5c247107561660669e1e40fa17e9c74b9ce7f23c4cacc5cd6479e760fab68aab	region_local	2	2.8113981839041825e-12	0	0.9999999744101855	2.8114023088704507e-12	0	2.0	2.0	1.0	0.02428889767926321	2.0	2.0	1	switch_boundary_at_fitted_phi	1.999999948820371	2.0	1	first_linear_segment_at_clustered_phi	1
exampleTumor1	m079	region1	clipp2_single_switch_path_mixture_v1	1	phased_unphased_two_state_positive_dosages_v1	endpoint_excess_dosage_penalty_biological_alias_mass_v1:alpha=3	5c247107561660669e1e40fa17e9c74b9ce7f23c4cacc5cd6479e760fab68aab	region_local	1	0.9999999737176613	1	0.9999999820400683	0.9999999737176413	1	1.0	1.0	1.0	0.9757111023207368	1.0	1.0	0	switch_boundary_at_fitted_phi	0.9999999820400683	1.0	0	first_linear_segment_at_clustered_phi	2
exampleTumor1	m079	region1	clipp2_single_switch_path_mixture_v1	1	phased_unphased_two_state_positive_dosages_v1	endpoint_excess_dosage_penalty_biological_alias_mass_v1:alpha=3	5c247107561660669e1e40fa17e9c74b9ce7f23c4cacc5cd6479e760fab68aab	region_local	2	2.628233879115068e-08	0	0.9999999820400683	2.628235882012668e-08	0	2.0	2.0	1.0	0.02428889767926321	2.0	2.0	1	switch_boundary_at_fitted_phi	1.9999999640801367	2.0	1	first_linear_segment_at_clustered_phi	1
exampleTumor1	m079	region2	clipp2_single_switch_path_mixture_v1	1	phased_unphased_two_state_positive_dosages_v1	endpoint_excess_dosage_penalty_biological_alias_mass_v1:alpha=3	5c247107561660669e1e40fa17e9c74b9ce7f23c4cacc5cd6479e760fab68aab	region_local	1	0.9999999999100353	1	0.9999999744101855	0.9999999999100351	1	1.0	1.0	1.0	0.9757111023207368	1.0	1.0	0	switch_boundary_at_fitted_phi	0.9999999744101855	1.0	0	first_linear_segment_at_clustered_phi	2
exampleTumor1	m079	region2	clipp2_single_switch_path_mixture_v1	1	phased_unphased_two_state_positive_dosages_v1	endpoint_excess_dosage_penalty_biological_alias_mass_v1:alpha=3	5c247107561660669e1e40fa17e9c74b9ce7f23c4cacc5cd6479e760fab68aab	region_local	2	8.996474187709332e-11	0	0.9999999744101855	8.996487387601387e-11	0	2.0	2.0	1.0	0.02428889767926321	2.0	2.0	1	switch_boundary_at_fitted_phi	1.999999948820371	2.0	1	first_linear_segment_at_clustered_phi	1
exampleTumor1	m080	region1	clipp2_single_switch_path_mixture_v1	1	phased_unphased_two_state_positive_dosages_v1	endpoint_excess_dosage_penalty_biological_alias_mass_v1:alpha=3	5c247107561660669e1e40fa17e9c74b9ce7f23c4cacc5cd6479e760fab68aab	region_local	1	0.9996122792966511	1	0.4644698459572693	0.9996122793605133	1	1.0	1.0	1.0	0.9757111023207368	0.46446984079553955	1.0	0	first_linear_segment_at_fitted_phi	0.4644698459572693	1.0	0	first_linear_segment_at_clustered_phi	2
exampleTumor1	m080	region1	clipp2_single_switch_path_mixture_v1	1	phased_unphased_two_state_positive_dosages_v1	endpoint_excess_dosage_penalty_biological_alias_mass_v1:alpha=3	5c247107561660669e1e40fa17e9c74b9ce7f23c4cacc5cd6479e760fab68aab	region_local	2	0.0003877207033489573	0	0.4644698459572693	0.0003877206394866563	0	2.0	2.0	1.0	0.02428889767926321	0.9289396815910791	2.0	1	first_linear_segment_at_fitted_phi	0.9289396919145386	2.0	1	first_linear_segment_at_clustered_phi	1
exampleTumor1	m080	region2	clipp2_single_switch_path_mixture_v1	1	phased_unphased_two_state_positive_dosages_v1	endpoint_excess_dosage_penalty_biological_alias_mass_v1:alpha=3	5c247107561660669e1e40fa17e9c74b9ce7f23c4cacc5cd6479e760fab68aab	region_local	1	0.9997605775163534	1	0.5783395130938829	0.9997605774335909	1	1.0	1.0	1.0	0.9757111023207368	0.5783395238308543	1.0	0	first_linear_segment_at_fitted_phi	0.5783395130938829	1.0	0	first_linear_segment_at_clustered_phi	2
exampleTumor1	m080	region2	clipp2_single_switch_path_mixture_v1	1	phased_unphased_two_state_positive_dosages_v1	endpoint_excess_dosage_penalty_biological_alias_mass_v1:alpha=3	5c247107561660669e1e40fa17e9c74b9ce7f23c4cacc5cd6479e760fab68aab	region_local	2	0.00023942248364660103	0	0.5783395130938829	0.00023942256640908978	0	2.0	2.0	1.0	0.02428889767926321	1.1566790476617086	2.0	1	first_linear_segment_at_fitted_phi	1.1566790261877657	2.0	1	first_linear_segment_at_clustered_phi	1
exampleTumor1	m081	region1	clipp2_single_switch_path_mixture_v1	1	phased_unphased_two_state_positive_dosages_v1	endpoint_excess_dosage_penalty_biological_alias_mass_v1:alpha=3	5c247107561660669e1e40fa17e9c74b9ce7f23c4cacc5cd6479e760fab68aab	region_local	1	0.9999928038428321	1	0.4644698459572693	0.9999928038349429	1	1.0	1.0	1.0	0.9757111023207368	0.46446988285678875	1.0	0	first_linear_segment_at_fitted_phi	0.4644698459572693	1.0	0	first_linear_segment_at_clustered_phi	2
exampleTumor1	m081	region1	clipp2_single_switch_path_mixture_v1	1	phased_unphased_two_state_positive_dosages_v1	endpoint_excess_dosage_penalty_biological_alias_mass_v1:alpha=3	5c247107561660669e1e40fa17e9c74b9ce7f23c4cacc5cd6479e760fab68aab	region_local	2	7.196157167992946e-06	0	0.4644698459572693	7.1961650570246084e-06	0	2.0	2.0	1.0	0.02428889767926321	0.9289397657135775	2.0	1	first_linear_segment_at_fitted_phi	0.9289396919145386	2.0	1	first_linear_segment_at_clustered_phi	1
exampleTumor1	m081	region2	clipp2_single_switch_path_mixture_v1	1	phased_unphased_two_state_positive_dosages_v1	endpoint_excess_dosage_penalty_biological_alias_mass_v1:alpha=3	5c247107561660669e1e40fa17e9c74b9ce7f23c4cacc5cd6479e760fab68aab	region_local	1	0.9999886461192843	1	0.5783395130938829	0.9999886461121393	1	1.0	1.0	1.0	0.9757111023207368	0.5783395313990516	1.0	0	first_linear_segment_at_fitted_phi	0.5783395130938829	1.0	0	first_linear_segment_at_clustered_phi	2
exampleTumor1	m081	region2	clipp2_single_switch_path_mixture_v1	1	phased_unphased_two_state_positive_dosages_v1	endpoint_excess_dosage_penalty_biological_alias_mass_v1:alpha=3	5c247107561660669e1e40fa17e9c74b9ce7f23c4cacc5cd6479e760fab68aab	region_local	2	1.1353880715716911e-05	0	0.5783395130938829	1.1353887860669745e-05	0	2.0	2.0	1.0	0.02428889767926321	1.1566790627981032	2.0	1	first_linear_segment_at_fitted_phi	1.1566790261877657	2.0	1	first_linear_segment_at_clustered_phi	1
exampleTumor1	m082	region1	clipp2_single_switch_path_mixture_v1	1	phased_unphased_two_state_positive_dosages_v1	endpoint_excess_dosage_penalty_biological_alias_mass_v1:alpha=3	5c247107561660669e1e40fa17e9c74b9ce7f23c4cacc5cd6479e760fab68aab	region_local	1	0.996427020249784	1	0.4644698459572693	0.9964270206386284	1	1.0	1.0	1.0	0.9757111023207368	0.4644698417939069	1.0	0	first_linear_segment_at_fitted_phi	0.4644698459572693	1.0	0	first_linear_segment_at_clustered_phi	2
exampleTumor1	m082	region1	clipp2_single_switch_path_mixture_v1	1	phased_unphased_two_state_positive_dosages_v1	endpoint_excess_dosage_penalty_biological_alias_mass_v1:alpha=3	5c247107561660669e1e40fa17e9c74b9ce7f23c4cacc5cd6479e760fab68aab	region_local	2	0.003572979750215873	0	0.4644698459572693	0.0035729793613716075	0	2.0	2.0	1.0	0.02428889767926321	0.9289396835878138	2.0	1	first_linear_segment_at_fitted_phi	0.9289396919145386	2.0	1	first_linear_segment_at_clustered_phi	1
exampleTumor1	m082	region2	clipp2_single_switch_path_mixture_v1	1	phased_unphased_two_state_positive_dosages_v1	endpoint_excess_dosage_penalty_biological_alias_mass_v1:alpha=3	5c247107561660669e1e40fa17e9c74b9ce7f23c4cacc5cd6479e760fab68aab	region_local	1	0.9999999879022419	1	0.5783395130938829	0.9999999879022275	1	1.0	1.0	1.0	0.9757111023207368	0.5783395402646901	1.0	0	first_linear_segment_at_fitted_phi	0.5783395130938829	1.0	0	first_linear_segment_at_clustered_phi	2
exampleTumor1	m082	region2	clipp2_single_switch_path_mixture_v1	1	phased_unphased_two_state_positive_dosages_v1	endpoint_excess_dosage_penalty_biological_alias_mass_v1:alpha=3	5c247107561660669e1e40fa17e9c74b9ce7f23c4cacc5cd6479e760fab68aab	region_local	2	1.2097758097483185e-08	0	0.5783395130938829	1.2097772401786112e-08	0	2.0	2.0	1.0	0.02428889767926321	1.1566790805293803	2.0	1	first_linear_segment_at_fitted_phi	1.1566790261877657	2.0	1	first_linear_segment_at_clustered_phi	1
exampleTumor1	m083	region1	clipp2_single_switch_path_mixture_v1	1	phased_unphased_two_state_positive_dosages_v1	endpoint_excess_dosage_penalty_biological_alias_mass_v1:alpha=3	5c247107561660669e1e40fa17e9c74b9ce7f23c4cacc5cd6479e760fab68aab	region_local	1	0.9999999497119126	1	0.9999999820400683	0.999999949711878	1	1.0	1.0	1.0	0.9757111023207368	1.0	1.0	0	switch_boundary_at_fitted_phi	0.9999999820400683	1.0	0	first_linear_segment_at_clustered_phi	2
exampleTumor1	m083	region1	clipp2_single_switch_path_mixture_v1	1	phased_unphased_two_state_positive_dosages_v1	endpoint_excess_dosage_penalty_biological_alias_mass_v1:alpha=3	5c247107561660669e1e40fa17e9c74b9ce7f23c4cacc5cd6479e760fab68aab	region_local	2	5.028808735991471e-08	0	0.9999999820400683	5.028812189795295e-08	0	2.0	2.0	1.0	0.02428889767926321	2.0	2.0	1	switch_boundary_at_fitted_phi	1.9999999640801367	2.0	1	first_linear_segment_at_clustered_phi	1
exampleTumor1	m083	region2	clipp2_single_switch_path_mixture_v1	1	phased_unphased_two_state_positive_dosages_v1	endpoint_excess_dosage_penalty_biological_alias_mass_v1:alpha=3	5c247107561660669e1e40fa17e9c74b9ce7f23c4cacc5cd6479e760fab68aab	region_local	1	0.9992801290081734	1	0.9999999744101855	0.9992801281664812	1	1.0	1.0	1.0	0.9757111023207368	1.0	1.0	0	switch_boundary_at_fitted_phi	0.9999999744101855	1.0	0	first_linear_segment_at_clustered_phi	2
exampleTumor1	m083	region2	clipp2_single_switch_path_mixture_v1	1	phased_unphased_two_state_positive_dosages_v1	endpoint_excess_dosage_penalty_biological_alias_mass_v1:alpha=3	5c247107561660669e1e40fa17e9c74b9ce7f23c4cacc5cd6479e760fab68aab	region_local	2	0.0007198709918266265	0	0.9999999744101855	0.0007198718335189499	0	2.0	2.0	1.0	0.02428889767926321	2.0	2.0	1	switch_boundary_at_fitted_phi	1.999999948820371	2.0	1	first_linear_segment_at_clustered_phi	1
exampleTumor1	m084	region1	clipp2_single_switch_path_mixture_v1	1	phased_unphased_two_state_positive_dosages_v1	endpoint_excess_dosage_penalty_biological_alias_mass_v1:alpha=3	5c247107561660669e1e40fa17e9c74b9ce7f23c4cacc5cd6479e760fab68aab	region_local	1	0.18790810905940936	0	0.9999999820400683	0.18790812334502213	0	2.0	1.0	0.18979727272857988	0.1102685636923483	1.1897972727285797	1.1897972727285797	1	second_linear_segment_at_fitted_phi	1.1897972547686484	1.189797276137326	1	second_linear_segment_at_clustered_phi	2
exampleTumor1	m084	region1	clipp2_single_switch_path_mixture_v1	1	phased_unphased_two_state_positive_dosages_v1	endpoint_excess_dosage_penalty_biological_alias_mass_v1:alpha=3	5c247107561660669e1e40fa17e9c74b9ce7f23c4cacc5cd6479e760fab68aab	region_local	2	0.18790810905940936	0	0.9999999820400683	0.18790812054429865	0	1.0	2.0	0.8102027272714202	0.1102685636923483	1.1897972727285797	1.1897972727285797	1	second_linear_segment_at_fitted_phi	1.1897972368087166	1.1897972581773941	1	second_linear_segment_at_clustered_phi	2
exampleTumor1	m084	region1	clipp2_single_switch_path_mixture_v1	1	phased_unphased_two_state_positive_dosages_v1	endpoint_excess_dosage_penalty_biological_alias_mass_v1:alpha=3	5c247107561660669e1e40fa17e9c74b9ce7f23c4cacc5cd6479e760fab68aab	region_local	3	0.6241837818811814	1	0.9999999820400683	0.6241837561106792	1	1.0	1.0	1.0	0.7794628726153034	1.0	1.0	0	switch_boundary_at_fitted_phi	0.9999999820400683	1.0	0	first_linear_segment_at_clustered_phi	8
exampleTumor1	m084	region2	clipp2_single_switch_path_mixture_v1	1	phased_unphased_two_state_positive_dosages_v1	endpoint_excess_dosage_penalty_biological_alias_mass_v1:alpha=3	5c247107561660669e1e40fa17e9c74b9ce7f23c4cacc5cd6479e760fab68aab	region_local	1	0.005779288398244337	0	0.9999999744101855	0.0057792873293501575	0	2.0	1.0	0.320738881115505	0.08019266527581756	1.3207388424003983	1.3207388935329454	1	second_linear_segment_at_fitted_phi	1.3207388555256907	1.320738889323154	1	second_linear_segment_at_clustered_phi	2
exampleTumor1	m084	region2	clipp2_single_switch_path_mixture_v1	1	phased_unphased_two_state_positive_dosages_v1	endpoint_excess_dosage_penalty_biological_alias_mass_v1:alpha=3	5c247107561660669e1e40fa17e9c74b9ce7f23c4cacc5cd6479e760fab68aab	region_local	2	0.005779291902651445	0	0.9999999744101855	0.005779289645684001	0	1.0	2.0	0.6792611188844951	0.08019266527581756	1.3207388036852916	1.3207388548178374	1	second_linear_segment_at_fitted_phi	1.320738829935876	1.3207388637333386	1	second_linear_segment_at_clustered_phi	2
exampleTumor1	m084	region2	clipp2_single_switch_path_mixture_v1	1	phased_unphased_two_state_positive_dosages_v1	endpoint_excess_dosage_penalty_biological_alias_mass_v1:alpha=3	5c247107561660669e1e40fa17e9c74b9ce7f23c4cacc5cd6479e760fab68aab	region_local	3	0.9884414196991043	1	0.9999999744101855	0.9884414230249657	1	1.0	1.0	1.0	0.8396146694483648	0.9999999612848933	1.0	0	first_linear_segment_at_fitted_phi	0.9999999744101855	1.0	0	first_linear_segment_at_clustered_phi	8
exampleTumor1	m085	region1	clipp2_single_switch_path_mixture_v1	1	phased_unphased_two_state_positive_dosages_v1	endpoint_excess_dosage_penalty_biological_alias_mass_v1:alpha=3	5c247107561660669e1e40fa17e9c74b9ce7f23c4cacc5cd6479e760fab68aab	region_local	1	0.2790856245475452	0	0.9999999820400683	0.2790855926089818	0	2.0	1.0	0.46559310907204654	0.055039886808694184	1.46559307297031	1.465593125880767	1	second_linear_segment_at_fitted_phi	1.4655930911121149	1.465593117434067	1	second_linear_segment_at_clustered_phi	2
exampleTumor1	m085	region1	clipp2_single_switch_path_mixture_v1	1	phased_unphased_two_state_positive_dosages_v1	endpoint_excess_dosage_penalty_biological_alias_mass_v1:alpha=3	5c247107561660669e1e40fa17e9c74b9ce7f23c4cacc5cd6479e760fab68aab	region_local	2	0.2790856473131338	0	0.9999999820400683	0.2790856039344315	0	1.0	2.0	0.5344068909279536	0.055039886808694205	1.465593036868573	1.4655930897790288	1	second_linear_segment_at_fitted_phi	1.4655930731521831	1.465593099474135	1	second_linear_segment_at_clustered_phi	2
exampleTumor1	m085	region1	clipp2_single_switch_path_mixture_v1	1	phased_unphased_two_state_positive_dosages_v1	endpoint_excess_dosage_penalty_biological_alias_mass_v1:alpha=3	5c247107561660669e1e40fa17e9c74b9ce7f23c4cacc5cd6479e760fab68aab	region_local	3	0.44182872813932106	1	0.9999999820400683	0.44182880345658676	1	1.0	1.0	1.0	0.8899202263826116	0.9999999638982633	1.0	0	first_linear_segment_at_fitted_phi	0.9999999820400683	1.0	0	first_linear_segment_at_clustered_phi	8
exampleTumor1	m085	region2	clipp2_single_switch_path_mixture_v1	1	phased_unphased_two_state_positive_dosages_v1	endpoint_excess_dosage_penalty_biological_alias_mass_v1:alpha=3	5c247107561660669e1e40fa17e9c74b9ce7f23c4cacc5cd6479e760fab68aab	region_local	1	0.4601032746473329	1	0.9999999744101855	0.46010325769342053	1	1.0	2.0	0.4432498707676336	0.04300336857382123	1.5567500518040391	1.5567501120723175	1	second_linear_segment_at_fitted_phi	1.5567500780527375	1.556750117889684	1	second_linear_segment_at_clustered_phi	2
exampleTumor1	m085	region2	clipp2_single_switch_path_mixture_v1	1	phased_unphased_two_state_positive_dosages_v1	endpoint_excess_dosage_penalty_biological_alias_mass_v1:alpha=3	5c247107561660669e1e40fa17e9c74b9ce7f23c4cacc5cd6479e760fab68aab	region_local	2	0.4601032417090925	0	0.9999999744101855	0.46010323592144586	0	2.0	1.0	0.5567501292323666	0.043003368573821206	1.556750090518203	1.556750150786483	1	second_linear_segment_at_fitted_phi	1.556750103642552	1.5567501434794992	1	second_linear_segment_at_clustered_phi	2
exampleTumor1	m085	region2	clipp2_single_switch_path_mixture_v1	1	phased_unphased_two_state_positive_dosages_v1	endpoint_excess_dosage_penalty_biological_alias_mass_v1:alpha=3	5c247107561660669e1e40fa17e9c74b9ce7f23c4cacc5cd6479e760fab68aab	region_local	3	0.07979348364357443	0	0.9999999744101855	0.07979350638513355	0	1.0	1.0	1.0	0.9139932628523576	0.9999999612858365	1.0	0	first_linear_segment_at_fitted_phi	0.9999999744101855	1.0	0	first_linear_segment_at_clustered_phi	8
exampleTumor1	m086	region1	clipp2_single_switch_path_mixture_v1	1	phased_unphased_two_state_positive_dosages_v1	endpoint_excess_dosage_penalty_biological_alias_mass_v1:alpha=3	5c247107561660669e1e40fa17e9c74b9ce7f23c4cacc5cd6479e760fab68aab	region_local	1	0.9998249884059436	1	0.4644698459572693	0.9998249883126872	1	1.0	1.0	1.0	0.9757111023207368	0.46446986579497934	1.0	0	first_linear_segment_at_fitted_phi	0.4644698459572693	1.0	0	first_linear_segment_at_clustered_phi	2
exampleTumor1	m086	region1	clipp2_single_switch_path_mixture_v1	1	phased_unphased_two_state_positive_dosages_v1	endpoint_excess_dosage_penalty_biological_alias_mass_v1:alpha=3	5c247107561660669e1e40fa17e9c74b9ce7f23c4cacc5cd6479e760fab68aab	region_local	2	0.00017501159405640924	0	0.4644698459572693	0.0001750116873128354	0	2.0	2.0	1.0	0.02428889767926321	0.9289397315899587	2.0	1	first_linear_segment_at_fitted_phi	0.9289396919145386	2.0	1	first_linear_segment_at_clustered_phi	1
exampleTumor1	m086	region2	clipp2_single_switch_path_mixture_v1	1	phased_unphased_two_state_positive_dosages_v1	endpoint_excess_dosage_penalty_biological_alias_mass_v1:alpha=3	5c247107561660669e1e40fa17e9c74b9ce7f23c4cacc5cd6479e760fab68aab	region_local	1	0.9937269283211945	1	0.5783395130938829	0.9937269290399363	1	1.0	1.0	1.0	0.9757111023207368	0.5783395095611941	1.0	0	first_linear_segment_at_fitted_phi	0.5783395130938829	1.0	0	first_linear_segment_at_clustered_phi	2
exampleTumor1	m086	region2	clipp2_single_switch_path_mixture_v1	1	phased_unphased_two_state_positive_dosages_v1	endpoint_excess_dosage_penalty_biological_alias_mass_v1:alpha=3	5c247107561660669e1e40fa17e9c74b9ce7f23c4cacc5cd6479e760fab68aab	region_local	2	0.006273071678805558	0	0.5783395130938829	0.006273070960063696	0	2.0	2.0	1.0	0.02428889767926321	1.1566790191223881	2.0	1	first_linear_segment_at_fitted_phi	1.1566790261877657	2.0	1	first_linear_segment_at_clustered_phi	1
exampleTumor1	m087	region1	clipp2_single_switch_path_mixture_v1	1	phased_unphased_two_state_positive_dosages_v1	endpoint_excess_dosage_penalty_biological_alias_mass_v1:alpha=3	5c247107561660669e1e40fa17e9c74b9ce7f23c4cacc5cd6479e760fab68aab	region_local	1	0.028011561024386466	0	0.9999999820400683	0.028011567166745653	0	2.0	1.0	0.46559310907204654	0.055039886808694184	1.4655931090720467	1.4655931090720467	1	second_linear_segment_at_fitted_phi	1.4655930911121149	1.465593117434067	1	second_linear_segment_at_clustered_phi	2
exampleTumor1	m087	region1	clipp2_single_switch_path_mixture_v1	1	phased_unphased_two_state_positive_dosages_v1	endpoint_excess_dosage_penalty_biological_alias_mass_v1:alpha=3	5c247107561660669e1e40fa17e9c74b9ce7f23c4cacc5cd6479e760fab68aab	region_local	2	0.028011561024386664	0	0.9999999820400683	0.028011571049586036	0	1.0	2.0	0.5344068909279536	0.055039886808694205	1.4655931090720464	1.4655931090720464	1	second_linear_segment_at_fitted_phi	1.4655930731521831	1.465593099474135	1	second_linear_segment_at_clustered_phi	2
exampleTumor1	m087	region1	clipp2_single_switch_path_mixture_v1	1	phased_unphased_two_state_positive_dosages_v1	endpoint_excess_dosage_penalty_biological_alias_mass_v1:alpha=3	5c247107561660669e1e40fa17e9c74b9ce7f23c4cacc5cd6479e760fab68aab	region_local	3	0.9439768779512268	1	0.9999999820400683	0.9439768617836684	1	1.0	1.0	1.0	0.8899202263826116	1.0	1.0	0	switch_boundary_at_fitted_phi	0.9999999820400683	1.0	0	first_linear_segment_at_clustered_phi	8
exampleTumor1	m087	region2	clipp2_single_switch_path_mixture_v1	1	phased_unphased_two_state_positive_dosages_v1	endpoint_excess_dosage_penalty_biological_alias_mass_v1:alpha=3	5c247107561660669e1e40fa17e9c74b9ce7f23c4cacc5cd6479e760fab68aab	region_local	1	0.40090098486094977	1	0.9999999744101855	0.400900948089829	1	1.0	2.0	0.4432498707676336	0.04300336857382123	1.556750051804184	1.5567501120723497	1	second_linear_segment_at_fitted_phi	1.5567500780527375	1.556750117889684	1	second_linear_segment_at_clustered_phi	2
exampleTumor1	m087	region2	clipp2_single_switch_path_mixture_v1	1	phased_unphased_two_state_positive_dosages_v1	endpoint_excess_dosage_penalty_biological_alias_mass_v1:alpha=3	5c247107561660669e1e40fa17e9c74b9ce7f23c4cacc5cd6479e760fab68aab	region_local	2	0.40090092277726697	0	0.9999999744101855	0.4009009070528333	0	2.0	1.0	0.5567501292323666	0.043003368573821206	1.5567500905182754	1.5567501507864427	1	second_linear_segment_at_fitted_phi	1.556750103642552	1.5567501434794992	1	second_linear_segment_at_clustered_phi	2
exampleTumor1	m087	region2	clipp2_single_switch_path_mixture_v1	1	phased_unphased_two_state_positive_dosages_v1	endpoint_excess_dosage_penalty_biological_alias_mass_v1:alpha=3	5c247107561660669e1e40fa17e9c74b9ce7f23c4cacc5cd6479e760fab68aab	region_local	3	0.19819809236178337	0	0.9999999744101855	0.19819814485733764	0	1.0	1.0	1.0	0.9139932628523576	0.9999999612859088	1.0	0	first_linear_segment_at_fitted_phi	0.9999999744101855	1.0	0	first_linear_segment_at_clustered_phi	8
exampleTumor1	m088	region1	clipp2_single_switch_path_mixture_v1	1	phased_unphased_two_state_positive_dosages_v1	endpoint_excess_dosage_penalty_biological_alias_mass_v1:alpha=3	5c247107561660669e1e40fa17e9c74b9ce7f23c4cacc5cd6479e760fab68aab	region_local	1	0.031201840324806992	0	0.20466086196598293	0.031201885882662705	0	2.0	1.0	0.46559310907204654	0.055039886808694184	0.40932184355208107	2.0	1	first_linear_segment_at_fitted_phi	0.40932172393196586	2.0	1	first_linear_segment_at_clustered_phi	2
exampleTumor1	m088	region1	clipp2_single_switch_path_mixture_v1	1	phased_unphased_two_state_positive_dosages_v1	endpoint_excess_dosage_penalty_biological_alias_mass_v1:alpha=3	5c247107561660669e1e40fa17e9c74b9ce7f23c4cacc5cd6479e760fab68aab	region_local	2	0.05642835110670828	0	0.20466086196598293	0.05642834845315795	0	1.0	2.0	0.5344068909279536	0.055039886808694205	0.20466092177604053	1.0	0	first_linear_segment_at_fitted_phi	0.20466086196598293	1.0	0	first_linear_segment_at_clustered_phi	2
exampleTumor1	m088	region1	clipp2_single_switch_path_mixture_v1	1	phased_unphased_two_state_positive_dosages_v1	endpoint_excess_dosage_penalty_biological_alias_mass_v1:alpha=3	5c247107561660669e1e40fa17e9c74b9ce7f23c4cacc5cd6479e760fab68aab	region_local	3	0.9123698085684847	1	0.20466086196598293	0.9123697656641794	1	1.0	1.0	1.0	0.8899202263826116	0.20466092177604053	1.0	0	first_linear_segment_at_fitted_phi	0.20466086196598293	1.0	0	first_linear_segment_at_clustered_phi	8
exampleTumor1	m088	region2	clipp2_single_switch_path_mixture_v1	1	phased_unphased_two_state_positive_dosages_v1	endpoint_excess_dosage_penalty_biological_alias_mass_v1:alpha=3	5c247107561660669e1e40fa17e9c74b9ce7f23c4cacc5cd6479e760fab68aab	region_local	1	0.04471621752590267	0	0.26801886587083323	0.044716218950817004	0	1.0	2.0	0.4432498707676336	0.04300336857382123	0.2680186836299249	1.0	0	first_linear_segment_at_fitted_phi	0.26801886587083323	1.0	0	first_linear_segment_at_clustered_phi	2
exampleTumor1	m088	region2	clipp2_single_switch_path_mixture_v1	1	phased_unphased_two_state_positive_dosages_v1	endpoint_excess_dosage_penalty_biological_alias_mass_v1:alpha=3	5c247107561660669e1e40fa17e9c74b9ce7f23c4cacc5cd6479e760fab68aab	region_local	2	0.004885641250439869	0	0.26801886587083323	0.004885609540407278	0	2.0	1.0	0.5567501292323666	0.043003368573821206	0.5360373672598499	2.0	1	first_linear_segment_at_fitted_phi	0.5360377317416665	2.0	1	first_linear_segment_at_clustered_phi	2
exampleTumor1	m088	region2	clipp2_single_switch_path_mixture_v1	1	phased_unphased_two_state_positive_dosages_v1	endpoint_excess_dosage_penalty_biological_alias_mass_v1:alpha=3	5c247107561660669e1e40fa17e9c74b9ce7f23c4cacc5cd6479e760fab68aab	region_local	3	0.9503981412236575	1	0.26801886587083323	0.9503981715087757	1	1.0	1.0	1.0	0.9139932628523576	0.2680186836299249	1.0	0	first_linear_segment_at_fitted_phi	0.26801886587083323	1.0	0	first_linear_segment_at_clustered_phi	8
exampleTumor1	m089	region1	clipp2_single_switch_path_mixture_v1	1	phased_unphased_two_state_positive_dosages_v1	endpoint_excess_dosage_penalty_biological_alias_mass_v1:alpha=3	5c247107561660669e1e40fa17e9c74b9ce7f23c4cacc5cd6479e760fab68aab	region_local	1	0.878123808393213	1	0.9999999820400683	0.8781237479794978	1	1.0	1.0	1.0	0.9757111023207368	1.0	1.0	0	switch_boundary_at_fitted_phi	0.9999999820400683	1.0	0	first_linear_segment_at_clustered_phi	2
exampleTumor1	m089	region1	clipp2_single_switch_path_mixture_v1	1	phased_unphased_two_state_positive_dosages_v1	endpoint_excess_dosage_penalty_biological_alias_mass_v1:alpha=3	5c247107561660669e1e40fa17e9c74b9ce7f23c4cacc5cd6479e760fab68aab	region_local	2	0.12187619160678703	0	0.9999999820400683	0.12187625202050219	0	2.0	2.0	1.0	0.02428889767926321	2.0	2.0	1	switch_boundary_at_fitted_phi	1.9999999640801367	2.0	1	first_linear_segment_at_clustered_phi	1
exampleTumor1	m089	region2	clipp2_single_switch_path_mixture_v1	1	phased_unphased_two_state_positive_dosages_v1	endpoint_excess_dosage_penalty_biological_alias_mass_v1:alpha=3	5c247107561660669e1e40fa17e9c74b9ce7f23c4cacc5cd6479e760fab68aab	region_local	1	0.9999996954893476	1	0.9999999744101855	0.9999996954895594	1	1.0	1.0	1.0	0.9757111023207368	0.9999999612844729	1.0	0	first_linear_segment_at_fitted_phi	0.9999999744101855	1.0	0	first_linear_segment_at_clustered_phi	2
exampleTumor1	m089	region2	clipp2_single_switch_path_mixture_v1	1	phased_unphased_two_state_positive_dosages_v1	endpoint_excess_dosage_penalty_biological_alias_mass_v1:alpha=3	5c247107561660669e1e40fa17e9c74b9ce7f23c4cacc5cd6479e760fab68aab	region_local	2	3.0451065238327553e-07	0	0.9999999744101855	3.0451044061961214e-07	0	2.0	2.0	1.0	0.02428889767926321	1.9999999225689458	2.0	1	first_linear_segment_at_fitted_phi	1.999999948820371	2.0	1	first_linear_segment_at_clustered_phi	1
exampleTumor1	m090	region1	clipp2_single_switch_path_mixture_v1	1	phased_unphased_two_state_positive_dosages_v1	endpoint_excess_dosage_penalty_biological_alias_mass_v1:alpha=3	5c247107561660669e1e40fa17e9c74b9ce7f23c4cacc5cd6479e760fab68aab	region_local	1	0.4978454973094749	1	0.9999999820400683	0.49784553280418675	1	2.0	1.0	0.46559310907204654	0.055039886808694184	1.4655931090720467	1.4655931090720467	1	second_linear_segment_at_fitted_phi	1.4655930911121149	1.465593117434067	1	second_linear_segment_at_clustered_phi	2
exampleTumor1	m090	region1	clipp2_single_switch_path_mixture_v1	1	phased_unphased_two_state_positive_dosages_v1	endpoint_excess_dosage_penalty_biological_alias_mass_v1:alpha=3	5c247107561660669e1e40fa17e9c74b9ce7f23c4cacc5cd6479e760fab68aab	region_local	2	0.4978454973094749	0	0.9999999820400683	0.4978454629287217	0	1.0	2.0	0.5344068909279536	0.055039886808694205	1.4655931090720464	1.4655931090720464	1	second_linear_segment_at_fitted_phi	1.4655930731521831	1.465593099474135	1	second_linear_segment_at_clustered_phi	2
exampleTumor1	m090	region1	clipp2_single_switch_path_mixture_v1	1	phased_unphased_two_state_positive_dosages_v1	endpoint_excess_dosage_penalty_biological_alias_mass_v1:alpha=3	5c247107561660669e1e40fa17e9c74b9ce7f23c4cacc5cd6479e760fab68aab	region_local	3	0.0043090053810500946	0	0.9999999820400683	0.004309004267091475	0	1.0	1.0	1.0	0.8899202263826116	1.0	1.0	0	switch_boundary_at_fitted_phi	0.9999999820400683	1.0	0	first_linear_segment_at_clustered_phi	8
exampleTumor1	m090	region2	clipp2_single_switch_path_mixture_v1	1	phased_unphased_two_state_positive_dosages_v1	endpoint_excess_dosage_penalty_biological_alias_mass_v1:alpha=3	5c247107561660669e1e40fa17e9c74b9ce7f23c4cacc5cd6479e760fab68aab	region_local	1	0.35734741237407913	1	0.9999999744101855	0.35734737697614133	1	1.0	2.0	0.4432498707676336	0.04300336857382123	1.5567500518031505	1.5567501120721206	1	second_linear_segment_at_fitted_phi	1.5567500780527375	1.556750117889684	1	second_linear_segment_at_clustered_phi	2
exampleTumor1	m090	region2	clipp2_single_switch_path_mixture_v1	1	phased_unphased_two_state_positive_dosages_v1	endpoint_excess_dosage_penalty_biological_alias_mass_v1:alpha=3	5c247107561660669e1e40fa17e9c74b9ce7f23c4cacc5cd6479e760fab68aab	region_local	2	0.3573473692199401	0	0.9999999744101855	0.35734734845185806	0	2.0	1.0	0.5567501292323666	0.043003368573821206	1.5567500905177587	1.5567501507867303	1	second_linear_segment_at_fitted_phi	1.556750103642552	1.5567501434794992	1	second_linear_segment_at_clustered_phi	2
exampleTumor1	m090	region2	clipp2_single_switch_path_mixture_v1	1	phased_unphased_two_state_positive_dosages_v1	endpoint_excess_dosage_penalty_biological_alias_mass_v1:alpha=3	5c247107561660669e1e40fa17e9c74b9ce7f23c4cacc5cd6479e760fab68aab	region_local	3	0.28530521840598083	0	0.9999999744101855	0.2853052745720007	0	1.0	1.0	1.0	0.9139932628523576	0.9999999612853921	1.0	0	first_linear_segment_at_fitted_phi	0.9999999744101855	1.0	0	first_linear_segment_at_clustered_phi	8
exampleTumor1	m091	region1	clipp2_single_switch_path_mixture_v1	1	phased_unphased_two_state_positive_dosages_v1	endpoint_excess_dosage_penalty_biological_alias_mass_v1:alpha=3	5c247107561660669e1e40fa17e9c74b9ce7f23c4cacc5cd6479e760fab68aab	region_local	1	0.011353035767622617	0	0.9999999820400683	0.011353033254750438	0	2.0	1.0	0.46559310907204654	0.055039886808694184	1.4655930729675342	1.4655931258820594	1	second_linear_segment_at_fitted_phi	1.4655930911121149	1.465593117434067	1	second_linear_segment_at_clustered_phi	2
exampleTumor1	m091	region1	clipp2_single_switch_path_mixture_v1	1	phased_unphased_two_state_positive_dosages_v1	endpoint_excess_dosage_penalty_biological_alias_mass_v1:alpha=3	5c247107561660669e1e40fa17e9c74b9ce7f23c4cacc5cd6479e760fab68aab	region_local	2	0.011353039657161518	0	0.9999999820400683	0.01135303518957335	0	1.0	2.0	0.5344068909279536	0.055039886808694205	1.4655930368630217	1.4655930897775455	1	second_linear_segment_at_fitted_phi	1.4655930731521831	1.465593099474135	1	second_linear_segment_at_clustered_phi	2
exampleTumor1	m091	region1	clipp2_single_switch_path_mixture_v1	1	phased_unphased_two_state_positive_dosages_v1	endpoint_excess_dosage_penalty_biological_alias_mass_v1:alpha=3	5c247107561660669e1e40fa17e9c74b9ce7f23c4cacc5cd6479e760fab68aab	region_local	3	0.9772939245752159	1	0.9999999820400683	0.9772939315556761	1	1.0	1.0	1.0	0.8899202263826116	0.9999999638954876	1.0	0	first_linear_segment_at_fitted_phi	0.9999999820400683	1.0	0	first_linear_segment_at_clustered_phi	8
exampleTumor1	m091	region2	clipp2_single_switch_path_mixture_v1	1	phased_unphased_two_state_positive_dosages_v1	endpoint_excess_dosage_penalty_biological_alias_mass_v1:alpha=3	5c247107561660669e1e40fa17e9c74b9ce7f23c4cacc5cd6479e760fab68aab	region_local	1	3.3445884938315297e-05	0	0.9999999744101855	3.344586665477965e-05	0	1.0	2.0	0.4432498707676336	0.04300336857382123	1.5567500518012662	1.556750112071703	1	second_linear_segment_at_fitted_phi	1.5567500780527375	1.556750117889684	1	second_linear_segment_at_clustered_phi	2
exampleTumor1	m091	region2	clipp2_single_switch_path_mixture_v1	1	phased_unphased_two_state_positive_dosages_v1	endpoint_excess_dosage_penalty_biological_alias_mass_v1:alpha=3	5c247107561660669e1e40fa17e9c74b9ce7f23c4cacc5cd6479e760fab68aab	region_local	2	3.344585600568089e-05	0	0.9999999744101855	3.3445847531185684e-05	0	2.0	1.0	0.5567501292323666	0.043003368573821206	1.5567500905168163	1.5567501507872548	1	second_linear_segment_at_fitted_phi	1.556750103642552	1.5567501434794992	1	second_linear_segment_at_clustered_phi	2
exampleTumor1	m091	region2	clipp2_single_switch_path_mixture_v1	1	phased_unphased_two_state_positive_dosages_v1	endpoint_excess_dosage_penalty_biological_alias_mass_v1:alpha=3	5c247107561660669e1e40fa17e9c74b9ce7f23c4cacc5cd6479e760fab68aab	region_local	3	0.9999331082590559	1	0.9999999744101855	0.999933108285814	1	1.0	1.0	1.0	0.9139932628523576	0.9999999612844499	1.0	0	first_linear_segment_at_fitted_phi	0.9999999744101855	1.0	0	first_linear_segment_at_clustered_phi	8
exampleTumor1	m092	region1	clipp2_single_switch_path_mixture_v1	1	phased_unphased_two_state_positive_dosages_v1	endpoint_excess_dosage_penalty_biological_alias_mass_v1:alpha=3	5c247107561660669e1e40fa17e9c74b9ce7f23c4cacc5cd6479e760fab68aab	region_local	1	0.00958618973060334	0	0.20466086196598293	0.00958617494082725	0	2.0	1.0	0.46559310907204654	0.055039886808694184	0.40932161225840974	2.0	1	first_linear_segment_at_fitted_phi	0.40932172393196586	2.0	1	first_linear_segment_at_clustered_phi	2
exampleTumor1	m092	region1	clipp2_single_switch_path_mixture_v1	1	phased_unphased_two_state_positive_dosages_v1	endpoint_excess_dosage_penalty_biological_alias_mass_v1:alpha=3	5c247107561660669e1e40fa17e9c74b9ce7f23c4cacc5cd6479e760fab68aab	region_local	2	0.05768737034507945	0	0.20466086196598293	0.05768737120652068	0	1.0	2.0	0.5344068909279536	0.055039886808694205	0.20466080612920487	1.0	0	first_linear_segment_at_fitted_phi	0.20466086196598293	1.0	0	first_linear_segment_at_clustered_phi	2
exampleTumor1	m092	region1	clipp2_single_switch_path_mixture_v1	1	phased_unphased_two_state_positive_dosages_v1	endpoint_excess_dosage_penalty_biological_alias_mass_v1:alpha=3	5c247107561660669e1e40fa17e9c74b9ce7f23c4cacc5cd6479e760fab68aab	region_local	3	0.9327264399243173	1	0.20466086196598293	0.9327264538526521	1	1.0	1.0	1.0	0.8899202263826116	0.20466080612920487	1.0	0	first_linear_segment_at_fitted_phi	0.20466086196598293	1.0	0	first_linear_segment_at_clustered_phi	8
exampleTumor1	m092	region2	clipp2_single_switch_path_mixture_v1	1	phased_unphased_two_state_positive_dosages_v1	endpoint_excess_dosage_penalty_biological_alias_mass_v1:alpha=3	5c247107561660669e1e40fa17e9c74b9ce7f23c4cacc5cd6479e760fab68aab	region_local	1	0.044886284161102394	0	0.26801886587083323	0.04488628455946022	0	1.0	2.0	0.4432498707676336	0.04300336857382123	0.2680186601327956	1.0	0	first_linear_segment_at_fitted_phi	0.26801886587083323	1.0	0	first_linear_segment_at_clustered_phi	2
exampleTumor1	m092	region2	clipp2_single_switch_path_mixture_v1	1	phased_unphased_two_state_positive_dosages_v1	endpoint_excess_dosage_penalty_biological_alias_mass_v1:alpha=3	5c247107561660669e1e40fa17e9c74b9ce7f23c4cacc5cd6479e760fab68aab	region_local	2	0.0011009796668971185	0	0.26801886587083323	0.0011009708018486655	0	2.0	1.0	0.5567501292323666	0.043003368573821206	0.5360373202655913	2.0	1	first_linear_segment_at_fitted_phi	0.5360377317416665	2.0	1	first_linear_segment_at_clustered_phi	2
exampleTumor1	m092	region2	clipp2_single_switch_path_mixture_v1	1	phased_unphased_two_state_positive_dosages_v1	endpoint_excess_dosage_penalty_biological_alias_mass_v1:alpha=3	5c247107561660669e1e40fa17e9c74b9ce7f23c4cacc5cd6479e760fab68aab	region_local	3	0.9540127361720006	1	0.26801886587083323	0.9540127446386911	1	1.0	1.0	1.0	0.9139932628523576	0.2680186601327956	1.0	0	first_linear_segment_at_fitted_phi	0.26801886587083323	1.0	0	first_linear_segment_at_clustered_phi	8
exampleTumor1	m093	region1	clipp2_single_switch_path_mixture_v1	1	phased_unphased_two_state_positive_dosages_v1	endpoint_excess_dosage_penalty_biological_alias_mass_v1:alpha=3	5c247107561660669e1e40fa17e9c74b9ce7f23c4cacc5cd6479e760fab68aab	region_local	1	0.9999997920555436	1	0.9999999820400683	0.9999997920556997	1	1.0	1.0	1.0	0.9757111023207368	0.9999999638948729	1.0	0	first_linear_segment_at_fitted_phi	0.9999999820400683	1.0	0	first_linear_segment_at_clustered_phi	2
exampleTumor1	m093	region1	clipp2_single_switch_path_mixture_v1	1	phased_unphased_two_state_positive_dosages_v1	endpoint_excess_dosage_penalty_biological_alias_mass_v1:alpha=3	5c247107561660669e1e40fa17e9c74b9ce7f23c4cacc5cd6479e760fab68aab	region_local	2	2.0794445648867375e-07	0	0.9999999820400683	2.079443003391354e-07	0	2.0	2.0	1.0	0.02428889767926321	1.9999999277897458	2.0	1	first_linear_segment_at_fitted_phi	1.9999999640801367	2.0	1	first_linear_segment_at_clustered_phi	1
exampleTumor1	m093	region2	clipp2_single_switch_path_mixture_v1	1	phased_unphased_two_state_positive_dosages_v1	endpoint_excess_dosage_penalty_biological_alias_mass_v1:alpha=3	5c247107561660669e1e40fa17e9c74b9ce7f23c4cacc5cd6479e760fab68aab	region_local	1	0.9352193860481111	1	0.9999999744101855	0.9352193252873577	1	1.0	1.0	1.0	0.9757111023207368	1.0	1.0	0	switch_boundary_at_fitted_phi	0.9999999744101855	1.0	0	first_linear_segment_at_clustered_phi	2
exampleTumor1	m093	region2	clipp2_single_switch_path_mixture_v1	1	phased_unphased_two_state_positive_dosages_v1	endpoint_excess_dosage_penalty_biological_alias_mass_v1:alpha=3	5c247107561660669e1e40fa17e9c74b9ce7f23c4cacc5cd6479e760fab68aab	region_local	2	0.06478061395188889	0	0.9999999744101855	0.06478067471264229	0	2.0	2.0	1.0	0.02428889767926321	2.0	2.0	1	switch_boundary_at_fitted_phi	1.999999948820371	2.0	1	first_linear_segment_at_clustered_phi	1
exampleTumor1	m094	region1	clipp2_single_switch_path_mixture_v1	1	phased_unphased_two_state_positive_dosages_v1	endpoint_excess_dosage_penalty_biological_alias_mass_v1:alpha=3	5c247107561660669e1e40fa17e9c74b9ce7f23c4cacc5cd6479e760fab68aab	region_local	1	0.9998486196140078	1	0.9999999820400683	0.999848619500087	1	1.0	1.0	1.0	0.9757111023207368	1.0	1.0	0	switch_boundary_at_fitted_phi	0.9999999820400683	1.0	0	first_linear_segment_at_clustered_phi	2
exampleTumor1	m094	region1	clipp2_single_switch_path_mixture_v1	1	phased_unphased_two_state_positive_dosages_v1	endpoint_excess_dosage_penalty_biological_alias_mass_v1:alpha=3	5c247107561660669e1e40fa17e9c74b9ce7f23c4cacc5cd6479e760fab68aab	region_local	2	0.00015138038599212404	0	0.9999999820400683	0.00015138049991306958	0	2.0	2.0	1.0	0.02428889767926321	2.0	2.0	1	switch_boundary_at_fitted_phi	1.9999999640801367	2.0	1	first_linear_segment_at_clustered_phi	1
exampleTumor1	m094	region2	clipp2_single_switch_path_mixture_v1	1	phased_unphased_two_state_positive_dosages_v1	endpoint_excess_dosage_penalty_biological_alias_mass_v1:alpha=3	5c247107561660669e1e40fa17e9c74b9ce7f23c4cacc5cd6479e760fab68aab	region_local	1	0.9955884739842503	1	0.9999999744101855	0.9955884689268041	1	1.0	1.0	1.0	0.9757111023207368	1.0	1.0	0	switch_boundary_at_fitted_phi	0.9999999744101855	1.0	0	first_linear_segment_at_clustered_phi	2
exampleTumor1	m094	region2	clipp2_single_switch_path_mixture_v1	1	phased_unphased_two_state_positive_dosages_v1	endpoint_excess_dosage_penalty_biological_alias_mass_v1:alpha=3	5c247107561660669e1e40fa17e9c74b9ce7f23c4cacc5cd6479e760fab68aab	region_local	2	0.004411526015749755	0	0.9999999744101855	0.0044115310731959526	0	2.0	2.0	1.0	0.02428889767926321	2.0	2.0	1	switch_boundary_at_fitted_phi	1.999999948820371	2.0	1	first_linear_segment_at_clustered_phi	1
exampleTumor1	m095	region1	clipp2_single_switch_path_mixture_v1	1	phased_unphased_two_state_positive_dosages_v1	endpoint_excess_dosage_penalty_biological_alias_mass_v1:alpha=3	5c247107561660669e1e40fa17e9c74b9ce7f23c4cacc5cd6479e760fab68aab	region_local	1	0.9671622669032668	1	0.20466086196598293	0.9671615701130511	1	2.0	1.0	0.46559310907204654	0.055039886808694184	0.40932002310221877	2.0	1	first_linear_segment_at_fitted_phi	0.40932172393196586	2.0	1	first_linear_segment_at_clustered_phi	2
exampleTumor1	m095	region1	clipp2_single_switch_path_mixture_v1	1	phased_unphased_two_state_positive_dosages_v1	endpoint_excess_dosage_penalty_biological_alias_mass_v1:alpha=3	5c247107561660669e1e40fa17e9c74b9ce7f23c4cacc5cd6479e760fab68aab	region_local	2	0.0019126575687882113	0	0.20466086196598293	0.0019126981538394386	0	1.0	2.0	0.5344068909279536	0.055039886808694205	0.20466001155110938	1.0	0	first_linear_segment_at_fitted_phi	0.20466086196598293	1.0	0	first_linear_segment_at_clustered_phi	2
exampleTumor1	m095	region1	clipp2_single_switch_path_mixture_v1	1	phased_unphased_two_state_positive_dosages_v1	endpoint_excess_dosage_penalty_biological_alias_mass_v1:alpha=3	5c247107561660669e1e40fa17e9c74b9ce7f23c4cacc5cd6479e760fab68aab	region_local	3	0.030925075527944986	0	0.20466086196598293	0.03092573173310945	0	1.0	1.0	1.0	0.8899202263826116	0.20466001155110938	1.0	0	first_linear_segment_at_fitted_phi	0.20466086196598293	1.0	0	first_linear_segment_at_clustered_phi	8
exampleTumor1	m095	region2	clipp2_single_switch_path_mixture_v1	1	phased_unphased_two_state_positive_dosages_v1	endpoint_excess_dosage_penalty_biological_alias_mass_v1:alpha=3	5c247107561660669e1e40fa17e9c74b9ce7f23c4cacc5cd6479e760fab68aab	region_local	1	0.04492337892754015	0	0.26801886587083323	0.04492337905595596	0	1.0	2.0	0.4432498707676336	0.04300336857382123	0.26801860101999375	1.0	0	first_linear_segment_at_fitted_phi	0.26801886587083323	1.0	0	first_linear_segment_at_clustered_phi	2
exampleTumor1	m095	region2	clipp2_single_switch_path_mixture_v1	1	phased_unphased_two_state_positive_dosages_v1	endpoint_excess_dosage_penalty_biological_alias_mass_v1:alpha=3	5c247107561660669e1e40fa17e9c74b9ce7f23c4cacc5cd6479e760fab68aab	region_local	2	0.00027547302167850685	0	0.26801886587083323	0.00027547016391760566	0	2.0	1.0	0.5567501292323666	0.043003368573821206	0.5360372020399875	2.0	1	first_linear_segment_at_fitted_phi	0.5360377317416665	2.0	1	first_linear_segment_at_clustered_phi	2
exampleTumor1	m095	region2	clipp2_single_switch_path_mixture_v1	1	phased_unphased_two_state_positive_dosages_v1	endpoint_excess_dosage_penalty_biological_alias_mass_v1:alpha=3	5c247107561660669e1e40fa17e9c74b9ce7f23c4cacc5cd6479e760fab68aab	region_local	3	0.9548011480507813	1	0.26801886587083323	0.9548011507801265	1	1.0	1.0	1.0	0.9139932628523576	0.26801860101999375	1.0	0	first_linear_segment_at_fitted_phi	0.26801886587083323	1.0	0	first_linear_segment_at_clustered_phi	8
exampleTumor1	m096	region1	clipp2_single_switch_path_mixture_v1	1	phased_unphased_two_state_positive_dosages_v1	endpoint_excess_dosage_penalty_biological_alias_mass_v1:alpha=3	5c247107561660669e1e40fa17e9c74b9ce7f23c4cacc5cd6479e760fab68aab	region_local	1	0.0005236513218091911	0	0.4644698459572693	0.0005236515107796292	0	2.0	1.0	0.46559310907204654	0.055039886808694184	0.9289397170239462	2.0	1	first_linear_segment_at_fitted_phi	0.9289396919145386	2.0	1	first_linear_segment_at_clustered_phi	2
exampleTumor1	m096	region1	clipp2_single_switch_path_mixture_v1	1	phased_unphased_two_state_positive_dosages_v1	endpoint_excess_dosage_penalty_biological_alias_mass_v1:alpha=3	5c247107561660669e1e40fa17e9c74b9ce7f23c4cacc5cd6479e760fab68aab	region_local	2	0.05821522446427071	0	0.4644698459572693	0.05821522445326399	0	1.0	2.0	0.5344068909279536	0.055039886808694205	0.4644698585119731	1.0	0	first_linear_segment_at_fitted_phi	0.4644698459572693	1.0	0	first_linear_segment_at_clustered_phi	2
exampleTumor1	m096	region1	clipp2_single_switch_path_mixture_v1	1	phased_unphased_two_state_positive_dosages_v1	endpoint_excess_dosage_penalty_biological_alias_mass_v1:alpha=3	5c247107561660669e1e40fa17e9c74b9ce7f23c4cacc5cd6479e760fab68aab	region_local	3	0.94126112421392	1	0.4644698459572693	0.9412611240359564	1	1.0	1.0	1.0	0.8899202263826116	0.4644698585119731	1.0	0	first_linear_segment_at_fitted_phi	0.4644698459572693	1.0	0	first_linear_segment_at_clustered_phi	8
exampleTumor1	m096	region2	clipp2_single_switch_path_mixture_v1	1	phased_unphased_two_state_positive_dosages_v1	endpoint_excess_dosage_penalty_biological_alias_mass_v1:alpha=3	5c247107561660669e1e40fa17e9c74b9ce7f23c4cacc5cd6479e760fab68aab	region_local	1	0.005757417198973141	0	0.5783395130938829	0.005757419423564484	0	1.0	2.0	0.4432498707676336	0.04300336857382123	0.7134291898291136	1.2335819228214355	1	second_linear_segment_at_fitted_phi	0.7134291554201322	1.2335819000219685	1	second_linear_segment_at_clustered_phi	2
exampleTumor1	m096	region2	clipp2_single_switch_path_mixture_v1	1	phased_unphased_two_state_positive_dosages_v1	endpoint_excess_dosage_penalty_biological_alias_mass_v1:alpha=3	5c247107561660669e1e40fa17e9c74b9ce7f23c4cacc5cd6479e760fab68aab	region_local	2	2.770276471985021e-07	0	0.5783395130938829	2.7702772224673353e-07	0	2.0	1.0	0.5567501292323666	0.043003368573821206	1.13508965953074	1.962670023515652	1	second_linear_segment_at_fitted_phi	1.1350896423262493	1.9626700521532379	1	second_linear_segment_at_clustered_phi	2
exampleTumor1	m096	region2	clipp2_single_switch_path_mixture_v1	1	phased_unphased_two_state_positive_dosages_v1	endpoint_excess_dosage_penalty_biological_alias_mass_v1:alpha=3	5c247107561660669e1e40fa17e9c74b9ce7f23c4cacc5cd6479e760fab68aab	region_local	3	0.9942423057733797	1	0.5783395130938829	0.9942423035487133	1	1.0	1.0	1.0	0.9139932628523576	0.5783395302983736	1.0	0	first_linear_segment_at_fitted_phi	0.5783395130938829	1.0	0	first_linear_segment_at_clustered_phi	8
exampleTumor1	m097	region1	clipp2_single_switch_path_mixture_v1	1	phased_unphased_two_state_positive_dosages_v1	endpoint_excess_dosage_penalty_biological_alias_mass_v1:alpha=3	5c247107561660669e1e40fa17e9c74b9ce7f23c4cacc5cd6479e760fab68aab	region_local	1	0.029958425521059262	0	0.9999999820400683	0.029958432502666346	0	2.0	1.0	0.46559310907204654	0.055039886808694184	1.4655931090720467	1.4655931090720467	1	second_linear_segment_at_fitted_phi	1.4655930911121149	1.465593117434067	1	second_linear_segment_at_clustered_phi	2
exampleTumor1	m097	region1	clipp2_single_switch_path_mixture_v1	1	phased_unphased_two_state_positive_dosages_v1	endpoint_excess_dosage_penalty_biological_alias_mass_v1:alpha=3	5c247107561660669e1e40fa17e9c74b9ce7f23c4cacc5cd6479e760fab68aab	region_local	2	0.029958425521059262	0	0.9999999820400683	0.029958436795802398	0	1.0	2.0	0.5344068909279536	0.055039886808694205	1.4655931090720464	1.4655931090720464	1	second_linear_segment_at_fitted_phi	1.4655930731521831	1.465593099474135	1	second_linear_segment_at_clustered_phi	2
exampleTumor1	m097	region1	clipp2_single_switch_path_mixture_v1	1	phased_unphased_two_state_positive_dosages_v1	endpoint_excess_dosage_penalty_biological_alias_mass_v1:alpha=3	5c247107561660669e1e40fa17e9c74b9ce7f23c4cacc5cd6479e760fab68aab	region_local	3	0.9400831489578815	1	0.9999999820400683	0.9400831307015312	1	1.0	1.0	1.0	0.8899202263826116	1.0	1.0	0	switch_boundary_at_fitted_phi	0.9999999820400683	1.0	0	first_linear_segment_at_clustered_phi	8
exampleTumor1	m097	region2	clipp2_single_switch_path_mixture_v1	1	phased_unphased_two_state_positive_dosages_v1	endpoint_excess_dosage_penalty_biological_alias_mass_v1:alpha=3	5c247107561660669e1e40fa17e9c74b9ce7f23c4cacc5cd6479e760fab68aab	region_local	1	0.0438411378898166	0	0.9999999744101855	0.043841165549799985	0	1.0	2.0	0.4432498707676336	0.04300336857382123	1.5567501292323664	1.5567501292323664	1	second_linear_segment_at_fitted_phi	1.5567500780527375	1.556750117889684	1	second_linear_segment_at_clustered_phi	2
exampleTumor1	m097	region2	clipp2_single_switch_path_mixture_v1	1	phased_unphased_two_state_positive_dosages_v1	endpoint_excess_dosage_penalty_biological_alias_mass_v1:alpha=3	5c247107561660669e1e40fa17e9c74b9ce7f23c4cacc5cd6479e760fab68aab	region_local	2	0.04384113788981597	0	0.9999999744101855	0.04384115603388659	0	2.0	1.0	0.5567501292323666	0.043003368573821206	1.5567501292323667	1.5567501292323667	1	second_linear_segment_at_fitted_phi	1.556750103642552	1.5567501434794992	1	second_linear_segment_at_clustered_phi	2
exampleTumor1	m097	region2	clipp2_single_switch_path_mixture_v1	1	phased_unphased_two_state_positive_dosages_v1	endpoint_excess_dosage_penalty_biological_alias_mass_v1:alpha=3	5c247107561660669e1e40fa17e9c74b9ce7f23c4cacc5cd6479e760fab68aab	region_local	3	0.9123177242203675	1	0.9999999744101855	0.9123176784163135	1	1.0	1.0	1.0	0.9139932628523576	1.0	1.0	0	switch_boundary_at_fitted_phi	0.9999999744101855	1.0	0	first_linear_segment_at_clustered_phi	8
exampleTumor1	m098	region1	clipp2_single_switch_path_mixture_v1	1	phased_unphased_two_state_positive_dosages_v1	endpoint_excess_dosage_penalty_biological_alias_mass_v1:alpha=3	5c247107561660669e1e40fa17e9c74b9ce7f23c4cacc5cd6479e760fab68aab	region_local	1	0.001782937480818017	0	0.9999999820400683	0.0017829370383831322	0	2.0	1.0	0.46559310907204654	0.055039886808694184	1.4655930729678484	1.4655931258819133	1	second_linear_segment_at_fitted_phi	1.4655930911121149	1.465593117434067	1	second_linear_segment_at_clustered_phi	2
exampleTumor1	m098	region1	clipp2_single_switch_path_mixture_v1	1	phased_unphased_two_state_positive_dosages_v1	endpoint_excess_dosage_penalty_biological_alias_mass_v1:alpha=3	5c247107561660669e1e40fa17e9c74b9ce7f23c4cacc5cd6479e760fab68aab	region_local	2	0.0017829383878181255	0	0.9999999820400683	0.0017829374895676519	0	1.0	2.0	0.5344068909279536	0.055039886808694205	1.4655930368636498	1.4655930897777134	1	second_linear_segment_at_fitted_phi	1.4655930731521831	1.465593099474135	1	second_linear_segment_at_clustered_phi	2
exampleTumor1	m098	region1	clipp2_single_switch_path_mixture_v1	1	phased_unphased_two_state_positive_dosages_v1	endpoint_excess_dosage_penalty_biological_alias_mass_v1:alpha=3	5c247107561660669e1e40fa17e9c74b9ce7f23c4cacc5cd6479e760fab68aab	region_local	3	0.9964341241313639	1	0.9999999820400683	0.9964341254720492	1	1.0	1.0	1.0	0.8899202263826116	0.9999999638958017	1.0	0	first_linear_segment_at_fitted_phi	0.9999999820400683	1.0	0	first_linear_segment_at_clustered_phi	8
exampleTumor1	m098	region2	clipp2_single_switch_path_mixture_v1	1	phased_unphased_two_state_positive_dosages_v1	endpoint_excess_dosage_penalty_biological_alias_mass_v1:alpha=3	5c247107561660669e1e40fa17e9c74b9ce7f23c4cacc5cd6479e760fab68aab	region_local	1	1.0143938858706112e-07	0	0.9999999744101855	1.0143952174717704e-07	0	1.0	2.0	0.4432498707676336	0.04300336857382123	1.5567501292323664	1.5567501292323664	1	second_linear_segment_at_fitted_phi	1.5567500780527375	1.556750117889684	1	second_linear_segment_at_clustered_phi	2
exampleTumor1	m098	region2	clipp2_single_switch_path_mixture_v1	1	phased_unphased_two_state_positive_dosages_v1	endpoint_excess_dosage_penalty_biological_alias_mass_v1:alpha=3	5c247107561660669e1e40fa17e9c74b9ce7f23c4cacc5cd6479e760fab68aab	region_local	2	1.0143938858705824e-07	0	0.9999999744101855	1.01439436991241e-07	0	2.0	1.0	0.5567501292323666	0.043003368573821206	1.5567501292323667	1.5567501292323667	1	second_linear_segment_at_fitted_phi	1.556750103642552	1.5567501434794992	1	second_linear_segment_at_clustered_phi	2
exampleTumor1	m098	region2	clipp2_single_switch_path_mixture_v1	1	phased_unphased_two_state_positive_dosages_v1	endpoint_excess_dosage_penalty_biological_alias_mass_v1:alpha=3	5c247107561660669e1e40fa17e9c74b9ce7f23c4cacc5cd6479e760fab68aab	region_local	3	0.9999997971212228	1	0.9999999744101855	0.9999997971210414	1	1.0	1.0	1.0	0.9139932628523576	1.0	1.0	0	switch_boundary_at_fitted_phi	0.9999999744101855	1.0	0	first_linear_segment_at_clustered_phi	8
exampleTumor1	m099	region1	clipp2_single_switch_path_mixture_v1	1	phased_unphased_two_state_positive_dosages_v1	endpoint_excess_dosage_penalty_biological_alias_mass_v1:alpha=3	5c247107561660669e1e40fa17e9c74b9ce7f23c4cacc5cd6479e760fab68aab	region_local	1	0.9999283793661503	1	0.9999999820400683	0.9999283793189857	1	1.0	1.0	1.0	0.9757111023207368	1.0	1.0	0	switch_boundary_at_fitted_phi	0.9999999820400683	1.0	0	first_linear_segment_at_clustered_phi	2
exampleTumor1	m099	region1	clipp2_single_switch_path_mixture_v1	1	phased_unphased_two_state_positive_dosages_v1	endpoint_excess_dosage_penalty_biological_alias_mass_v1:alpha=3	5c247107561660669e1e40fa17e9c74b9ce7f23c4cacc5cd6479e760fab68aab	region_local	2	7.162063384975042e-05	0	0.9999999820400683	7.162068101420348e-05	0	2.0	2.0	1.0	0.02428889767926321	2.0	2.0	1	switch_boundary_at_fitted_phi	1.9999999640801367	2.0	1	first_linear_segment_at_clustered_phi	1
exampleTumor1	m099	region2	clipp2_single_switch_path_mixture_v1	1	phased_unphased_two_state_positive_dosages_v1	endpoint_excess_dosage_penalty_biological_alias_mass_v1:alpha=3	5c247107561660669e1e40fa17e9c74b9ce7f23c4cacc5cd6479e760fab68aab	region_local	1	0.9999996954893476	1	0.9999999744101855	0.9999996954895594	1	1.0	1.0	1.0	0.9757111023207368	0.9999999612844729	1.0	0	first_linear_segment_at_fitted_phi	0.9999999744101855	1.0	0	first_linear_segment_at_clustered_phi	2
exampleTumor1	m099	region2	clipp2_single_switch_path_mixture_v1	1	phased_unphased_two_state_positive_dosages_v1	endpoint_excess_dosage_penalty_biological_alias_mass_v1:alpha=3	5c247107561660669e1e40fa17e9c74b9ce7f23c4cacc5cd6479e760fab68aab	region_local	2	3.0451065238327553e-07	0	0.9999999744101855	3.0451044061961214e-07	0	2.0	2.0	1.0	0.02428889767926321	1.9999999225689458	2.0	1	first_linear_segment_at_fitted_phi	1.999999948820371	2.0	1	first_linear_segment_at_clustered_phi	1
exampleTumor1	m100	region1	clipp2_single_switch_path_mixture_v1	1	phased_unphased_two_state_positive_dosages_v1	endpoint_excess_dosage_penalty_biological_alias_mass_v1:alpha=3	5c247107561660669e1e40fa17e9c74b9ce7f23c4cacc5cd6479e760fab68aab	region_local	1	0.19395086823088822	0	0.9999999820400683	0.19395079763100415	0	1.0	1.0	1.0	0.9757111023207368	1.0	1.0	0	switch_boundary_at_fitted_phi	0.9999999820400683	1.0	0	first_linear_segment_at_clustered_phi	2
exampleTumor1	m100	region1	clipp2_single_switch_path_mixture_v1	1	phased_unphased_two_state_positive_dosages_v1	endpoint_excess_dosage_penalty_biological_alias_mass_v1:alpha=3	5c247107561660669e1e40fa17e9c74b9ce7f23c4cacc5cd6479e760fab68aab	region_local	2	0.8060491317691117	1	0.9999999820400683	0.8060492023689959	1	2.0	2.0	1.0	0.02428889767926321	2.0	2.0	1	switch_boundary_at_fitted_phi	1.9999999640801367	2.0	1	first_linear_segment_at_clustered_phi	1
exampleTumor1	m100	region2	clipp2_single_switch_path_mixture_v1	1	phased_unphased_two_state_positive_dosages_v1	endpoint_excess_dosage_penalty_biological_alias_mass_v1:alpha=3	5c247107561660669e1e40fa17e9c74b9ce7f23c4cacc5cd6479e760fab68aab	region_local	1	0.0012886918049383681	0	0.9999999744101855	0.0012886923198219733	0	1.0	1.0	1.0	0.9757111023207368	0.9999999612861571	1.0	0	first_linear_segment_at_fitted_phi	0.9999999744101855	1.0	0	first_linear_segment_at_clustered_phi	2
exampleTumor1	m100	region2	clipp2_single_switch_path_mixture_v1	1	phased_unphased_two_state_positive_dosages_v1	endpoint_excess_dosage_penalty_biological_alias_mass_v1:alpha=3	5c247107561660669e1e40fa17e9c74b9ce7f23c4cacc5cd6479e760fab68aab	region_local	2	0.9987113081950617	1	0.9999999744101855	0.998711307680178	1	2.0	2.0	1.0	0.02428889767926321	1.9999999225723142	2.0	1	first_linear_segment_at_fitted_phi	1.999999948820371	2.0	1	first_linear_segment_at_clustered_phi	1
exampleTumor1	m101	region1	clipp2_single_switch_path_mixture_v1	1	phased_unphased_two_state_positive_dosages_v1	endpoint_excess_dosage_penalty_biological_alias_mass_v1:alpha=3	5c247107561660669e1e40fa17e9c74b9ce7f23c4cacc5cd6479e760fab68aab	region_local	1	0.2441828799024104	0	0.9999999820400683	0.24418290984019608	0	2.0	1.0	0.46559310907204654	0.055039886808694184	1.4655931090720467	1.4655931090720467	1	second_linear_segment_at_fitted_phi	1.4655930911121149	1.465593117434067	1	second_linear_segment_at_clustered_phi	2
exampleTumor1	m101	region1	clipp2_single_switch_path_mixture_v1	1	phased_unphased_two_state_positive_dosages_v1	endpoint_excess_dosage_penalty_biological_alias_mass_v1:alpha=3	5c247107561660669e1e40fa17e9c74b9ce7f23c4cacc5cd6479e760fab68aab	region_local	2	0.24418287990241214	0	0.9999999820400683	0.24418291981467358	0	1.0	2.0	0.5344068909279536	0.055039886808694205	1.4655931090720464	1.4655931090720464	1	second_linear_segment_at_fitted_phi	1.4655930731521831	1.465593099474135	1	second_linear_segment_at_clustered_phi	2
exampleTumor1	m101	region1	clipp2_single_switch_path_mixture_v1	1	phased_unphased_two_state_positive_dosages_v1	endpoint_excess_dosage_penalty_biological_alias_mass_v1:alpha=3	5c247107561660669e1e40fa17e9c74b9ce7f23c4cacc5cd6479e760fab68aab	region_local	3	0.5116342401951774	1	0.9999999820400683	0.5116341703451304	1	1.0	1.0	1.0	0.8899202263826116	1.0	1.0	0	switch_boundary_at_fitted_phi	0.9999999820400683	1.0	0	first_linear_segment_at_clustered_phi	8
exampleTumor1	m101	region2	clipp2_single_switch_path_mixture_v1	1	phased_unphased_two_state_positive_dosages_v1	endpoint_excess_dosage_penalty_biological_alias_mass_v1:alpha=3	5c247107561660669e1e40fa17e9c74b9ce7f23c4cacc5cd6479e760fab68aab	region_local	1	0.49985743248649706	1	0.9999999744101855	0.49985738123594037	0	1.0	2.0	0.4432498707676336	0.04300336857382123	1.5567501292323664	1.5567501292323664	1	second_linear_segment_at_fitted_phi	1.5567500780527375	1.556750117889684	1	second_linear_segment_at_clustered_phi	2
exampleTumor1	m101	region2	clipp2_single_switch_path_mixture_v1	1	phased_unphased_two_state_positive_dosages_v1	endpoint_excess_dosage_penalty_biological_alias_mass_v1:alpha=3	5c247107561660669e1e40fa17e9c74b9ce7f23c4cacc5cd6479e760fab68aab	region_local	2	0.49985743248649706	0	0.9999999744101855	0.49985748388240564	1	2.0	1.0	0.5567501292323666	0.043003368573821206	1.5567501292323667	1.5567501292323667	1	second_linear_segment_at_fitted_phi	1.556750103642552	1.5567501434794992	1	second_linear_segment_at_clustered_phi	2
exampleTumor1	m101	region2	clipp2_single_switch_path_mixture_v1	1	phased_unphased_two_state_positive_dosages_v1	endpoint_excess_dosage_penalty_biological_alias_mass_v1:alpha=3	5c247107561660669e1e40fa17e9c74b9ce7f23c4cacc5cd6479e760fab68aab	region_local	3	0.00028513502700583897	0	0.9999999744101855	0.00028513488165385543	0	1.0	1.0	1.0	0.9139932628523576	1.0	1.0	0	switch_boundary_at_fitted_phi	0.9999999744101855	1.0	0	first_linear_segment_at_clustered_phi	8
exampleTumor1	m102	region1	clipp2_single_switch_path_mixture_v1	1	phased_unphased_two_state_positive_dosages_v1	endpoint_excess_dosage_penalty_biological_alias_mass_v1:alpha=3	5c247107561660669e1e40fa17e9c74b9ce7f23c4cacc5cd6479e760fab68aab	region_local	1	1.956528156378934e-05	0	0.9999999820400683	1.956528536991476e-05	0	2.0	1.0	0.46559310907204654	0.055039886808694184	1.4655931090720467	1.4655931090720467	1	second_linear_segment_at_fitted_phi	1.4655930911121149	1.465593117434067	1	second_linear_segment_at_clustered_phi	2
exampleTumor1	m102	region1	clipp2_single_switch_path_mixture_v1	1	phased_unphased_two_state_positive_dosages_v1	endpoint_excess_dosage_penalty_biological_alias_mass_v1:alpha=3	5c247107561660669e1e40fa17e9c74b9ce7f23c4cacc5cd6479e760fab68aab	region_local	2	1.956528156378934e-05	0	0.9999999820400683	1.9565293289883228e-05	0	1.0	2.0	0.5344068909279536	0.055039886808694205	1.4655931090720464	1.4655931090720464	1	second_linear_segment_at_fitted_phi	1.4655930731521831	1.465593099474135	1	second_linear_segment_at_clustered_phi	2
exampleTumor1	m102	region1	clipp2_single_switch_path_mixture_v1	1	phased_unphased_two_state_positive_dosages_v1	endpoint_excess_dosage_penalty_biological_alias_mass_v1:alpha=3	5c247107561660669e1e40fa17e9c74b9ce7f23c4cacc5cd6479e760fab68aab	region_local	3	0.9999608694368725	1	0.9999999820400683	0.9999608694213402	1	1.0	1.0	1.0	0.8899202263826116	1.0	1.0	0	switch_boundary_at_fitted_phi	0.9999999820400683	1.0	0	first_linear_segment_at_clustered_phi	8
exampleTumor1	m102	region2	clipp2_single_switch_path_mixture_v1	1	phased_unphased_two_state_positive_dosages_v1	endpoint_excess_dosage_penalty_biological_alias_mass_v1:alpha=3	5c247107561660669e1e40fa17e9c74b9ce7f23c4cacc5cd6479e760fab68aab	region_local	1	0.01975724740416296	0	0.9999999744101855	0.019757263102115966	0	1.0	2.0	0.4432498707676336	0.04300336857382123	1.5567501292323664	1.5567501292323664	1	second_linear_segment_at_fitted_phi	1.5567500780527375	1.556750117889684	1	second_linear_segment_at_clustered_phi	2
exampleTumor1	m102	region2	clipp2_single_switch_path_mixture_v1	1	phased_unphased_two_state_positive_dosages_v1	endpoint_excess_dosage_penalty_biological_alias_mass_v1:alpha=3	5c247107561660669e1e40fa17e9c74b9ce7f23c4cacc5cd6479e760fab68aab	region_local	2	0.019757247404162678	0	0.9999999744101855	0.019757257394087423	0	2.0	1.0	0.5567501292323666	0.043003368573821206	1.5567501292323667	1.5567501292323667	1	second_linear_segment_at_fitted_phi	1.556750103642552	1.5567501434794992	1	second_linear_segment_at_clustered_phi	2
exampleTumor1	m102	region2	clipp2_single_switch_path_mixture_v1	1	phased_unphased_two_state_positive_dosages_v1	endpoint_excess_dosage_penalty_biological_alias_mass_v1:alpha=3	5c247107561660669e1e40fa17e9c74b9ce7f23c4cacc5cd6479e760fab68aab	region_local	3	0.9604855051916744	1	0.9999999744101855	0.9604854795037966	1	1.0	1.0	1.0	0.9139932628523576	1.0	1.0	0	switch_boundary_at_fitted_phi	0.9999999744101855	1.0	0	first_linear_segment_at_clustered_phi	8
exampleTumor1	m103	region1	clipp2_single_switch_path_mixture_v1	1	phased_unphased_two_state_positive_dosages_v1	endpoint_excess_dosage_penalty_biological_alias_mass_v1:alpha=3	5c247107561660669e1e40fa17e9c74b9ce7f23c4cacc5cd6479e760fab68aab	region_local	1	0.9909015461714241	1	0.4644698459572693	0.9909015486311789	1	1.0	1.0	1.0	0.9757111023207368	0.4644698353003577	1.0	0	first_linear_segment_at_fitted_phi	0.4644698459572693	1.0	0	first_linear_segment_at_clustered_phi	2
exampleTumor1	m103	region1	clipp2_single_switch_path_mixture_v1	1	phased_unphased_two_state_positive_dosages_v1	endpoint_excess_dosage_penalty_biological_alias_mass_v1:alpha=3	5c247107561660669e1e40fa17e9c74b9ce7f23c4cacc5cd6479e760fab68aab	region_local	2	0.009098453828575907	0	0.4644698459572693	0.009098451368821226	0	2.0	2.0	1.0	0.02428889767926321	0.9289396706007154	2.0	1	first_linear_segment_at_fitted_phi	0.9289396919145386	2.0	1	first_linear_segment_at_clustered_phi	1
exampleTumor1	m103	region2	clipp2_single_switch_path_mixture_v1	1	phased_unphased_two_state_positive_dosages_v1	endpoint_excess_dosage_penalty_biological_alias_mass_v1:alpha=3	5c247107561660669e1e40fa17e9c74b9ce7f23c4cacc5cd6479e760fab68aab	region_local	1	0.9999869330396951	1	0.5783395130938829	0.9999869330348694	1	1.0	1.0	1.0	0.9757111023207368	0.5783395226292188	1.0	0	first_linear_segment_at_fitted_phi	0.5783395130938829	1.0	0	first_linear_segment_at_clustered_phi	2
exampleTumor1	m103	region2	clipp2_single_switch_path_mixture_v1	1	phased_unphased_two_state_positive_dosages_v1	endpoint_excess_dosage_penalty_biological_alias_mass_v1:alpha=3	5c247107561660669e1e40fa17e9c74b9ce7f23c4cacc5cd6479e760fab68aab	region_local	2	1.3066960304865629e-05	0	0.5783395130938829	1.3066965130495273e-05	0	2.0	2.0	1.0	0.02428889767926321	1.1566790452584377	2.0	1	first_linear_segment_at_fitted_phi	1.1566790261877657	2.0	1	first_linear_segment_at_clustered_phi	1
exampleTumor1	m104	region1	clipp2_single_switch_path_mixture_v1	1	phased_unphased_two_state_positive_dosages_v1	endpoint_excess_dosage_penalty_biological_alias_mass_v1:alpha=3	5c247107561660669e1e40fa17e9c74b9ce7f23c4cacc5cd6479e760fab68aab	region_local	1	0.0001713742065165594	0	0.4644698459572693	0.00017137411336251747	0	2.0	1.0	0.46559310907204654	0.055039886808694184	0.9289396640170838	2.0	1	first_linear_segment_at_fitted_phi	0.9289396919145386	2.0	1	first_linear_segment_at_clustered_phi	2
exampleTumor1	m104	region1	clipp2_single_switch_path_mixture_v1	1	phased_unphased_two_state_positive_dosages_v1	endpoint_excess_dosage_penalty_biological_alias_mass_v1:alpha=3	5c247107561660669e1e40fa17e9c74b9ce7f23c4cacc5cd6479e760fab68aab	region_local	2	0.05823574310022232	0	0.4644698459572693	0.05823574310564776	0	1.0	2.0	0.5344068909279536	0.055039886808694205	0.4644698320085419	1.0	0	first_linear_segment_at_fitted_phi	0.4644698459572693	1.0	0	first_linear_segment_at_clustered_phi	2
exampleTumor1	m104	region1	clipp2_single_switch_path_mixture_v1	1	phased_unphased_two_state_positive_dosages_v1	endpoint_excess_dosage_penalty_biological_alias_mass_v1:alpha=3	5c247107561660669e1e40fa17e9c74b9ce7f23c4cacc5cd6479e760fab68aab	region_local	3	0.9415928826932611	1	0.4644698459572693	0.9415928827809897	1	1.0	1.0	1.0	0.8899202263826116	0.4644698320085419	1.0	0	first_linear_segment_at_fitted_phi	0.4644698459572693	1.0	0	first_linear_segment_at_clustered_phi	8
exampleTumor1	m104	region2	clipp2_single_switch_path_mixture_v1	1	phased_unphased_two_state_positive_dosages_v1	endpoint_excess_dosage_penalty_biological_alias_mass_v1:alpha=3	5c247107561660669e1e40fa17e9c74b9ce7f23c4cacc5cd6479e760fab68aab	region_local	1	0.07564115328945528	0	0.5783395130938829	0.0756411420679864	0	1.0	2.0	0.4432498707676336	0.04300336857382123	0.7134291153274865	1.2335818734564912	1	second_linear_segment_at_fitted_phi	0.7134291554201322	1.2335819000219685	1	second_linear_segment_at_clustered_phi	2
exampleTumor1	m104	region2	clipp2_single_switch_path_mixture_v1	1	phased_unphased_two_state_positive_dosages_v1	endpoint_excess_dosage_penalty_biological_alias_mass_v1:alpha=3	5c247107561660669e1e40fa17e9c74b9ce7f23c4cacc5cd6479e760fab68aab	region_local	2	0.0019729890691942958	0	0.5783395130938829	0.0019729881221291854	0	2.0	1.0	0.5567501292323666	0.043003368573821206	1.1350896222799265	1.962670085521173	1	second_linear_segment_at_fitted_phi	1.1350896423262493	1.9626700521532379	1	second_linear_segment_at_clustered_phi	2
exampleTumor1	m104	region2	clipp2_single_switch_path_mixture_v1	1	phased_unphased_two_state_positive_dosages_v1	endpoint_excess_dosage_penalty_biological_alias_mass_v1:alpha=3	5c247107561660669e1e40fa17e9c74b9ce7f23c4cacc5cd6479e760fab68aab	region_local	3	0.9223858576413505	1	0.5783395130938829	0.9223858698098844	1	1.0	1.0	1.0	0.9139932628523576	0.57833949304756	1.0	0	first_linear_segment_at_fitted_phi	0.5783395130938829	1.0	0	first_linear_segment_at_clustered_phi	8
exampleTumor1	m105	region1	clipp2_single_switch_path_mixture_v1	1	phased_unphased_two_state_positive_dosages_v1	endpoint_excess_dosage_penalty_biological_alias_mass_v1:alpha=3	5c247107561660669e1e40fa17e9c74b9ce7f23c4cacc5cd6479e760fab68aab	region_local	1	0.9998526052545023	1	0.4644698459572693	0.9998526051972306	1	1.0	1.0	1.0	0.9757111023207368	0.4644698593218851	1.0	0	first_linear_segment_at_fitted_phi	0.4644698459572693	1.0	0	first_linear_segment_at_clustered_phi	2
exampleTumor1	m105	region1	clipp2_single_switch_path_mixture_v1	1	phased_unphased_two_state_positive_dosages_v1	endpoint_excess_dosage_penalty_biological_alias_mass_v1:alpha=3	5c247107561660669e1e40fa17e9c74b9ce7f23c4cacc5cd6479e760fab68aab	region_local	2	0.00014739474549774393	0	0.4644698459572693	0.00014739480276940037	0	2.0	2.0	1.0	0.02428889767926321	0.9289397186437702	2.0	1	first_linear_segment_at_fitted_phi	0.9289396919145386	2.0	1	first_linear_segment_at_clustered_phi	1
exampleTumor1	m105	region2	clipp2_single_switch_path_mixture_v1	1	phased_unphased_two_state_positive_dosages_v1	endpoint_excess_dosage_penalty_biological_alias_mass_v1:alpha=3	5c247107561660669e1e40fa17e9c74b9ce7f23c4cacc5cd6479e760fab68aab	region_local	1	0.999999134440132	1	0.5783395130938829	0.9999991344398065	1	1.0	1.0	1.0	0.9757111023207368	0.5783395214840921	1.0	0	first_linear_segment_at_fitted_phi	0.5783395130938829	1.0	0	first_linear_segment_at_clustered_phi	2
exampleTumor1	m105	region2	clipp2_single_switch_path_mixture_v1	1	phased_unphased_two_state_positive_dosages_v1	endpoint_excess_dosage_penalty_biological_alias_mass_v1:alpha=3	5c247107561660669e1e40fa17e9c74b9ce7f23c4cacc5cd6479e760fab68aab	region_local	2	8.655598680577903e-07	0	0.5783395130938829	8.655601935689138e-07	0	2.0	2.0	1.0	0.02428889767926321	1.1566790429681841	2.0	1	first_linear_segment_at_fitted_phi	1.1566790261877657	2.0	1	first_linear_segment_at_clustered_phi	1
exampleTumor1	m106	region1	clipp2_single_switch_path_mixture_v1	1	phased_unphased_two_state_positive_dosages_v1	endpoint_excess_dosage_penalty_biological_alias_mass_v1:alpha=3	5c247107561660669e1e40fa17e9c74b9ce7f23c4cacc5cd6479e760fab68aab	region_local	1	0.9999997009986434	1	0.9999999820400683	0.9999997009988765	1	1.0	1.0	1.0	0.9757111023207368	0.9999999638951395	1.0	0	first_linear_segment_at_fitted_phi	0.9999999820400683	1.0	0	first_linear_segment_at_clustered_phi	2
exampleTumor1	m106	region1	clipp2_single_switch_path_mixture_v1	1	phased_unphased_two_state_positive_dosages_v1	endpoint_excess_dosage_penalty_biological_alias_mass_v1:alpha=3	5c247107561660669e1e40fa17e9c74b9ce7f23c4cacc5cd6479e760fab68aab	region_local	2	2.990013565701504e-07	0	0.9999999820400683	2.9900112352135673e-07	0	2.0	2.0	1.0	0.02428889767926321	1.999999927790279	2.0	1	first_linear_segment_at_fitted_phi	1.9999999640801367	2.0	1	first_linear_segment_at_clustered_phi	1
exampleTumor1	m106	region2	clipp2_single_switch_path_mixture_v1	1	phased_unphased_two_state_positive_dosages_v1	endpoint_excess_dosage_penalty_biological_alias_mass_v1:alpha=3	5c247107561660669e1e40fa17e9c74b9ce7f23c4cacc5cd6479e760fab68aab	region_local	1	0.9999999928516482	1	0.9999999744101855	0.9999999928516398	1	1.0	1.0	1.0	0.9757111023207368	1.0	1.0	0	switch_boundary_at_fitted_phi	0.9999999744101855	1.0	0	first_linear_segment_at_clustered_phi	2
exampleTumor1	m106	region2	clipp2_single_switch_path_mixture_v1	1	phased_unphased_two_state_positive_dosages_v1	endpoint_excess_dosage_penalty_biological_alias_mass_v1:alpha=3	5c247107561660669e1e40fa17e9c74b9ce7f23c4cacc5cd6479e760fab68aab	region_local	2	7.148351787516455e-09	0	0.9999999744101855	7.1483602843434864e-09	0	2.0	2.0	1.0	0.02428889767926321	2.0	2.0	1	switch_boundary_at_fitted_phi	1.999999948820371	2.0	1	first_linear_segment_at_clustered_phi	1
exampleTumor1	m107	region1	clipp2_single_switch_path_mixture_v1	1	phased_unphased_two_state_positive_dosages_v1	endpoint_excess_dosage_penalty_biological_alias_mass_v1:alpha=3	5c247107561660669e1e40fa17e9c74b9ce7f23c4cacc5cd6479e760fab68aab	region_local	1	0.0790612755817491	0	0.9999999820400683	0.07906126829595658	0	2.0	1.0	0.18979727272857988	0.1102685636923483	1.1897972366252674	1.1897972795808904	1	second_linear_segment_at_fitted_phi	1.1897972547686484	1.189797276137326	1	second_linear_segment_at_clustered_phi	2
exampleTumor1	m107	region1	clipp2_single_switch_path_mixture_v1	1	phased_unphased_two_state_positive_dosages_v1	endpoint_excess_dosage_penalty_biological_alias_mass_v1:alpha=3	5c247107561660669e1e40fa17e9c74b9ce7f23c4cacc5cd6479e760fab68aab	region_local	2	0.07906129077147063	0	0.9999999820400683	0.07906127585222675	0	1.0	2.0	0.8102027272714202	0.1102685636923483	1.1897972005219546	1.1897972434775763	1	second_linear_segment_at_fitted_phi	1.1897972368087166	1.1897972581773941	1	second_linear_segment_at_clustered_phi	2
exampleTumor1	m107	region1	clipp2_single_switch_path_mixture_v1	1	phased_unphased_two_state_positive_dosages_v1	endpoint_excess_dosage_penalty_biological_alias_mass_v1:alpha=3	5c247107561660669e1e40fa17e9c74b9ce7f23c4cacc5cd6479e760fab68aab	region_local	3	0.8418774336467802	1	0.9999999820400683	0.8418774558518167	1	1.0	1.0	1.0	0.7794628726153034	0.9999999638966874	1.0	0	first_linear_segment_at_fitted_phi	0.9999999820400683	1.0	0	first_linear_segment_at_clustered_phi	8
exampleTumor1	m107	region2	clipp2_single_switch_path_mixture_v1	1	phased_unphased_two_state_positive_dosages_v1	endpoint_excess_dosage_penalty_biological_alias_mass_v1:alpha=3	5c247107561660669e1e40fa17e9c74b9ce7f23c4cacc5cd6479e760fab68aab	region_local	1	0.13552993811160222	0	0.9999999744101855	0.13552992044455256	0	2.0	1.0	0.320738881115505	0.08019266527581756	1.320738842400774	1.320738893532825	1	second_linear_segment_at_fitted_phi	1.3207388555256907	1.320738889323154	1	second_linear_segment_at_clustered_phi	2
exampleTumor1	m107	region2	clipp2_single_switch_path_mixture_v1	1	phased_unphased_two_state_positive_dosages_v1	endpoint_excess_dosage_penalty_biological_alias_mass_v1:alpha=3	5c247107561660669e1e40fa17e9c74b9ce7f23c4cacc5cd6479e760fab68aab	region_local	2	0.1355299637491437	0	0.9999999744101855	0.13552993739055663	0	1.0	2.0	0.6792611188844951	0.08019266527581756	1.3207388036860426	1.3207388548180923	1	second_linear_segment_at_fitted_phi	1.320738829935876	1.3207388637333386	1	second_linear_segment_at_clustered_phi	2
exampleTumor1	m107	region2	clipp2_single_switch_path_mixture_v1	1	phased_unphased_two_state_positive_dosages_v1	endpoint_excess_dosage_penalty_biological_alias_mass_v1:alpha=3	5c247107561660669e1e40fa17e9c74b9ce7f23c4cacc5cd6479e760fab68aab	region_local	3	0.7289400981392541	1	0.9999999744101855	0.7289401421648908	1	1.0	1.0	1.0	0.8396146694483648	0.9999999612852689	1.0	0	first_linear_segment_at_fitted_phi	0.9999999744101855	1.0	0	first_linear_segment_at_clustered_phi	8
exampleTumor1	m108	region1	clipp2_single_switch_path_mixture_v1	1	phased_unphased_two_state_positive_dosages_v1	endpoint_excess_dosage_penalty_biological_alias_mass_v1:alpha=3	5c247107561660669e1e40fa17e9c74b9ce7f23c4cacc5cd6479e760fab68aab	region_local	1	0.9999999991966597	1	0.9999999820400683	0.999999999196659	1	1.0	1.0	1.0	0.9757111023207368	1.0	1.0	0	switch_boundary_at_fitted_phi	0.9999999820400683	1.0	0	first_linear_segment_at_clustered_phi	2
exampleTumor1	m108	region1	clipp2_single_switch_path_mixture_v1	1	phased_unphased_two_state_positive_dosages_v1	endpoint_excess_dosage_penalty_biological_alias_mass_v1:alpha=3	5c247107561660669e1e40fa17e9c74b9ce7f23c4cacc5cd6479e760fab68aab	region_local	2	8.033403919068451e-10	0	0.9999999820400683	8.033409738761087e-10	0	2.0	2.0	1.0	0.02428889767926321	2.0	2.0	1	switch_boundary_at_fitted_phi	1.9999999640801367	2.0	1	first_linear_segment_at_clustered_phi	1
exampleTumor1	m108	region2	clipp2_single_switch_path_mixture_v1	1	phased_unphased_two_state_positive_dosages_v1	endpoint_excess_dosage_penalty_biological_alias_mass_v1:alpha=3	5c247107561660669e1e40fa17e9c74b9ce7f23c4cacc5cd6479e760fab68aab	region_local	1	0.9999999504936339	1	0.9999999744101855	0.9999999504936687	1	1.0	1.0	1.0	0.9757111023207368	0.9999999612844118	1.0	0	first_linear_segment_at_fitted_phi	0.9999999744101855	1.0	0	first_linear_segment_at_clustered_phi	2
exampleTumor1	m108	region2	clipp2_single_switch_path_mixture_v1	1	phased_unphased_two_state_positive_dosages_v1	endpoint_excess_dosage_penalty_biological_alias_mass_v1:alpha=3	5c247107561660669e1e40fa17e9c74b9ce7f23c4cacc5cd6479e760fab68aab	region_local	2	4.9506366209079685e-08	0	0.9999999744101855	4.9506331309435723e-08	0	2.0	2.0	1.0	0.02428889767926321	1.9999999225688236	2.0	1	first_linear_segment_at_fitted_phi	1.999999948820371	2.0	1	first_linear_segment_at_clustered_phi	1
exampleTumor1	m109	region1	clipp2_single_switch_path_mixture_v1	1	phased_unphased_two_state_positive_dosages_v1	endpoint_excess_dosage_penalty_biological_alias_mass_v1:alpha=3	5c247107561660669e1e40fa17e9c74b9ce7f23c4cacc5cd6479e760fab68aab	region_local	1	0.49373658415792154	1	0.9999999820400683	0.4937366103019241	1	2.0	1.0	0.46559310907204654	0.055039886808694184	1.4655931090720467	1.4655931090720467	1	second_linear_segment_at_fitted_phi	1.4655930911121149	1.465593117434067	1	second_linear_segment_at_clustered_phi	2
exampleTumor1	m109	region1	clipp2_single_switch_path_mixture_v1	1	phased_unphased_two_state_positive_dosages_v1	endpoint_excess_dosage_penalty_biological_alias_mass_v1:alpha=3	5c247107561660669e1e40fa17e9c74b9ce7f23c4cacc5cd6479e760fab68aab	region_local	2	0.49373658415792154	0	0.9999999820400683	0.49373656146886946	0	1.0	2.0	0.5344068909279536	0.055039886808694205	1.4655931090720464	1.4655931090720464	1	second_linear_segment_at_fitted_phi	1.4655930731521831	1.465593099474135	1	second_linear_segment_at_clustered_phi	2
exampleTumor1	m109	region1	clipp2_single_switch_path_mixture_v1	1	phased_unphased_two_state_positive_dosages_v1	endpoint_excess_dosage_penalty_biological_alias_mass_v1:alpha=3	5c247107561660669e1e40fa17e9c74b9ce7f23c4cacc5cd6479e760fab68aab	region_local	3	0.0125268316841569	0	0.9999999820400683	0.012526828229206506	0	1.0	1.0	1.0	0.8899202263826116	1.0	1.0	0	switch_boundary_at_fitted_phi	0.9999999820400683	1.0	0	first_linear_segment_at_clustered_phi	8
exampleTumor1	m109	region2	clipp2_single_switch_path_mixture_v1	1	phased_unphased_two_state_positive_dosages_v1	endpoint_excess_dosage_penalty_biological_alias_mass_v1:alpha=3	5c247107561660669e1e40fa17e9c74b9ce7f23c4cacc5cd6479e760fab68aab	region_local	1	0.25413654727345814	0	0.9999999744101855	0.25413650562555556	0	1.0	2.0	0.4432498707676336	0.04300336857382123	1.556750051802631	1.5567501120720058	1	second_linear_segment_at_fitted_phi	1.5567500780527375	1.556750117889684	1	second_linear_segment_at_clustered_phi	2
exampleTumor1	m109	region2	clipp2_single_switch_path_mixture_v1	1	phased_unphased_two_state_positive_dosages_v1	endpoint_excess_dosage_penalty_biological_alias_mass_v1:alpha=3	5c247107561660669e1e40fa17e9c74b9ce7f23c4cacc5cd6479e760fab68aab	region_local	2	0.25413650394284787	0	0.9999999744101855	0.25413647698482256	0	2.0	1.0	0.5567501292323666	0.043003368573821206	1.556750090517499	1.556750150786875	1	second_linear_segment_at_fitted_phi	1.556750103642552	1.5567501434794992	1	second_linear_segment_at_clustered_phi	2
exampleTumor1	m109	region2	clipp2_single_switch_path_mixture_v1	1	phased_unphased_two_state_positive_dosages_v1	endpoint_excess_dosage_penalty_biological_alias_mass_v1:alpha=3	5c247107561660669e1e40fa17e9c74b9ce7f23c4cacc5cd6479e760fab68aab	region_local	3	0.4917269487836941	1	0.9999999744101855	0.49172701738962193	1	1.0	1.0	1.0	0.9139932628523576	0.9999999612851322	1.0	0	first_linear_segment_at_fitted_phi	0.9999999744101855	1.0	0	first_linear_segment_at_clustered_phi	8
exampleTumor1	m110	region1	clipp2_single_switch_path_mixture_v1	1	phased_unphased_two_state_positive_dosages_v1	endpoint_excess_dosage_penalty_biological_alias_mass_v1:alpha=3	5c247107561660669e1e40fa17e9c74b9ce7f23c4cacc5cd6479e760fab68aab	region_local	1	0.00023489436944313375	0	0.4644698459572693	0.00023489430719042905	0	2.0	1.0	0.46559310907204654	0.055039886808694184	0.9289396773200974	2.0	1	first_linear_segment_at_fitted_phi	0.9289396919145386	2.0	1	first_linear_segment_at_clustered_phi	2
exampleTumor1	m110	region1	clipp2_single_switch_path_mixture_v1	1	phased_unphased_two_state_positive_dosages_v1	endpoint_excess_dosage_penalty_biological_alias_mass_v1:alpha=3	5c247107561660669e1e40fa17e9c74b9ce7f23c4cacc5cd6479e760fab68aab	region_local	2	0.05823204332228594	0	0.4644698459572693	0.0582320433259115	0	1.0	2.0	0.5344068909279536	0.055039886808694205	0.4644698386600487	1.0	0	first_linear_segment_at_fitted_phi	0.4644698459572693	1.0	0	first_linear_segment_at_clustered_phi	2
exampleTumor1	m110	region1	clipp2_single_switch_path_mixture_v1	1	phased_unphased_two_state_positive_dosages_v1	endpoint_excess_dosage_penalty_biological_alias_mass_v1:alpha=3	5c247107561660669e1e40fa17e9c74b9ce7f23c4cacc5cd6479e760fab68aab	region_local	3	0.9415330623082709	1	0.4644698459572693	0.941533062366898	1	1.0	1.0	1.0	0.8899202263826116	0.4644698386600487	1.0	0	first_linear_segment_at_fitted_phi	0.4644698459572693	1.0	0	first_linear_segment_at_clustered_phi	8
exampleTumor1	m110	region2	clipp2_single_switch_path_mixture_v1	1	phased_unphased_two_state_positive_dosages_v1	endpoint_excess_dosage_penalty_biological_alias_mass_v1:alpha=3	5c247107561660669e1e40fa17e9c74b9ce7f23c4cacc5cd6479e760fab68aab	region_local	1	0.026123350204328655	0	0.5783395130938829	0.026123347461708465	0	1.0	2.0	0.4432498707676336	0.04300336857382123	0.7134291411946068	1.2335818905961036	1	second_linear_segment_at_fitted_phi	0.7134291554201322	1.2335819000219685	1	second_linear_segment_at_clustered_phi	2
exampleTumor1	m110	region2	clipp2_single_switch_path_mixture_v1	1	phased_unphased_two_state_positive_dosages_v1	endpoint_excess_dosage_penalty_biological_alias_mass_v1:alpha=3	5c247107561660669e1e40fa17e9c74b9ce7f23c4cacc5cd6479e760fab68aab	region_local	2	3.103043521810256e-05	0	0.5783395130938829	3.103043024714585e-05	0	2.0	1.0	0.5567501292323666	0.043003368573821206	1.1350896352134867	1.9626700639927261	1	second_linear_segment_at_fitted_phi	1.1350896423262493	1.9626700521532379	1	second_linear_segment_at_clustered_phi	2
exampleTumor1	m110	region2	clipp2_single_switch_path_mixture_v1	1	phased_unphased_two_state_positive_dosages_v1	endpoint_excess_dosage_penalty_biological_alias_mass_v1:alpha=3	5c247107561660669e1e40fa17e9c74b9ce7f23c4cacc5cd6479e760fab68aab	region_local	3	0.9738456193604533	1	0.5783395130938829	0.9738456221080444	1	1.0	1.0	1.0	0.9139932628523576	0.5783395059811202	1.0	0	first_linear_segment_at_fitted_phi	0.5783395130938829	1.0	0	first_linear_segment_at_clustered_phi	8
exampleTumor1	m111	region1	clipp2_single_switch_path_mixture_v1	1	phased_unphased_two_state_positive_dosages_v1	endpoint_excess_dosage_penalty_biological_alias_mass_v1:alpha=3	5c247107561660669e1e40fa17e9c74b9ce7f23c4cacc5cd6479e760fab68aab	region_local	1	0.9617327568778256	1	0.20466086196598293	0.9617327610888238	1	1.0	1.0	1.0	0.9757111023207368	0.20466085767202027	1.0	0	first_linear_segment_at_fitted_phi	0.20466086196598293	1.0	0	first_linear_segment_at_clustered_phi	2
exampleTumor1	m111	region1	clipp2_single_switch_path_mixture_v1	1	phased_unphased_two_state_positive_dosages_v1	endpoint_excess_dosage_penalty_biological_alias_mass_v1:alpha=3	5c247107561660669e1e40fa17e9c74b9ce7f23c4cacc5cd6479e760fab68aab	region_local	2	0.03826724312217442	0	0.20466086196598293	0.038267238911176206	0	2.0	2.0	1.0	0.02428889767926321	0.40932171534404055	2.0	1	first_linear_segment_at_fitted_phi	0.40932172393196586	2.0	1	first_linear_segment_at_clustered_phi	1
exampleTumor1	m111	region2	clipp2_single_switch_path_mixture_v1	1	phased_unphased_two_state_positive_dosages_v1	endpoint_excess_dosage_penalty_biological_alias_mass_v1:alpha=3	5c247107561660669e1e40fa17e9c74b9ce7f23c4cacc5cd6479e760fab68aab	region_local	1	0.9987444497248325	1	0.26801886587083323	0.9987444586862632	1	1.0	1.0	1.0	0.9757111023207368	0.2680186649374554	1.0	0	first_linear_segment_at_fitted_phi	0.26801886587083323	1.0	0	first_linear_segment_at_clustered_phi	2
exampleTumor1	m111	region2	clipp2_single_switch_path_mixture_v1	1	phased_unphased_two_state_positive_dosages_v1	endpoint_excess_dosage_penalty_biological_alias_mass_v1:alpha=3	5c247107561660669e1e40fa17e9c74b9ce7f23c4cacc5cd6479e760fab68aab	region_local	2	0.00125555027516752	0	0.26801886587083323	0.0012555413137368436	0	2.0	2.0	1.0	0.02428889767926321	0.5360373298749108	2.0	1	first_linear_segment_at_fitted_phi	0.5360377317416665	2.0	1	first_linear_segment_at_clustered_phi	1
exampleTumor1	m112	region1	clipp2_single_switch_path_mixture_v1	1	phased_unphased_two_state_positive_dosages_v1	endpoint_excess_dosage_penalty_biological_alias_mass_v1:alpha=3	5c247107561660669e1e40fa17e9c74b9ce7f23c4cacc5cd6479e760fab68aab	region_local	1	0.0033103651514426713	0	0.9999999820400683	0.0033103644021807493	0	2.0	1.0	0.46559310907204654	0.055039886808694184	1.4655930729675088	1.4655931258820711	1	second_linear_segment_at_fitted_phi	1.4655930911121149	1.465593117434067	1	second_linear_segment_at_clustered_phi	2
exampleTumor1	m112	region1	clipp2_single_switch_path_mixture_v1	1	phased_unphased_two_state_positive_dosages_v1	endpoint_excess_dosage_penalty_biological_alias_mass_v1:alpha=3	5c247107561660669e1e40fa17e9c74b9ce7f23c4cacc5cd6479e760fab68aab	region_local	2	0.003310366609989446	0	0.9999999820400683	0.003310365127723737	0	1.0	2.0	0.5344068909279536	0.055039886808694205	1.465593036862971	1.465593089777532	1	second_linear_segment_at_fitted_phi	1.4655930731521831	1.465593099474135	1	second_linear_segment_at_clustered_phi	2
exampleTumor1	m112	region1	clipp2_single_switch_path_mixture_v1	1	phased_unphased_two_state_positive_dosages_v1	endpoint_excess_dosage_penalty_biological_alias_mass_v1:alpha=3	5c247107561660669e1e40fa17e9c74b9ce7f23c4cacc5cd6479e760fab68aab	region_local	3	0.9933792682385679	1	0.9999999820400683	0.9933792704700956	1	1.0	1.0	1.0	0.8899202263826116	0.9999999638954623	1.0	0	first_linear_segment_at_fitted_phi	0.9999999820400683	1.0	0	first_linear_segment_at_clustered_phi	8
exampleTumor1	m112	region2	clipp2_single_switch_path_mixture_v1	1	phased_unphased_two_state_positive_dosages_v1	endpoint_excess_dosage_penalty_biological_alias_mass_v1:alpha=3	5c247107561660669e1e40fa17e9c74b9ce7f23c4cacc5cd6479e760fab68aab	region_local	1	0.02010840534441005	0	0.9999999744101855	0.020108422531655047	0	1.0	2.0	0.4432498707676336	0.04300336857382123	1.5567501292323664	1.5567501292323664	1	second_linear_segment_at_fitted_phi	1.5567500780527375	1.556750117889684	1	second_linear_segment_at_clustered_phi	2
exampleTumor1	m112	region2	clipp2_single_switch_path_mixture_v1	1	phased_unphased_two_state_positive_dosages_v1	endpoint_excess_dosage_penalty_biological_alias_mass_v1:alpha=3	5c247107561660669e1e40fa17e9c74b9ce7f23c4cacc5cd6479e760fab68aab	region_local	2	0.02010840534441005	0	0.9999999744101855	0.020108416330284706	0	2.0	1.0	0.5567501292323666	0.043003368573821206	1.5567501292323667	1.5567501292323667	1	second_linear_segment_at_fitted_phi	1.556750103642552	1.5567501434794992	1	second_linear_segment_at_clustered_phi	2
exampleTumor1	m112	region2	clipp2_single_switch_path_mixture_v1	1	phased_unphased_two_state_positive_dosages_v1	endpoint_excess_dosage_penalty_biological_alias_mass_v1:alpha=3	5c247107561660669e1e40fa17e9c74b9ce7f23c4cacc5cd6479e760fab68aab	region_local	3	0.95978318931118	1	0.9999999744101855	0.9597831611380603	1	1.0	1.0	1.0	0.9139932628523576	1.0	1.0	0	switch_boundary_at_fitted_phi	0.9999999744101855	1.0	0	first_linear_segment_at_clustered_phi	8
exampleTumor1	m113	region1	clipp2_single_switch_path_mixture_v1	1	phased_unphased_two_state_positive_dosages_v1	endpoint_excess_dosage_penalty_biological_alias_mass_v1:alpha=3	5c247107561660669e1e40fa17e9c74b9ce7f23c4cacc5cd6479e760fab68aab	region_local	1	0.0006389574636841568	0	0.9999999820400683	0.0006389577974043399	0	1.0	1.0	1.0	0.9757111023207368	0.9999999639007725	1.0	0	first_linear_segment_at_fitted_phi	0.9999999820400683	1.0	0	first_linear_segment_at_clustered_phi	2
exampleTumor1	m113	region1	clipp2_single_switch_path_mixture_v1	1	phased_unphased_two_state_positive_dosages_v1	endpoint_excess_dosage_penalty_biological_alias_mass_v1:alpha=3	5c247107561660669e1e40fa17e9c74b9ce7f23c4cacc5cd6479e760fab68aab	region_local	2	0.9993610425363159	1	0.9999999820400683	0.9993610422025956	1	2.0	2.0	1.0	0.02428889767926321	1.999999927801545	2.0	1	first_linear_segment_at_fitted_phi	1.9999999640801367	2.0	1	first_linear_segment_at_clustered_phi	1
exampleTumor1	m113	region2	clipp2_single_switch_path_mixture_v1	1	phased_unphased_two_state_positive_dosages_v1	endpoint_excess_dosage_penalty_biological_alias_mass_v1:alpha=3	5c247107561660669e1e40fa17e9c74b9ce7f23c4cacc5cd6479e760fab68aab	region_local	1	2.708667958385883e-06	0	0.9999999744101855	2.7086691709584476e-06	0	1.0	1.0	1.0	0.9757111023207368	0.9999999612866243	1.0	0	first_linear_segment_at_fitted_phi	0.9999999744101855	1.0	0	first_linear_segment_at_clustered_phi	2
exampleTumor1	m113	region2	clipp2_single_switch_path_mixture_v1	1	phased_unphased_two_state_positive_dosages_v1	endpoint_excess_dosage_penalty_biological_alias_mass_v1:alpha=3	5c247107561660669e1e40fa17e9c74b9ce7f23c4cacc5cd6479e760fab68aab	region_local	2	0.9999972913320416	1	0.9999999744101855	0.9999972913308292	1	2.0	2.0	1.0	0.02428889767926321	1.9999999225732485	2.0	1	first_linear_segment_at_fitted_phi	1.999999948820371	2.0	1	first_linear_segment_at_clustered_phi	1
exampleTumor1	m114	region1	clipp2_single_switch_path_mixture_v1	1	phased_unphased_two_state_positive_dosages_v1	endpoint_excess_dosage_penalty_biological_alias_mass_v1:alpha=3	5c247107561660669e1e40fa17e9c74b9ce7f23c4cacc5cd6479e760fab68aab	region_local	1	0.999999974293108	1	0.9999999820400683	0.9999999742930895	1	1.0	1.0	1.0	0.9757111023207368	1.0	1.0	0	switch_boundary_at_fitted_phi	0.9999999820400683	1.0	0	first_linear_segment_at_clustered_phi	2
exampleTumor1	m114	region1	clipp2_single_switch_path_mixture_v1	1	phased_unphased_two_state_positive_dosages_v1	endpoint_excess_dosage_penalty_biological_alias_mass_v1:alpha=3	5c247107561660669e1e40fa17e9c74b9ce7f23c4cacc5cd6479e760fab68aab	region_local	2	2.570689190082617e-08	0	0.9999999820400683	2.5706910523841684e-08	0	2.0	2.0	1.0	0.02428889767926321	2.0	2.0	1	switch_boundary_at_fitted_phi	1.9999999640801367	2.0	1	first_linear_segment_at_clustered_phi	1
exampleTumor1	m114	region2	clipp2_single_switch_path_mixture_v1	1	phased_unphased_two_state_positive_dosages_v1	endpoint_excess_dosage_penalty_biological_alias_mass_v1:alpha=3	5c247107561660669e1e40fa17e9c74b9ce7f23c4cacc5cd6479e760fab68aab	region_local	1	0.9999999994969646	1	0.9999999744101855	0.9999999994969638	1	1.0	1.0	1.0	0.9757111023207368	1.0	1.0	0	switch_boundary_at_fitted_phi	0.9999999744101855	1.0	0	first_linear_segment_at_clustered_phi	2
exampleTumor1	m114	region2	clipp2_single_switch_path_mixture_v1	1	phased_unphased_two_state_positive_dosages_v1	endpoint_excess_dosage_penalty_biological_alias_mass_v1:alpha=3	5c247107561660669e1e40fa17e9c74b9ce7f23c4cacc5cd6479e760fab68aab	region_local	2	5.030354862243562e-10	0	0.9999999744101855	5.030361869222684e-10	0	2.0	2.0	1.0	0.02428889767926321	2.0	2.0	1	switch_boundary_at_fitted_phi	1.999999948820371	2.0	1	first_linear_segment_at_clustered_phi	1
exampleTumor1	m115	region1	clipp2_single_switch_path_mixture_v1	1	phased_unphased_two_state_positive_dosages_v1	endpoint_excess_dosage_penalty_biological_alias_mass_v1:alpha=3	5c247107561660669e1e40fa17e9c74b9ce7f23c4cacc5cd6479e760fab68aab	region_local	1	0.9999984604772633	1	0.9999999820400683	0.9999984604782145	1	1.0	1.0	1.0	0.9757111023207368	0.9999999638942608	1.0	0	first_linear_segment_at_fitted_phi	0.9999999820400683	1.0	0	first_linear_segment_at_clustered_phi	2
exampleTumor1	m115	region1	clipp2_single_switch_path_mixture_v1	1	phased_unphased_two_state_positive_dosages_v1	endpoint_excess_dosage_penalty_biological_alias_mass_v1:alpha=3	5c247107561660669e1e40fa17e9c74b9ce7f23c4cacc5cd6479e760fab68aab	region_local	2	1.5395227367149178e-06	0	0.9999999820400683	1.5395217854974065e-06	0	2.0	2.0	1.0	0.02428889767926321	1.9999999277885216	2.0	1	first_linear_segment_at_fitted_phi	1.9999999640801367	2.0	1	first_linear_segment_at_clustered_phi	1
exampleTumor1	m115	region2	clipp2_single_switch_path_mixture_v1	1	phased_unphased_two_state_positive_dosages_v1	endpoint_excess_dosage_penalty_biological_alias_mass_v1:alpha=3	5c247107561660669e1e40fa17e9c74b9ce7f23c4cacc5cd6479e760fab68aab	region_local	1	0.9999707212081418	1	0.9999999744101855	0.9999707211733408	1	1.0	1.0	1.0	0.9757111023207368	1.0	1.0	0	switch_boundary_at_fitted_phi	0.9999999744101855	1.0	0	first_linear_segment_at_clustered_phi	2
exampleTumor1	m115	region2	clipp2_single_switch_path_mixture_v1	1	phased_unphased_two_state_positive_dosages_v1	endpoint_excess_dosage_penalty_biological_alias_mass_v1:alpha=3	5c247107561660669e1e40fa17e9c74b9ce7f23c4cacc5cd6479e760fab68aab	region_local	2	2.927879185821587e-05	0	0.9999999744101855	2.927882665918214e-05	0	2.0	2.0	1.0	0.02428889767926321	2.0	2.0	1	switch_boundary_at_fitted_phi	1.999999948820371	2.0	1	first_linear_segment_at_clustered_phi	1
exampleTumor1	m116	region1	clipp2_single_switch_path_mixture_v1	1	phased_unphased_two_state_positive_dosages_v1	endpoint_excess_dosage_penalty_biological_alias_mass_v1:alpha=3	5c247107561660669e1e40fa17e9c74b9ce7f23c4cacc5cd6479e760fab68aab	region_local	1	0.0001610012984485117	0	0.4644698459572693	0.000161001327231247	0	2.0	1.0	0.46559310907204654	0.055039886808694184	0.9289397025328031	2.0	1	first_linear_segment_at_fitted_phi	0.9289396919145386	2.0	1	first_linear_segment_at_clustered_phi	2
exampleTumor1	m116	region1	clipp2_single_switch_path_mixture_v1	1	phased_unphased_two_state_positive_dosages_v1	endpoint_excess_dosage_penalty_biological_alias_mass_v1:alpha=3	5c247107561660669e1e40fa17e9c74b9ce7f23c4cacc5cd6479e760fab68aab	region_local	2	0.05823634727777223	0	0.4644698459572693	0.05823634727609536	0	1.0	2.0	0.5344068909279536	0.055039886808694205	0.46446985126640156	1.0	0	first_linear_segment_at_fitted_phi	0.4644698459572693	1.0	0	first_linear_segment_at_clustered_phi	2
exampleTumor1	m116	region1	clipp2_single_switch_path_mixture_v1	1	phased_unphased_two_state_positive_dosages_v1	endpoint_excess_dosage_penalty_biological_alias_mass_v1:alpha=3	5c247107561660669e1e40fa17e9c74b9ce7f23c4cacc5cd6479e760fab68aab	region_local	3	0.9416026514237793	1	0.4644698459572693	0.9416026513966734	1	1.0	1.0	1.0	0.8899202263826116	0.46446985126640156	1.0	0	first_linear_segment_at_fitted_phi	0.4644698459572693	1.0	0	first_linear_segment_at_clustered_phi	8
exampleTumor1	m116	region2	clipp2_single_switch_path_mixture_v1	1	phased_unphased_two_state_positive_dosages_v1	endpoint_excess_dosage_penalty_biological_alias_mass_v1:alpha=3	5c247107561660669e1e40fa17e9c74b9ce7f23c4cacc5cd6479e760fab68aab	region_local	1	0.014147576455240759	0	0.5783395130938829	0.014147579273283674	0	1.0	2.0	0.4432498707676336	0.04300336857382123	0.7134291798159522	1.233581916186693	1	second_linear_segment_at_fitted_phi	0.7134291554201322	1.2335819000219685	1	second_linear_segment_at_clustered_phi	2
exampleTumor1	m116	region2	clipp2_single_switch_path_mixture_v1	1	phased_unphased_two_state_positive_dosages_v1	endpoint_excess_dosage_penalty_biological_alias_mass_v1:alpha=3	5c247107561660669e1e40fa17e9c74b9ce7f23c4cacc5cd6479e760fab68aab	region_local	2	9.395189129835781e-06	0	0.5783395130938829	9.395191018246062e-06	0	2.0	1.0	0.5567501292323666	0.043003368573821206	1.1350896545241596	1.9626700318493127	1	second_linear_segment_at_fitted_phi	1.1350896423262493	1.9626700521532379	1	second_linear_segment_at_clustered_phi	2
exampleTumor1	m116	region2	clipp2_single_switch_path_mixture_v1	1	phased_unphased_two_state_positive_dosages_v1	endpoint_excess_dosage_penalty_biological_alias_mass_v1:alpha=3	5c247107561660669e1e40fa17e9c74b9ce7f23c4cacc5cd6479e760fab68aab	region_local	3	0.9858430283556294	1	0.5783395130938829	0.9858430255356981	1	1.0	1.0	1.0	0.9139932628523576	0.5783395252917929	1.0	0	first_linear_segment_at_fitted_phi	0.5783395130938829	1.0	0	first_linear_segment_at_clustered_phi	8
exampleTumor1	m117	region1	clipp2_single_switch_path_mixture_v1	1	phased_unphased_two_state_positive_dosages_v1	endpoint_excess_dosage_penalty_biological_alias_mass_v1:alpha=3	5c247107561660669e1e40fa17e9c74b9ce7f23c4cacc5cd6479e760fab68aab	region_local	1	0.9999955726821756	1	0.9999999820400683	0.9999955726850372	1	1.0	1.0	1.0	0.9757111023207368	0.9999999638946457	1.0	0	first_linear_segment_at_fitted_phi	0.9999999820400683	1.0	0	first_linear_segment_at_clustered_phi	2
exampleTumor1	m117	region1	clipp2_single_switch_path_mixture_v1	1	phased_unphased_two_state_positive_dosages_v1	endpoint_excess_dosage_penalty_biological_alias_mass_v1:alpha=3	5c247107561660669e1e40fa17e9c74b9ce7f23c4cacc5cd6479e760fab68aab	region_local	2	4.427317824438887e-06	0	0.9999999820400683	4.42731496276921e-06	0	2.0	2.0	1.0	0.02428889767926321	1.9999999277892915	2.0	1	first_linear_segment_at_fitted_phi	1.9999999640801367	2.0	1	first_linear_segment_at_clustered_phi	1
exampleTumor1	m117	region2	clipp2_single_switch_path_mixture_v1	1	phased_unphased_two_state_positive_dosages_v1	endpoint_excess_dosage_penalty_biological_alias_mass_v1:alpha=3	5c247107561660669e1e40fa17e9c74b9ce7f23c4cacc5cd6479e760fab68aab	region_local	1	0.9997972634460536	1	0.9999999744101855	0.9997972631674756	1	1.0	1.0	1.0	0.9757111023207368	1.0	1.0	0	switch_boundary_at_fitted_phi	0.9999999744101855	1.0	0	first_linear_segment_at_clustered_phi	2
exampleTumor1	m117	region2	clipp2_single_switch_path_mixture_v1	1	phased_unphased_two_state_positive_dosages_v1	endpoint_excess_dosage_penalty_biological_alias_mass_v1:alpha=3	5c247107561660669e1e40fa17e9c74b9ce7f23c4cacc5cd6479e760fab68aab	region_local	2	0.00020273655394645608	0	0.9999999744101855	0.00020273683252435178	0	2.0	2.0	1.0	0.02428889767926321	2.0	2.0	1	switch_boundary_at_fitted_phi	1.999999948820371	2.0	1	first_linear_segment_at_clustered_phi	1
exampleTumor1	m118	region1	clipp2_single_switch_path_mixture_v1	1	phased_unphased_two_state_positive_dosages_v1	endpoint_excess_dosage_penalty_biological_alias_mass_v1:alpha=3	5c247107561660669e1e40fa17e9c74b9ce7f23c4cacc5cd6479e760fab68aab	region_local	1	0.0013529464205633095	0	0.20466086196598293	0.0013529494216290051	0	2.0	1.0	0.46559310907204654	0.055039886808694184	0.4093218866647486	2.0	1	first_linear_segment_at_fitted_phi	0.40932172393196586	2.0	1	first_linear_segment_at_clustered_phi	2
exampleTumor1	m118	region1	clipp2_single_switch_path_mixture_v1	1	phased_unphased_two_state_positive_dosages_v1	endpoint_excess_dosage_penalty_biological_alias_mass_v1:alpha=3	5c247107561660669e1e40fa17e9c74b9ce7f23c4cacc5cd6479e760fab68aab	region_local	2	0.058166921570075324	0	0.20466086196598293	0.05816692139527608	0	1.0	2.0	0.5344068909279536	0.055039886808694205	0.2046609433323743	1.0	0	first_linear_segment_at_fitted_phi	0.20466086196598293	1.0	0	first_linear_segment_at_clustered_phi	2
exampleTumor1	m118	region1	clipp2_single_switch_path_mixture_v1	1	phased_unphased_two_state_positive_dosages_v1	endpoint_excess_dosage_penalty_biological_alias_mass_v1:alpha=3	5c247107561660669e1e40fa17e9c74b9ce7f23c4cacc5cd6479e760fab68aab	region_local	3	0.9404801320093613	1	0.20466086196598293	0.940480129183095	1	1.0	1.0	1.0	0.8899202263826116	0.2046609433323743	1.0	0	first_linear_segment_at_fitted_phi	0.20466086196598293	1.0	0	first_linear_segment_at_clustered_phi	8
exampleTumor1	m118	region2	clipp2_single_switch_path_mixture_v1	1	phased_unphased_two_state_positive_dosages_v1	endpoint_excess_dosage_penalty_biological_alias_mass_v1:alpha=3	5c247107561660669e1e40fa17e9c74b9ce7f23c4cacc5cd6479e760fab68aab	region_local	1	0.044881460220041136	0	0.26801886587083323	0.044881460237581605	0	1.0	2.0	0.4432498707676336	0.04300336857382123	0.2680188524562822	1.0	0	first_linear_segment_at_fitted_phi	0.26801886587083323	1.0	0	first_linear_segment_at_clustered_phi	2
exampleTumor1	m118	region2	clipp2_single_switch_path_mixture_v1	1	phased_unphased_two_state_positive_dosages_v1	endpoint_excess_dosage_penalty_biological_alias_mass_v1:alpha=3	5c247107561660669e1e40fa17e9c74b9ce7f23c4cacc5cd6479e760fab68aab	region_local	2	0.0012083316139440267	0	0.26801886587083323	0.0012083312235967288	0	2.0	1.0	0.5567501292323666	0.043003368573821206	0.5360377049125644	2.0	1	first_linear_segment_at_fitted_phi	0.5360377317416665	2.0	1	first_linear_segment_at_clustered_phi	2
exampleTumor1	m118	region2	clipp2_single_switch_path_mixture_v1	1	phased_unphased_two_state_positive_dosages_v1	endpoint_excess_dosage_penalty_biological_alias_mass_v1:alpha=3	5c247107561660669e1e40fa17e9c74b9ce7f23c4cacc5cd6479e760fab68aab	region_local	3	0.9539102081660148	1	0.26801886587083323	0.9539102085388217	1	1.0	1.0	1.0	0.9139932628523576	0.2680188524562822	1.0	0	first_linear_segment_at_fitted_phi	0.26801886587083323	1.0	0	first_linear_segment_at_clustered_phi	8
exampleTumor1	m119	region1	clipp2_single_switch_path_mixture_v1	1	phased_unphased_two_state_positive_dosages_v1	endpoint_excess_dosage_penalty_biological_alias_mass_v1:alpha=3	5c247107561660669e1e40fa17e9c74b9ce7f23c4cacc5cd6479e760fab68aab	region_local	1	0.9919505513951142	1	0.4644698459572693	0.9919505535924037	1	1.0	1.0	1.0	0.9757111023207368	0.46446983533933767	1.0	0	first_linear_segment_at_fitted_phi	0.4644698459572693	1.0	0	first_linear_segment_at_clustered_phi	2
exampleTumor1	m119	region1	clipp2_single_switch_path_mixture_v1	1	phased_unphased_two_state_positive_dosages_v1	endpoint_excess_dosage_penalty_biological_alias_mass_v1:alpha=3	5c247107561660669e1e40fa17e9c74b9ce7f23c4cacc5cd6479e760fab68aab	region_local	2	0.008049448604885767	0	0.4644698459572693	0.008049446407596316	0	2.0	2.0	1.0	0.02428889767926321	0.9289396706786753	2.0	1	first_linear_segment_at_fitted_phi	0.9289396919145386	2.0	1	first_linear_segment_at_clustered_phi	1
exampleTumor1	m119	region2	clipp2_single_switch_path_mixture_v1	1	phased_unphased_two_state_positive_dosages_v1	endpoint_excess_dosage_penalty_biological_alias_mass_v1:alpha=3	5c247107561660669e1e40fa17e9c74b9ce7f23c4cacc5cd6479e760fab68aab	region_local	1	0.999999908681739	1	0.5783395130938829	0.9999999086816332	1	1.0	1.0	1.0	0.9757111023207368	0.5783395440617349	1.0	0	first_linear_segment_at_fitted_phi	0.5783395130938829	1.0	0	first_linear_segment_at_clustered_phi	2
exampleTumor1	m119	region2	clipp2_single_switch_path_mixture_v1	1	phased_unphased_two_state_positive_dosages_v1	endpoint_excess_dosage_penalty_biological_alias_mass_v1:alpha=3	5c247107561660669e1e40fa17e9c74b9ce7f23c4cacc5cd6479e760fab68aab	region_local	2	9.131826094106576e-08	0	0.5783395130938829	9.131836677535245e-08	0	2.0	2.0	1.0	0.02428889767926321	1.1566790881234699	2.0	1	first_linear_segment_at_fitted_phi	1.1566790261877657	2.0	1	first_linear_segment_at_clustered_phi	1
exampleTumor1	m120	region1	clipp2_single_switch_path_mixture_v1	1	phased_unphased_two_state_positive_dosages_v1	endpoint_excess_dosage_penalty_biological_alias_mass_v1:alpha=3	5c247107561660669e1e40fa17e9c74b9ce7f23c4cacc5cd6479e760fab68aab	region_local	1	0.4630169533739175	1	0.9999999820400683	0.4630169352996462	1	2.0	1.0	0.46559310907204654	0.055039886808694184	1.465593072972288	1.4655931258798462	1	second_linear_segment_at_fitted_phi	1.4655930911121149	1.465593117434067	1	second_linear_segment_at_clustered_phi	2
exampleTumor1	m120	region1	clipp2_single_switch_path_mixture_v1	1	phased_unphased_two_state_positive_dosages_v1	endpoint_excess_dosage_penalty_biological_alias_mass_v1:alpha=3	5c247107561660669e1e40fa17e9c74b9ce7f23c4cacc5cd6479e760fab68aab	region_local	2	0.4630169227122729	0	0.9999999820400683	0.4630169200452264	0	1.0	2.0	0.5344068909279536	0.055039886808694205	1.465593036872529	1.465593089780086	1	second_linear_segment_at_fitted_phi	1.4655930731521831	1.465593099474135	1	second_linear_segment_at_clustered_phi	2
exampleTumor1	m120	region1	clipp2_single_switch_path_mixture_v1	1	phased_unphased_two_state_positive_dosages_v1	endpoint_excess_dosage_penalty_biological_alias_mass_v1:alpha=3	5c247107561660669e1e40fa17e9c74b9ce7f23c4cacc5cd6479e760fab68aab	region_local	3	0.07396612391380962	0	0.9999999820400683	0.07396614465512735	0	1.0	1.0	1.0	0.8899202263826116	0.9999999639002413	1.0	0	first_linear_segment_at_fitted_phi	0.9999999820400683	1.0	0	first_linear_segment_at_clustered_phi	8
exampleTumor1	m120	region2	clipp2_single_switch_path_mixture_v1	1	phased_unphased_two_state_positive_dosages_v1	endpoint_excess_dosage_penalty_biological_alias_mass_v1:alpha=3	5c247107561660669e1e40fa17e9c74b9ce7f23c4cacc5cd6479e760fab68aab	region_local	1	0.49998588072147526	1	0.9999999744101855	0.499985810947244	0	1.0	2.0	0.4432498707676336	0.04300336857382123	1.5567501292323664	1.5567501292323664	1	second_linear_segment_at_fitted_phi	1.5567500780527375	1.556750117889684	1	second_linear_segment_at_clustered_phi	2
exampleTumor1	m120	region2	clipp2_single_switch_path_mixture_v1	1	phased_unphased_two_state_positive_dosages_v1	endpoint_excess_dosage_penalty_biological_alias_mass_v1:alpha=3	5c247107561660669e1e40fa17e9c74b9ce7f23c4cacc5cd6479e760fab68aab	region_local	2	0.49998588072146816	0	0.9999999744101855	0.49998595051113387	1	2.0	1.0	0.5567501292323666	0.043003368573821206	1.5567501292323667	1.5567501292323667	1	second_linear_segment_at_fitted_phi	1.556750103642552	1.5567501434794992	1	second_linear_segment_at_clustered_phi	2
exampleTumor1	m120	region2	clipp2_single_switch_path_mixture_v1	1	phased_unphased_two_state_positive_dosages_v1	endpoint_excess_dosage_penalty_biological_alias_mass_v1:alpha=3	5c247107561660669e1e40fa17e9c74b9ce7f23c4cacc5cd6479e760fab68aab	region_local	3	2.8238557056672508e-05	0	0.9999999744101855	2.8238541622107264e-05	0	1.0	1.0	1.0	0.9139932628523576	1.0	1.0	0	switch_boundary_at_fitted_phi	0.9999999744101855	1.0	0	first_linear_segment_at_clustered_phi	8
exampleTumor1	m121	region1	clipp2_single_switch_path_mixture_v1	1	phased_unphased_two_state_positive_dosages_v1	endpoint_excess_dosage_penalty_biological_alias_mass_v1:alpha=3	5c247107561660669e1e40fa17e9c74b9ce7f23c4cacc5cd6479e760fab68aab	region_local	1	0.4794379981128421	1	0.9999999820400683	0.4794380193021319	1	2.0	1.0	0.46559310907204654	0.055039886808694184	1.4655931090720467	1.4655931090720467	1	second_linear_segment_at_fitted_phi	1.4655930911121149	1.465593117434067	1	second_linear_segment_at_clustered_phi	2
exampleTumor1	m121	region1	clipp2_single_switch_path_mixture_v1	1	phased_unphased_two_state_positive_dosages_v1	endpoint_excess_dosage_penalty_biological_alias_mass_v1:alpha=3	5c247107561660669e1e40fa17e9c74b9ce7f23c4cacc5cd6479e760fab68aab	region_local	2	0.4794379981128421	0	0.9999999820400683	0.47943798726155024	0	1.0	2.0	0.5344068909279536	0.055039886808694205	1.4655931090720464	1.4655931090720464	1	second_linear_segment_at_fitted_phi	1.4655930731521831	1.465593099474135	1	second_linear_segment_at_clustered_phi	2
exampleTumor1	m121	region1	clipp2_single_switch_path_mixture_v1	1	phased_unphased_two_state_positive_dosages_v1	endpoint_excess_dosage_penalty_biological_alias_mass_v1:alpha=3	5c247107561660669e1e40fa17e9c74b9ce7f23c4cacc5cd6479e760fab68aab	region_local	3	0.04112400377431591	0	0.9999999820400683	0.04112399343631788	0	1.0	1.0	1.0	0.8899202263826116	1.0	1.0	0	switch_boundary_at_fitted_phi	0.9999999820400683	1.0	0	first_linear_segment_at_clustered_phi	8
exampleTumor1	m121	region2	clipp2_single_switch_path_mixture_v1	1	phased_unphased_two_state_positive_dosages_v1	endpoint_excess_dosage_penalty_biological_alias_mass_v1:alpha=3	5c247107561660669e1e40fa17e9c74b9ce7f23c4cacc5cd6479e760fab68aab	region_local	1	0.4827278455269523	1	0.9999999744101855	0.4827278385584175	1	1.0	2.0	0.4432498707676336	0.04300336857382123	1.5567500518045032	1.5567501120724203	1	second_linear_segment_at_fitted_phi	1.5567500780527375	1.556750117889684	1	second_linear_segment_at_clustered_phi	2
exampleTumor1	m121	region2	clipp2_single_switch_path_mixture_v1	1	phased_unphased_two_state_positive_dosages_v1	endpoint_excess_dosage_penalty_biological_alias_mass_v1:alpha=3	5c247107561660669e1e40fa17e9c74b9ce7f23c4cacc5cd6479e760fab68aab	region_local	2	0.4827278349786154	0	0.9999999744101855	0.4827278315859868	0	2.0	1.0	0.5567501292323666	0.043003368573821206	1.556750090518435	1.5567501507863537	1	second_linear_segment_at_fitted_phi	1.556750103642552	1.5567501434794992	1	second_linear_segment_at_clustered_phi	2
exampleTumor1	m121	region2	clipp2_single_switch_path_mixture_v1	1	phased_unphased_two_state_positive_dosages_v1	endpoint_excess_dosage_penalty_biological_alias_mass_v1:alpha=3	5c247107561660669e1e40fa17e9c74b9ce7f23c4cacc5cd6479e760fab68aab	region_local	3	0.03454431949443236	0	0.9999999744101855	0.03454432985559565	0	1.0	1.0	1.0	0.9139932628523576	0.9999999612860685	1.0	0	first_linear_segment_at_fitted_phi	0.9999999744101855	1.0	0	first_linear_segment_at_clustered_phi	8
exampleTumor1	m122	region1	clipp2_single_switch_path_mixture_v1	1	phased_unphased_two_state_positive_dosages_v1	endpoint_excess_dosage_penalty_biological_alias_mass_v1:alpha=3	5c247107561660669e1e40fa17e9c74b9ce7f23c4cacc5cd6479e760fab68aab	region_local	1	0.09912493158089468	0	0.9999999820400683	0.09912495255291598	0	2.0	1.0	0.46559310907204654	0.055039886808694184	1.4655931090720467	1.4655931090720467	1	second_linear_segment_at_fitted_phi	1.4655930911121149	1.465593117434067	1	second_linear_segment_at_clustered_phi	2
exampleTumor1	m122	region1	clipp2_single_switch_path_mixture_v1	1	phased_unphased_two_state_positive_dosages_v1	endpoint_excess_dosage_penalty_biological_alias_mass_v1:alpha=3	5c247107561660669e1e40fa17e9c74b9ce7f23c4cacc5cd6479e760fab68aab	region_local	2	0.09912493158089468	0	0.9999999820400683	0.09912496262248975	0	1.0	2.0	0.5344068909279536	0.055039886808694205	1.4655931090720464	1.4655931090720464	1	second_linear_segment_at_fitted_phi	1.4655930731521831	1.465593099474135	1	second_linear_segment_at_clustered_phi	2
exampleTumor1	m122	region1	clipp2_single_switch_path_mixture_v1	1	phased_unphased_two_state_positive_dosages_v1	endpoint_excess_dosage_penalty_biological_alias_mass_v1:alpha=3	5c247107561660669e1e40fa17e9c74b9ce7f23c4cacc5cd6479e760fab68aab	region_local	3	0.8017501368382106	1	0.9999999820400683	0.8017500848245942	1	1.0	1.0	1.0	0.8899202263826116	1.0	1.0	0	switch_boundary_at_fitted_phi	0.9999999820400683	1.0	0	first_linear_segment_at_clustered_phi	8
exampleTumor1	m122	region2	clipp2_single_switch_path_mixture_v1	1	phased_unphased_two_state_positive_dosages_v1	endpoint_excess_dosage_penalty_biological_alias_mass_v1:alpha=3	5c247107561660669e1e40fa17e9c74b9ce7f23c4cacc5cd6479e760fab68aab	region_local	1	0.4974237534744453	0	0.9999999744101855	0.49742376210066774	0	1.0	2.0	0.4432498707676336	0.04300336857382123	1.5567500518045125	1.5567501120724228	1	second_linear_segment_at_fitted_phi	1.5567500780527375	1.556750117889684	1	second_linear_segment_at_clustered_phi	2
exampleTumor1	m122	region2	clipp2_single_switch_path_mixture_v1	1	phased_unphased_two_state_positive_dosages_v1	endpoint_excess_dosage_penalty_biological_alias_mass_v1:alpha=3	5c247107561660669e1e40fa17e9c74b9ce7f23c4cacc5cd6479e760fab68aab	region_local	2	0.4974238087664356	1	0.9999999744101855	0.4974237986485373	1	2.0	1.0	0.5567501292323666	0.043003368573821206	1.5567500905184395	1.556750150786351	1	second_linear_segment_at_fitted_phi	1.556750103642552	1.5567501434794992	1	second_linear_segment_at_clustered_phi	2
exampleTumor1	m122	region2	clipp2_single_switch_path_mixture_v1	1	phased_unphased_two_state_positive_dosages_v1	endpoint_excess_dosage_penalty_biological_alias_mass_v1:alpha=3	5c247107561660669e1e40fa17e9c74b9ce7f23c4cacc5cd6479e760fab68aab	region_local	3	0.005152437759119091	0	0.9999999744101855	0.005152439250795005	0	1.0	1.0	1.0	0.9139932628523576	0.999999961286073	1.0	0	first_linear_segment_at_fitted_phi	0.9999999744101855	1.0	0	first_linear_segment_at_clustered_phi	8
exampleTumor1	m123	region1	clipp2_single_switch_path_mixture_v1	1	phased_unphased_two_state_positive_dosages_v1	endpoint_excess_dosage_penalty_biological_alias_mass_v1:alpha=3	5c247107561660669e1e40fa17e9c74b9ce7f23c4cacc5cd6479e760fab68aab	region_local	1	0.4421110628403342	0	0.9999999820400683	0.4421110845268148	1	2.0	1.0	0.46559310907204654	0.055039886808694184	1.4655931090720467	1.4655931090720467	1	second_linear_segment_at_fitted_phi	1.4655930911121149	1.465593117434067	1	second_linear_segment_at_clustered_phi	2
exampleTumor1	m123	region1	clipp2_single_switch_path_mixture_v1	1	phased_unphased_two_state_positive_dosages_v1	endpoint_excess_dosage_penalty_biological_alias_mass_v1:alpha=3	5c247107561660669e1e40fa17e9c74b9ce7f23c4cacc5cd6479e760fab68aab	region_local	2	0.4421110628403373	1	0.9999999820400683	0.44211106386237736	0	1.0	2.0	0.5344068909279536	0.055039886808694205	1.4655931090720464	1.4655931090720464	1	second_linear_segment_at_fitted_phi	1.4655930731521831	1.465593099474135	1	second_linear_segment_at_clustered_phi	2
exampleTumor1	m123	region1	clipp2_single_switch_path_mixture_v1	1	phased_unphased_two_state_positive_dosages_v1	endpoint_excess_dosage_penalty_biological_alias_mass_v1:alpha=3	5c247107561660669e1e40fa17e9c74b9ce7f23c4cacc5cd6479e760fab68aab	region_local	3	0.11577787431932848	0	0.9999999820400683	0.11577785161080785	0	1.0	1.0	1.0	0.8899202263826116	1.0	1.0	0	switch_boundary_at_fitted_phi	0.9999999820400683	1.0	0	first_linear_segment_at_clustered_phi	8
exampleTumor1	m123	region2	clipp2_single_switch_path_mixture_v1	1	phased_unphased_two_state_positive_dosages_v1	endpoint_excess_dosage_penalty_biological_alias_mass_v1:alpha=3	5c247107561660669e1e40fa17e9c74b9ce7f23c4cacc5cd6479e760fab68aab	region_local	1	0.37844505552264457	1	0.9999999744101855	0.3784450133868211	1	1.0	2.0	0.4432498707676336	0.04300336857382123	1.5567500518041213	1.556750112072336	1	second_linear_segment_at_fitted_phi	1.5567500780527375	1.556750117889684	1	second_linear_segment_at_clustered_phi	2
exampleTumor1	m123	region2	clipp2_single_switch_path_mixture_v1	1	phased_unphased_two_state_positive_dosages_v1	endpoint_excess_dosage_penalty_biological_alias_mass_v1:alpha=3	5c247107561660669e1e40fa17e9c74b9ce7f23c4cacc5cd6479e760fab68aab	region_local	2	0.3784449890380037	0	0.9999999744101855	0.37844496944085065	0	2.0	1.0	0.5567501292323666	0.043003368573821206	1.556750090518244	1.5567501507864603	1	second_linear_segment_at_fitted_phi	1.556750103642552	1.5567501434794992	1	second_linear_segment_at_clustered_phi	2
exampleTumor1	m123	region2	clipp2_single_switch_path_mixture_v1	1	phased_unphased_two_state_positive_dosages_v1	endpoint_excess_dosage_penalty_biological_alias_mass_v1:alpha=3	5c247107561660669e1e40fa17e9c74b9ce7f23c4cacc5cd6479e760fab68aab	region_local	3	0.24310995543935177	0	0.9999999744101855	0.24311001717232827	0	1.0	1.0	1.0	0.9139932628523576	0.9999999612858774	1.0	0	first_linear_segment_at_fitted_phi	0.9999999744101855	1.0	0	first_linear_segment_at_clustered_phi	8
exampleTumor1	m124	region1	clipp2_single_switch_path_mixture_v1	1	phased_unphased_two_state_positive_dosages_v1	endpoint_excess_dosage_penalty_biological_alias_mass_v1:alpha=3	5c247107561660669e1e40fa17e9c74b9ce7f23c4cacc5cd6479e760fab68aab	region_local	1	0.4825958038950549	1	0.9999999820400683	0.48259582610528057	1	2.0	1.0	0.46559310907204654	0.055039886808694184	1.4655931090720467	1.4655931090720467	1	second_linear_segment_at_fitted_phi	1.4655930911121149	1.465593117434067	1	second_linear_segment_at_clustered_phi	2
exampleTumor1	m124	region1	clipp2_single_switch_path_mixture_v1	1	phased_unphased_two_state_positive_dosages_v1	endpoint_excess_dosage_penalty_biological_alias_mass_v1:alpha=3	5c247107561660669e1e40fa17e9c74b9ce7f23c4cacc5cd6479e760fab68aab	region_local	2	0.4825958038950549	0	0.9999999820400683	0.48259579033117345	0	1.0	2.0	0.5344068909279536	0.055039886808694205	1.4655931090720464	1.4655931090720464	1	second_linear_segment_at_fitted_phi	1.4655930731521831	1.465593099474135	1	second_linear_segment_at_clustered_phi	2
exampleTumor1	m124	region1	clipp2_single_switch_path_mixture_v1	1	phased_unphased_two_state_positive_dosages_v1	endpoint_excess_dosage_penalty_biological_alias_mass_v1:alpha=3	5c247107561660669e1e40fa17e9c74b9ce7f23c4cacc5cd6479e760fab68aab	region_local	3	0.03480839220989021	0	0.9999999820400683	0.034808383563545875	0	1.0	1.0	1.0	0.8899202263826116	1.0	1.0	0	switch_boundary_at_fitted_phi	0.9999999820400683	1.0	0	first_linear_segment_at_clustered_phi	8
exampleTumor1	m124	region2	clipp2_single_switch_path_mixture_v1	1	phased_unphased_two_state_positive_dosages_v1	endpoint_excess_dosage_penalty_biological_alias_mass_v1:alpha=3	5c247107561660669e1e40fa17e9c74b9ce7f23c4cacc5cd6479e760fab68aab	region_local	1	0.4982023443939648	0	0.9999999744101855	0.49820235392330325	0	1.0	2.0	0.4432498707676336	0.04300336857382123	1.5567500518047444	1.556750112072474	1	second_linear_segment_at_fitted_phi	1.5567500780527375	1.556750117889684	1	second_linear_segment_at_clustered_phi	2
exampleTumor1	m124	region2	clipp2_single_switch_path_mixture_v1	1	phased_unphased_two_state_positive_dosages_v1	endpoint_excess_dosage_penalty_biological_alias_mass_v1:alpha=3	5c247107561660669e1e40fa17e9c74b9ce7f23c4cacc5cd6479e760fab68aab	region_local	2	0.4982024038083521	1	0.9999999744101855	0.4982023931961779	1	2.0	1.0	0.5567501292323666	0.043003368573821206	1.5567500905185554	1.5567501507862866	1	second_linear_segment_at_fitted_phi	1.556750103642552	1.5567501434794992	1	second_linear_segment_at_clustered_phi	2
exampleTumor1	m124	region2	clipp2_single_switch_path_mixture_v1	1	phased_unphased_two_state_positive_dosages_v1	endpoint_excess_dosage_penalty_biological_alias_mass_v1:alpha=3	5c247107561660669e1e40fa17e9c74b9ce7f23c4cacc5cd6479e760fab68aab	region_local	3	0.00359525179768303	0	0.9999999744101855	0.0035952528805188563	0	1.0	1.0	1.0	0.9139932628523576	0.999999961286189	1.0	0	first_linear_segment_at_fitted_phi	0.9999999744101855	1.0	0	first_linear_segment_at_clustered_phi	8
exampleTumor1	m125	region1	clipp2_single_switch_path_mixture_v1	1	phased_unphased_two_state_positive_dosages_v1	endpoint_excess_dosage_penalty_biological_alias_mass_v1:alpha=3	5c247107561660669e1e40fa17e9c74b9ce7f23c4cacc5cd6479e760fab68aab	region_local	1	0.9999933458202872	1	0.9999999820400683	0.9999933458252839	1	1.0	1.0	1.0	0.9757111023207368	0.9999999638953955	1.0	0	first_linear_segment_at_fitted_phi	0.9999999820400683	1.0	0	first_linear_segment_at_clustered_phi	2
exampleTumor1	m125	region1	clipp2_single_switch_path_mixture_v1	1	phased_unphased_two_state_positive_dosages_v1	endpoint_excess_dosage_penalty_biological_alias_mass_v1:alpha=3	5c247107561660669e1e40fa17e9c74b9ce7f23c4cacc5cd6479e760fab68aab	region_local	2	6.654179712800404e-06	0	0.9999999820400683	6.654174716223518e-06	0	2.0	2.0	1.0	0.02428889767926321	1.999999927790791	2.0	1	first_linear_segment_at_fitted_phi	1.9999999640801367	2.0	1	first_linear_segment_at_clustered_phi	1
exampleTumor1	m125	region2	clipp2_single_switch_path_mixture_v1	1	phased_unphased_two_state_positive_dosages_v1	endpoint_excess_dosage_penalty_biological_alias_mass_v1:alpha=3	5c247107561660669e1e40fa17e9c74b9ce7f23c4cacc5cd6479e760fab68aab	region_local	1	0.9999999938117039	1	0.9999999744101855	0.9999999938117083	1	1.0	1.0	1.0	0.9757111023207368	0.9999999612841955	1.0	0	first_linear_segment_at_fitted_phi	0.9999999744101855	1.0	0	first_linear_segment_at_clustered_phi	2
exampleTumor1	m125	region2	clipp2_single_switch_path_mixture_v1	1	phased_unphased_two_state_positive_dosages_v1	endpoint_excess_dosage_penalty_biological_alias_mass_v1:alpha=3	5c247107561660669e1e40fa17e9c74b9ce7f23c4cacc5cd6479e760fab68aab	region_local	2	6.188296044271817e-09	0	0.9999999744101855	6.1882916817441405e-09	0	2.0	2.0	1.0	0.02428889767926321	1.999999922568391	2.0	1	first_linear_segment_at_fitted_phi	1.999999948820371	2.0	1	first_linear_segment_at_clustered_phi	1
exampleTumor1	m126	region1	clipp2_single_switch_path_mixture_v1	1	phased_unphased_two_state_positive_dosages_v1	endpoint_excess_dosage_penalty_biological_alias_mass_v1:alpha=3	5c247107561660669e1e40fa17e9c74b9ce7f23c4cacc5cd6479e760fab68aab	region_local	1	0.4174065538329309	1	0.9999999820400683	0.4174065317014799	1	2.0	1.0	0.46559310907204654	0.055039886808694184	1.4655930729707949	1.465593125880541	1	second_linear_segment_at_fitted_phi	1.4655930911121149	1.465593117434067	1	second_linear_segment_at_clustered_phi	2
exampleTumor1	m126	region1	clipp2_single_switch_path_mixture_v1	1	phased_unphased_two_state_positive_dosages_v1	endpoint_excess_dosage_penalty_biological_alias_mass_v1:alpha=3	5c247107561660669e1e40fa17e9c74b9ce7f23c4cacc5cd6479e760fab68aab	region_local	2	0.417406538888193	0	0.9999999820400683	0.417406524266659	0	1.0	2.0	0.5344068909279536	0.055039886808694205	1.4655930368695433	1.4655930897792881	1	second_linear_segment_at_fitted_phi	1.4655930731521831	1.465593099474135	1	second_linear_segment_at_clustered_phi	2
exampleTumor1	m126	region1	clipp2_single_switch_path_mixture_v1	1	phased_unphased_two_state_positive_dosages_v1	endpoint_excess_dosage_penalty_biological_alias_mass_v1:alpha=3	5c247107561660669e1e40fa17e9c74b9ce7f23c4cacc5cd6479e760fab68aab	region_local	3	0.16518690727887617	0	0.9999999820400683	0.16518694403186115	0	1.0	1.0	1.0	0.8899202263826116	0.9999999638987485	1.0	0	first_linear_segment_at_fitted_phi	0.9999999820400683	1.0	0	first_linear_segment_at_clustered_phi	8
exampleTumor1	m126	region2	clipp2_single_switch_path_mixture_v1	1	phased_unphased_two_state_positive_dosages_v1	endpoint_excess_dosage_penalty_biological_alias_mass_v1:alpha=3	5c247107561660669e1e40fa17e9c74b9ce7f23c4cacc5cd6479e760fab68aab	region_local	1	0.49316229743709117	0	0.9999999744101855	0.49316230178898307	0	1.0	2.0	0.4432498707676336	0.04300336857382123	1.5567500518038517	1.556750112072276	1	second_linear_segment_at_fitted_phi	1.5567500780527375	1.556750117889684	1	second_linear_segment_at_clustered_phi	2
exampleTumor1	m126	region2	clipp2_single_switch_path_mixture_v1	1	phased_unphased_two_state_positive_dosages_v1	endpoint_excess_dosage_penalty_biological_alias_mass_v1:alpha=3	5c247107561660669e1e40fa17e9c74b9ce7f23c4cacc5cd6479e760fab68aab	region_local	2	0.49316233399874576	1	0.9999999744101855	0.49316232595593756	1	2.0	1.0	0.5567501292323666	0.043003368573821206	1.5567500905181093	1.5567501507865351	1	second_linear_segment_at_fitted_phi	1.556750103642552	1.5567501434794992	1	second_linear_segment_at_clustered_phi	2
exampleTumor1	m126	region2	clipp2_single_switch_path_mixture_v1	1	phased_unphased_two_state_positive_dosages_v1	endpoint_excess_dosage_penalty_biological_alias_mass_v1:alpha=3	5c247107561660669e1e40fa17e9c74b9ce7f23c4cacc5cd6479e760fab68aab	region_local	3	0.013675368564163123	0	0.9999999744101855	0.013675372255079374	0	1.0	1.0	1.0	0.9139932628523576	0.9999999612857428	1.0	0	first_linear_segment_at_fitted_phi	0.9999999744101855	1.0	0	first_linear_segment_at_clustered_phi	8
exampleTumor1	m127	region1	clipp2_single_switch_path_mixture_v1	1	phased_unphased_two_state_positive_dosages_v1	endpoint_excess_dosage_penalty_biological_alias_mass_v1:alpha=3	5c247107561660669e1e40fa17e9c74b9ce7f23c4cacc5cd6479e760fab68aab	region_local	1	0.0021188767436637126	0	0.9999999820400683	0.0021188762208429615	0	2.0	1.0	0.46559310907204654	0.055039886808694184	1.465593072967767	1.4655931258819508	1	second_linear_segment_at_fitted_phi	1.4655930911121149	1.465593117434067	1	second_linear_segment_at_clustered_phi	2
exampleTumor1	m127	region1	clipp2_single_switch_path_mixture_v1	1	phased_unphased_two_state_positive_dosages_v1	endpoint_excess_dosage_penalty_biological_alias_mass_v1:alpha=3	5c247107561660669e1e40fa17e9c74b9ce7f23c4cacc5cd6479e760fab68aab	region_local	2	0.0021188777904718394	0	0.9999999820400683	0.0021188767415733618	0	1.0	2.0	0.5344068909279536	0.055039886808694205	1.4655930368634875	1.46559308977767	1	second_linear_segment_at_fitted_phi	1.4655930731521831	1.465593099474135	1	second_linear_segment_at_clustered_phi	2
exampleTumor1	m127	region1	clipp2_single_switch_path_mixture_v1	1	phased_unphased_two_state_positive_dosages_v1	endpoint_excess_dosage_penalty_biological_alias_mass_v1:alpha=3	5c247107561660669e1e40fa17e9c74b9ce7f23c4cacc5cd6479e760fab68aab	region_local	3	0.9957622454658644	1	0.9999999820400683	0.9957622470375838	1	1.0	1.0	1.0	0.8899202263826116	0.9999999638957205	1.0	0	first_linear_segment_at_fitted_phi	0.9999999820400683	1.0	0	first_linear_segment_at_clustered_phi	8
exampleTumor1	m127	region2	clipp2_single_switch_path_mixture_v1	1	phased_unphased_two_state_positive_dosages_v1	endpoint_excess_dosage_penalty_biological_alias_mass_v1:alpha=3	5c247107561660669e1e40fa17e9c74b9ce7f23c4cacc5cd6479e760fab68aab	region_local	1	0.0001580123132091628	0	0.9999999744101855	0.0001580122401651416	0	1.0	2.0	0.4432498707676336	0.04300336857382123	1.5567500518009483	1.5567501120716327	1	second_linear_segment_at_fitted_phi	1.5567500780527375	1.556750117889684	1	second_linear_segment_at_clustered_phi	2
exampleTumor1	m127	region2	clipp2_single_switch_path_mixture_v1	1	phased_unphased_two_state_positive_dosages_v1	endpoint_excess_dosage_penalty_biological_alias_mass_v1:alpha=3	5c247107561660669e1e40fa17e9c74b9ce7f23c4cacc5cd6479e760fab68aab	region_local	2	0.00015801220091554962	0	0.9999999744101855	0.00015801216594276711	0	2.0	1.0	0.5567501292323666	0.043003368573821206	1.5567500905166574	1.5567501507873434	1	second_linear_segment_at_fitted_phi	1.556750103642552	1.5567501434794992	1	second_linear_segment_at_clustered_phi	2
exampleTumor1	m127	region2	clipp2_single_switch_path_mixture_v1	1	phased_unphased_two_state_positive_dosages_v1	endpoint_excess_dosage_penalty_biological_alias_mass_v1:alpha=3	5c247107561660669e1e40fa17e9c74b9ce7f23c4cacc5cd6479e760fab68aab	region_local	3	0.9996839754858753	1	0.9999999744101855	0.9996839755938921	1	1.0	1.0	1.0	0.9139932628523576	0.9999999612842909	1.0	0	first_linear_segment_at_fitted_phi	0.9999999744101855	1.0	0	first_linear_segment_at_clustered_phi	8
exampleTumor1	m128	region1	clipp2_single_switch_path_mixture_v1	1	phased_unphased_two_state_positive_dosages_v1	endpoint_excess_dosage_penalty_biological_alias_mass_v1:alpha=3	5c247107561660669e1e40fa17e9c74b9ce7f23c4cacc5cd6479e760fab68aab	region_local	1	0.9999994278971731	1	0.9999999820400683	0.9999994278975756	1	1.0	1.0	1.0	0.9757111023207368	0.9999999638946361	1.0	0	first_linear_segment_at_fitted_phi	0.9999999820400683	1.0	0	first_linear_segment_at_clustered_phi	2
exampleTumor1	m128	region1	clipp2_single_switch_path_mixture_v1	1	phased_unphased_two_state_positive_dosages_v1	endpoint_excess_dosage_penalty_biological_alias_mass_v1:alpha=3	5c247107561660669e1e40fa17e9c74b9ce7f23c4cacc5cd6479e760fab68aab	region_local	2	5.721028268893079e-07	0	0.9999999820400683	5.721024244711176e-07	0	2.0	2.0	1.0	0.02428889767926321	1.9999999277892722	2.0	1	first_linear_segment_at_fitted_phi	1.9999999640801367	2.0	1	first_linear_segment_at_clustered_phi	1
exampleTumor1	m128	region2	clipp2_single_switch_path_mixture_v1	1	phased_unphased_two_state_positive_dosages_v1	endpoint_excess_dosage_penalty_biological_alias_mass_v1:alpha=3	5c247107561660669e1e40fa17e9c74b9ce7f23c4cacc5cd6479e760fab68aab	region_local	1	0.9999999911460956	1	0.9999999744101855	0.9999999911461022	1	1.0	1.0	1.0	0.9757111023207368	0.9999999612843093	1.0	0	first_linear_segment_at_fitted_phi	0.9999999744101855	1.0	0	first_linear_segment_at_clustered_phi	2
exampleTumor1	m128	region2	clipp2_single_switch_path_mixture_v1	1	phased_unphased_two_state_positive_dosages_v1	endpoint_excess_dosage_penalty_biological_alias_mass_v1:alpha=3	5c247107561660669e1e40fa17e9c74b9ce7f23c4cacc5cd6479e760fab68aab	region_local	2	8.853904464151707e-09	0	0.9999999744101855	8.85389788513384e-09	0	2.0	2.0	1.0	0.02428889767926321	1.9999999225686187	2.0	1	first_linear_segment_at_fitted_phi	1.999999948820371	2.0	1	first_linear_segment_at_clustered_phi	1
exampleTumor1	m129	region1	clipp2_single_switch_path_mixture_v1	1	phased_unphased_two_state_positive_dosages_v1	endpoint_excess_dosage_penalty_biological_alias_mass_v1:alpha=3	5c247107561660669e1e40fa17e9c74b9ce7f23c4cacc5cd6479e760fab68aab	region_local	1	0.10988980615703298	0	0.4644698459572693	0.1098898035772387	0	2.0	1.0	0.18979727272857988	0.1102685636923483	0.6542671156979131	1.4086320685864449	1	second_linear_segment_at_fitted_phi	0.6542671186858492	1.4086320659577134	1	second_linear_segment_at_clustered_phi	2
exampleTumor1	m129	region1	clipp2_single_switch_path_mixture_v1	1	phased_unphased_two_state_positive_dosages_v1	endpoint_excess_dosage_penalty_biological_alias_mass_v1:alpha=3	5c247107561660669e1e40fa17e9c74b9ce7f23c4cacc5cd6479e760fab68aab	region_local	2	0.11031550487898345	0	0.4644698459572693	0.11031550519870938	0	1.0	2.0	0.8102027272714202	0.1102685636923483	0.4644698429693332	1.0	0	first_linear_segment_at_fitted_phi	0.4644698459572693	1.0	0	first_linear_segment_at_clustered_phi	2
exampleTumor1	m129	region1	clipp2_single_switch_path_mixture_v1	1	phased_unphased_two_state_positive_dosages_v1	endpoint_excess_dosage_penalty_biological_alias_mass_v1:alpha=3	5c247107561660669e1e40fa17e9c74b9ce7f23c4cacc5cd6479e760fab68aab	region_local	3	0.7797946889639836	1	0.4644698459572693	0.779794691224052	1	1.0	1.0	1.0	0.7794628726153034	0.4644698429693332	1.0	0	first_linear_segment_at_fitted_phi	0.4644698459572693	1.0	0	first_linear_segment_at_clustered_phi	8
exampleTumor1	m129	region2	clipp2_single_switch_path_mixture_v1	1	phased_unphased_two_state_positive_dosages_v1	endpoint_excess_dosage_penalty_biological_alias_mass_v1:alpha=3	5c247107561660669e1e40fa17e9c74b9ce7f23c4cacc5cd6479e760fab68aab	region_local	1	0.0019221037286266862	0	0.5783395130938829	0.001922103660664307	0	2.0	1.0	0.320738881115505	0.08019266527581756	0.8990783918683833	1.5545858015095138	1	second_linear_segment_at_fitted_phi	0.8990783942093878	1.5545857992646595	1	second_linear_segment_at_clustered_phi	2
exampleTumor1	m129	region2	clipp2_single_switch_path_mixture_v1	1	phased_unphased_two_state_positive_dosages_v1	endpoint_excess_dosage_penalty_biological_alias_mass_v1:alpha=3	5c247107561660669e1e40fa17e9c74b9ce7f23c4cacc5cd6479e760fab68aab	region_local	2	0.08701662145245101	0	0.5783395130938829	0.08701662145837626	0	1.0	2.0	0.6792611188844951	0.08019266527581756	0.5783395107528783	1.0	0	first_linear_segment_at_fitted_phi	0.5783395130938829	1.0	0	first_linear_segment_at_clustered_phi	2
exampleTumor1	m129	region2	clipp2_single_switch_path_mixture_v1	1	phased_unphased_two_state_positive_dosages_v1	endpoint_excess_dosage_penalty_biological_alias_mass_v1:alpha=3	5c247107561660669e1e40fa17e9c74b9ce7f23c4cacc5cd6479e760fab68aab	region_local	3	0.9110612748189223	1	0.5783395130938829	0.9110612748809594	1	1.0	1.0	1.0	0.8396146694483648	0.5783395107528783	1.0	0	first_linear_segment_at_fitted_phi	0.5783395130938829	1.0	0	first_linear_segment_at_clustered_phi	8
exampleTumor1	m130	region1	clipp2_single_switch_path_mixture_v1	1	phased_unphased_two_state_positive_dosages_v1	endpoint_excess_dosage_penalty_biological_alias_mass_v1:alpha=3	5c247107561660669e1e40fa17e9c74b9ce7f23c4cacc5cd6479e760fab68aab	region_local	1	0.1364894043408054	0	0.9999999820400683	0.13648939433072896	0	2.0	1.0	0.18979727272857988	0.1102685636923483	1.1897972366252456	1.1897972795808942	1	second_linear_segment_at_fitted_phi	1.1897972547686484	1.189797276137326	1	second_linear_segment_at_clustered_phi	2
exampleTumor1	m130	region1	clipp2_single_switch_path_mixture_v1	1	phased_unphased_two_state_positive_dosages_v1	endpoint_excess_dosage_penalty_biological_alias_mass_v1:alpha=3	5c247107561660669e1e40fa17e9c74b9ce7f23c4cacc5cd6479e760fab68aab	region_local	2	0.1364894108099369	0	0.9999999820400683	0.136489397548858	0	1.0	2.0	0.8102027272714202	0.1102685636923483	1.1897972005219115	1.189797243477559	1	second_linear_segment_at_fitted_phi	1.1897972368087166	1.1897972581773941	1	second_linear_segment_at_clustered_phi	2
exampleTumor1	m130	region1	clipp2_single_switch_path_mixture_v1	1	phased_unphased_two_state_positive_dosages_v1	endpoint_excess_dosage_penalty_biological_alias_mass_v1:alpha=3	5c247107561660669e1e40fa17e9c74b9ce7f23c4cacc5cd6479e760fab68aab	region_local	3	0.7270211848492577	1	0.9999999820400683	0.727021208120413	1	1.0	1.0	1.0	0.7794628726153034	0.9999999638966659	1.0	0	first_linear_segment_at_fitted_phi	0.9999999820400683	1.0	0	first_linear_segment_at_clustered_phi	8
exampleTumor1	m130	region2	clipp2_single_switch_path_mixture_v1	1	phased_unphased_two_state_positive_dosages_v1	endpoint_excess_dosage_penalty_biological_alias_mass_v1:alpha=3	5c247107561660669e1e40fa17e9c74b9ce7f23c4cacc5cd6479e760fab68aab	region_local	1	0.0010572185619990516	0	0.9999999744101855	0.0010572188790919017	0	2.0	1.0	0.320738881115505	0.08019266527581756	1.320738881115505	1.320738881115505	1	second_linear_segment_at_fitted_phi	1.3207388555256907	1.320738889323154	1	second_linear_segment_at_clustered_phi	2
exampleTumor1	m130	region2	clipp2_single_switch_path_mixture_v1	1	phased_unphased_two_state_positive_dosages_v1	endpoint_excess_dosage_penalty_biological_alias_mass_v1:alpha=3	5c247107561660669e1e40fa17e9c74b9ce7f23c4cacc5cd6479e760fab68aab	region_local	2	0.0010572185619990516	0	0.9999999744101855	0.0010572194144410469	0	1.0	2.0	0.6792611188844951	0.08019266527581756	1.320738881115505	1.320738881115505	1	second_linear_segment_at_fitted_phi	1.320738829935876	1.3207388637333386	1	second_linear_segment_at_clustered_phi	2
exampleTumor1	m130	region2	clipp2_single_switch_path_mixture_v1	1	phased_unphased_two_state_positive_dosages_v1	endpoint_excess_dosage_penalty_biological_alias_mass_v1:alpha=3	5c247107561660669e1e40fa17e9c74b9ce7f23c4cacc5cd6479e760fab68aab	region_local	3	0.9978855628760018	1	0.9999999744101855	0.9978855617064671	1	1.0	1.0	1.0	0.8396146694483648	1.0	1.0	0	switch_boundary_at_fitted_phi	0.9999999744101855	1.0	0	first_linear_segment_at_clustered_phi	8
exampleTumor1	m131	region1	clipp2_single_switch_path_mixture_v1	1	phased_unphased_two_state_positive_dosages_v1	endpoint_excess_dosage_penalty_biological_alias_mass_v1:alpha=3	5c247107561660669e1e40fa17e9c74b9ce7f23c4cacc5cd6479e760fab68aab	region_local	1	0.3513485878009928	1	0.9999999820400683	0.35134861985240157	1	2.0	1.0	0.18979727272857988	0.1102685636923483	1.1897972727285797	1.1897972727285797	1	second_linear_segment_at_fitted_phi	1.1897972547686484	1.189797276137326	1	second_linear_segment_at_clustered_phi	2
exampleTumor1	m131	region1	clipp2_single_switch_path_mixture_v1	1	phased_unphased_two_state_positive_dosages_v1	endpoint_excess_dosage_penalty_biological_alias_mass_v1:alpha=3	5c247107561660669e1e40fa17e9c74b9ce7f23c4cacc5cd6479e760fab68aab	region_local	2	0.3513485878009928	0	0.9999999820400683	0.3513485764431542	0	1.0	2.0	0.8102027272714202	0.1102685636923483	1.1897972727285797	1.1897972727285797	1	second_linear_segment_at_fitted_phi	1.1897972368087166	1.1897972581773941	1	second_linear_segment_at_clustered_phi	2
exampleTumor1	m131	region1	clipp2_single_switch_path_mixture_v1	1	phased_unphased_two_state_positive_dosages_v1	endpoint_excess_dosage_penalty_biological_alias_mass_v1:alpha=3	5c247107561660669e1e40fa17e9c74b9ce7f23c4cacc5cd6479e760fab68aab	region_local	3	0.2973028243980144	0	0.9999999820400683	0.29730280370444423	0	1.0	1.0	1.0	0.7794628726153034	1.0	1.0	0	switch_boundary_at_fitted_phi	0.9999999820400683	1.0	0	first_linear_segment_at_clustered_phi	8
exampleTumor1	m131	region2	clipp2_single_switch_path_mixture_v1	1	phased_unphased_two_state_positive_dosages_v1	endpoint_excess_dosage_penalty_biological_alias_mass_v1:alpha=3	5c247107561660669e1e40fa17e9c74b9ce7f23c4cacc5cd6479e760fab68aab	region_local	1	0.09989892580177955	0	0.9999999744101855	0.09989891041005576	0	2.0	1.0	0.320738881115505	0.08019266527581756	1.320738842400908	1.3207388935327822	1	second_linear_segment_at_fitted_phi	1.3207388555256907	1.320738889323154	1	second_linear_segment_at_clustered_phi	2
exampleTumor1	m131	region2	clipp2_single_switch_path_mixture_v1	1	phased_unphased_two_state_positive_dosages_v1	endpoint_excess_dosage_penalty_biological_alias_mass_v1:alpha=3	5c247107561660669e1e40fa17e9c74b9ce7f23c4cacc5cd6479e760fab68aab	region_local	2	0.09989895132076791	0	0.9999999744101855	0.0998989272777533	0	1.0	2.0	0.6792611188844951	0.08019266527581756	1.3207388036863108	1.3207388548181833	1	second_linear_segment_at_fitted_phi	1.320738829935876	1.3207388637333386	1	second_linear_segment_at_clustered_phi	2
exampleTumor1	m131	region2	clipp2_single_switch_path_mixture_v1	1	phased_unphased_two_state_positive_dosages_v1	endpoint_excess_dosage_penalty_biological_alias_mass_v1:alpha=3	5c247107561660669e1e40fa17e9c74b9ce7f23c4cacc5cd6479e760fab68aab	region_local	3	0.8002021228774524	1	0.9999999744101855	0.800202162312191	1	1.0	1.0	1.0	0.8396146694483648	0.999999961285403	1.0	0	first_linear_segment_at_fitted_phi	0.9999999744101855	1.0	0	first_linear_segment_at_clustered_phi	8
exampleTumor1	m132	region1	clipp2_single_switch_path_mixture_v1	1	phased_unphased_two_state_positive_dosages_v1	endpoint_excess_dosage_penalty_biological_alias_mass_v1:alpha=3	5c247107561660669e1e40fa17e9c74b9ce7f23c4cacc5cd6479e760fab68aab	region_local	1	0.053850986980627874	0	0.9999999820400683	0.05385095917769113	0	1.0	1.0	1.0	0.9757111023207368	1.0	1.0	0	switch_boundary_at_fitted_phi	0.9999999820400683	1.0	0	first_linear_segment_at_clustered_phi	2
exampleTumor1	m132	region1	clipp2_single_switch_path_mixture_v1	1	phased_unphased_two_state_positive_dosages_v1	endpoint_excess_dosage_penalty_biological_alias_mass_v1:alpha=3	5c247107561660669e1e40fa17e9c74b9ce7f23c4cacc5cd6479e760fab68aab	region_local	2	0.9461490130193722	1	0.9999999820400683	0.9461490408223089	1	2.0	2.0	1.0	0.02428889767926321	2.0	2.0	1	switch_boundary_at_fitted_phi	1.9999999640801367	2.0	1	first_linear_segment_at_clustered_phi	1
exampleTumor1	m132	region2	clipp2_single_switch_path_mixture_v1	1	phased_unphased_two_state_positive_dosages_v1	endpoint_excess_dosage_penalty_biological_alias_mass_v1:alpha=3	5c247107561660669e1e40fa17e9c74b9ce7f23c4cacc5cd6479e760fab68aab	region_local	1	0.00012114937405052974	0	0.9999999744101855	0.00012114925931202895	0	1.0	1.0	1.0	0.9757111023207368	1.0	1.0	0	switch_boundary_at_fitted_phi	0.9999999744101855	1.0	0	first_linear_segment_at_clustered_phi	2
exampleTumor1	m132	region2	clipp2_single_switch_path_mixture_v1	1	phased_unphased_two_state_positive_dosages_v1	endpoint_excess_dosage_penalty_biological_alias_mass_v1:alpha=3	5c247107561660669e1e40fa17e9c74b9ce7f23c4cacc5cd6479e760fab68aab	region_local	2	0.9998788506259495	1	0.9999999744101855	0.9998788507406879	1	2.0	2.0	1.0	0.02428889767926321	2.0	2.0	1	switch_boundary_at_fitted_phi	1.999999948820371	2.0	1	first_linear_segment_at_clustered_phi	1
exampleTumor1	m133	region1	clipp2_single_switch_path_mixture_v1	1	phased_unphased_two_state_positive_dosages_v1	endpoint_excess_dosage_penalty_biological_alias_mass_v1:alpha=3	5c247107561660669e1e40fa17e9c74b9ce7f23c4cacc5cd6479e760fab68aab	region_local	1	0.2531075221592659	0	0.4644698459572693	0.25310695678993783	0	2.0	1.0	0.46559310907204654	0.055039886808694184	0.9289395037398674	2.0	1	first_linear_segment_at_fitted_phi	0.9289396919145386	2.0	1	first_linear_segment_at_clustered_phi	2
exampleTumor1	m133	region1	clipp2_single_switch_path_mixture_v1	1	phased_unphased_two_state_positive_dosages_v1	endpoint_excess_dosage_penalty_biological_alias_mass_v1:alpha=3	5c247107561660669e1e40fa17e9c74b9ce7f23c4cacc5cd6479e760fab68aab	region_local	2	0.04350329380547825	0	0.4644698459572693	0.04350332673582461	0	1.0	2.0	0.5344068909279536	0.055039886808694205	0.4644697518699337	1.0	0	first_linear_segment_at_fitted_phi	0.4644698459572693	1.0	0	first_linear_segment_at_clustered_phi	2
exampleTumor1	m133	region1	clipp2_single_switch_path_mixture_v1	1	phased_unphased_two_state_positive_dosages_v1	endpoint_excess_dosage_penalty_biological_alias_mass_v1:alpha=3	5c247107561660669e1e40fa17e9c74b9ce7f23c4cacc5cd6479e760fab68aab	region_local	3	0.7033891840352559	1	0.4644698459572693	0.7033897164742375	1	1.0	1.0	1.0	0.8899202263826116	0.4644697518699337	1.0	0	first_linear_segment_at_fitted_phi	0.4644698459572693	1.0	0	first_linear_segment_at_clustered_phi	8
exampleTumor1	m133	region2	clipp2_single_switch_path_mixture_v1	1	phased_unphased_two_state_positive_dosages_v1	endpoint_excess_dosage_penalty_biological_alias_mass_v1:alpha=3	5c247107561660669e1e40fa17e9c74b9ce7f23c4cacc5cd6479e760fab68aab	region_local	1	0.009264387721183289	0	0.5783395130938829	0.009264387455480597	0	1.0	2.0	0.4432498707676336	0.04300336857382123	0.7134291528290015	1.2335818983050797	1	second_linear_segment_at_fitted_phi	0.7134291554201322	1.2335819000219685	1	second_linear_segment_at_clustered_phi	2
exampleTumor1	m133	region2	clipp2_single_switch_path_mixture_v1	1	phased_unphased_two_state_positive_dosages_v1	endpoint_excess_dosage_penalty_biological_alias_mass_v1:alpha=3	5c247107561660669e1e40fa17e9c74b9ce7f23c4cacc5cd6479e760fab68aab	region_local	2	4.793764849417778e-07	0	0.5783395130938829	4.793764711953489e-07	0	2.0	1.0	0.5567501292323666	0.043003368573821206	1.135089641030684	1.9626700543097602	1	second_linear_segment_at_fitted_phi	1.1350896423262493	1.9626700521532379	1	second_linear_segment_at_clustered_phi	2
exampleTumor1	m133	region2	clipp2_single_switch_path_mixture_v1	1	phased_unphased_two_state_positive_dosages_v1	endpoint_excess_dosage_penalty_biological_alias_mass_v1:alpha=3	5c247107561660669e1e40fa17e9c74b9ce7f23c4cacc5cd6479e760fab68aab	region_local	3	0.9907351329023318	1	0.5783395130938829	0.9907351331680482	1	1.0	1.0	1.0	0.9139932628523576	0.5783395117983176	1.0	0	first_linear_segment_at_fitted_phi	0.5783395130938829	1.0	0	first_linear_segment_at_clustered_phi	8
exampleTumor1	m134	region1	clipp2_single_switch_path_mixture_v1	1	phased_unphased_two_state_positive_dosages_v1	endpoint_excess_dosage_penalty_biological_alias_mass_v1:alpha=3	5c247107561660669e1e40fa17e9c74b9ce7f23c4cacc5cd6479e760fab68aab	region_local	1	0.4405239194742845	1	0.9999999820400683	0.4405238988416959	1	2.0	1.0	0.46559310907204654	0.055039886808694184	1.4655930729711235	1.4655931258803883	1	second_linear_segment_at_fitted_phi	1.4655930911121149	1.465593117434067	1	second_linear_segment_at_clustered_phi	2
exampleTumor1	m134	region1	clipp2_single_switch_path_mixture_v1	1	phased_unphased_two_state_positive_dosages_v1	endpoint_excess_dosage_penalty_biological_alias_mass_v1:alpha=3	5c247107561660669e1e40fa17e9c74b9ce7f23c4cacc5cd6479e760fab68aab	region_local	2	0.4405238928508845	0	0.9999999820400683	0.4405238855967647	0	1.0	2.0	0.5344068909279536	0.055039886808694205	1.4655930368702001	1.4655930897794636	1	second_linear_segment_at_fitted_phi	1.4655930731521831	1.465593099474135	1	second_linear_segment_at_clustered_phi	2
exampleTumor1	m134	region1	clipp2_single_switch_path_mixture_v1	1	phased_unphased_two_state_positive_dosages_v1	endpoint_excess_dosage_penalty_biological_alias_mass_v1:alpha=3	5c247107561660669e1e40fa17e9c74b9ce7f23c4cacc5cd6479e760fab68aab	region_local	3	0.11895218767483084	0	0.9999999820400683	0.11895221556153948	0	1.0	1.0	1.0	0.8899202263826116	0.9999999638990769	1.0	0	first_linear_segment_at_fitted_phi	0.9999999820400683	1.0	0	first_linear_segment_at_clustered_phi	8
exampleTumor1	m134	region2	clipp2_single_switch_path_mixture_v1	1	phased_unphased_two_state_positive_dosages_v1	endpoint_excess_dosage_penalty_biological_alias_mass_v1:alpha=3	5c247107561660669e1e40fa17e9c74b9ce7f23c4cacc5cd6479e760fab68aab	region_local	1	0.4986754881016985	1	0.9999999744101855	0.49867545313090883	0	1.0	2.0	0.4432498707676336	0.04300336857382123	1.5567501292323664	1.5567501292323664	1	second_linear_segment_at_fitted_phi	1.5567500780527375	1.556750117889684	1	second_linear_segment_at_clustered_phi	2
exampleTumor1	m134	region2	clipp2_single_switch_path_mixture_v1	1	phased_unphased_two_state_positive_dosages_v1	endpoint_excess_dosage_penalty_biological_alias_mass_v1:alpha=3	5c247107561660669e1e40fa17e9c74b9ce7f23c4cacc5cd6479e760fab68aab	region_local	2	0.4986754881016985	0	0.9999999744101855	0.498675524267188	1	2.0	1.0	0.5567501292323666	0.043003368573821206	1.5567501292323667	1.5567501292323667	1	second_linear_segment_at_fitted_phi	1.556750103642552	1.5567501434794992	1	second_linear_segment_at_clustered_phi	2
exampleTumor1	m134	region2	clipp2_single_switch_path_mixture_v1	1	phased_unphased_two_state_positive_dosages_v1	endpoint_excess_dosage_penalty_biological_alias_mass_v1:alpha=3	5c247107561660669e1e40fa17e9c74b9ce7f23c4cacc5cd6479e760fab68aab	region_local	3	0.002649023796603061	0	0.9999999744101855	0.0026490226019031237	0	1.0	1.0	1.0	0.9139932628523576	1.0	1.0	0	switch_boundary_at_fitted_phi	0.9999999744101855	1.0	0	first_linear_segment_at_clustered_phi	8
exampleTumor1	m135	region1	clipp2_single_switch_path_mixture_v1	1	phased_unphased_two_state_positive_dosages_v1	endpoint_excess_dosage_penalty_biological_alias_mass_v1:alpha=3	5c247107561660669e1e40fa17e9c74b9ce7f23c4cacc5cd6479e760fab68aab	region_local	1	0.12005013780197747	0	0.9999999820400683	0.12005012797397806	0	2.0	1.0	0.18979727272857988	0.1102685636923483	1.1897972366255591	1.1897972795808351	1	second_linear_segment_at_fitted_phi	1.1897972547686484	1.189797276137326	1	second_linear_segment_at_clustered_phi	2
exampleTumor1	m135	region1	clipp2_single_switch_path_mixture_v1	1	phased_unphased_two_state_positive_dosages_v1	endpoint_excess_dosage_penalty_biological_alias_mass_v1:alpha=3	5c247107561660669e1e40fa17e9c74b9ce7f23c4cacc5cd6479e760fab68aab	region_local	2	0.12005014853643117	0	0.9999999820400683	0.1200501333139772	0	1.0	2.0	0.8102027272714202	0.1102685636923483	1.1897972005225381	1.1897972434778128	1	second_linear_segment_at_fitted_phi	1.1897972368087166	1.1897972581773941	1	second_linear_segment_at_clustered_phi	2
exampleTumor1	m135	region1	clipp2_single_switch_path_mixture_v1	1	phased_unphased_two_state_positive_dosages_v1	endpoint_excess_dosage_penalty_biological_alias_mass_v1:alpha=3	5c247107561660669e1e40fa17e9c74b9ce7f23c4cacc5cd6479e760fab68aab	region_local	3	0.7598997136615914	1	0.9999999820400683	0.7598997387120449	1	1.0	1.0	1.0	0.7794628726153034	0.9999999638969791	1.0	0	first_linear_segment_at_fitted_phi	0.9999999820400683	1.0	0	first_linear_segment_at_clustered_phi	8
exampleTumor1	m135	region2	clipp2_single_switch_path_mixture_v1	1	phased_unphased_two_state_positive_dosages_v1	endpoint_excess_dosage_penalty_biological_alias_mass_v1:alpha=3	5c247107561660669e1e40fa17e9c74b9ce7f23c4cacc5cd6479e760fab68aab	region_local	1	0.4874809642781074	1	0.9999999744101855	0.4874810230395005	1	2.0	1.0	0.320738881115505	0.08019266527581756	1.320738881115505	1.320738881115505	1	second_linear_segment_at_fitted_phi	1.3207388555256907	1.320738889323154	1	second_linear_segment_at_clustered_phi	2
exampleTumor1	m135	region2	clipp2_single_switch_path_mixture_v1	1	phased_unphased_two_state_positive_dosages_v1	endpoint_excess_dosage_penalty_biological_alias_mass_v1:alpha=3	5c247107561660669e1e40fa17e9c74b9ce7f23c4cacc5cd6479e760fab68aab	region_local	2	0.4874809642781074	0	0.9999999744101855	0.4874809130153062	0	1.0	2.0	0.6792611188844951	0.08019266527581756	1.320738881115505	1.320738881115505	1	second_linear_segment_at_fitted_phi	1.320738829935876	1.3207388637333386	1	second_linear_segment_at_clustered_phi	2
exampleTumor1	m135	region2	clipp2_single_switch_path_mixture_v1	1	phased_unphased_two_state_positive_dosages_v1	endpoint_excess_dosage_penalty_biological_alias_mass_v1:alpha=3	5c247107561660669e1e40fa17e9c74b9ce7f23c4cacc5cd6479e760fab68aab	region_local	3	0.02503807144378525	0	0.9999999744101855	0.025038063945193166	0	1.0	1.0	1.0	0.8396146694483648	1.0	1.0	0	switch_boundary_at_fitted_phi	0.9999999744101855	1.0	0	first_linear_segment_at_clustered_phi	8
exampleTumor1	m136	region1	clipp2_single_switch_path_mixture_v1	1	phased_unphased_two_state_positive_dosages_v1	endpoint_excess_dosage_penalty_biological_alias_mass_v1:alpha=3	5c247107561660669e1e40fa17e9c74b9ce7f23c4cacc5cd6479e760fab68aab	region_local	1	0.0005573757586661906	0	0.4644698459572693	0.0005573756309995815	0	2.0	1.0	0.46559310907204654	0.055039886808694184	0.928939678455937	2.0	1	first_linear_segment_at_fitted_phi	0.9289396919145386	2.0	1	first_linear_segment_at_clustered_phi	2
exampleTumor1	m136	region1	clipp2_single_switch_path_mixture_v1	1	phased_unphased_two_state_positive_dosages_v1	endpoint_excess_dosage_penalty_biological_alias_mass_v1:alpha=3	5c247107561660669e1e40fa17e9c74b9ce7f23c4cacc5cd6479e760fab68aab	region_local	2	0.05821326015999901	0	0.4644698459572693	0.05821326016743504	0	1.0	2.0	0.5344068909279536	0.055039886808694205	0.4644698392279685	1.0	0	first_linear_segment_at_fitted_phi	0.4644698459572693	1.0	0	first_linear_segment_at_clustered_phi	2
exampleTumor1	m136	region1	clipp2_single_switch_path_mixture_v1	1	phased_unphased_two_state_positive_dosages_v1	endpoint_excess_dosage_penalty_biological_alias_mass_v1:alpha=3	5c247107561660669e1e40fa17e9c74b9ce7f23c4cacc5cd6479e760fab68aab	region_local	3	0.9412293640813348	1	0.4644698459572693	0.9412293642015654	1	1.0	1.0	1.0	0.8899202263826116	0.4644698392279685	1.0	0	first_linear_segment_at_fitted_phi	0.4644698459572693	1.0	0	first_linear_segment_at_clustered_phi	8
exampleTumor1	m136	region2	clipp2_single_switch_path_mixture_v1	1	phased_unphased_two_state_positive_dosages_v1	endpoint_excess_dosage_penalty_biological_alias_mass_v1:alpha=3	5c247107561660669e1e40fa17e9c74b9ce7f23c4cacc5cd6479e760fab68aab	region_local	1	0.05428161459860789	0	0.5783395130938829	0.054281606653500694	0	1.0	2.0	0.4432498707676336	0.04300336857382123	0.7134291253150138	1.2335818800742495	1	second_linear_segment_at_fitted_phi	0.7134291554201322	1.2335819000219685	1	second_linear_segment_at_clustered_phi	2
exampleTumor1	m136	region2	clipp2_single_switch_path_mixture_v1	1	phased_unphased_two_state_positive_dosages_v1	endpoint_excess_dosage_penalty_biological_alias_mass_v1:alpha=3	5c247107561660669e1e40fa17e9c74b9ce7f23c4cacc5cd6479e760fab68aab	region_local	2	0.0005350188487969929	0	0.5783395130938829	0.000535018660012533	0	2.0	1.0	0.5567501292323666	0.043003368573821206	1.1350896272736901	1.9626700772088463	1	second_linear_segment_at_fitted_phi	1.1350896423262493	1.9626700521532379	1	second_linear_segment_at_clustered_phi	2
exampleTumor1	m136	region2	clipp2_single_switch_path_mixture_v1	1	phased_unphased_two_state_positive_dosages_v1	endpoint_excess_dosage_penalty_biological_alias_mass_v1:alpha=3	5c247107561660669e1e40fa17e9c74b9ce7f23c4cacc5cd6479e760fab68aab	region_local	3	0.9451833665525952	1	0.5783395130938829	0.9451833746864868	1	1.0	1.0	1.0	0.9139932628523576	0.5783394980413237	1.0	0	first_linear_segment_at_fitted_phi	0.5783395130938829	1.0	0	first_linear_segment_at_clustered_phi	8
exampleTumor1	m137	region1	clipp2_single_switch_path_mixture_v1	1	phased_unphased_two_state_positive_dosages_v1	endpoint_excess_dosage_penalty_biological_alias_mass_v1:alpha=3	5c247107561660669e1e40fa17e9c74b9ce7f23c4cacc5cd6479e760fab68aab	region_local	1	0.0006249763053032628	0	0.9999999820400683	0.0006249766554538053	0	1.0	1.0	1.0	0.9757111023207368	0.9999999639013849	1.0	0	first_linear_segment_at_fitted_phi	0.9999999820400683	1.0	0	first_linear_segment_at_clustered_phi	2
exampleTumor1	m137	region1	clipp2_single_switch_path_mixture_v1	1	phased_unphased_two_state_positive_dosages_v1	endpoint_excess_dosage_penalty_biological_alias_mass_v1:alpha=3	5c247107561660669e1e40fa17e9c74b9ce7f23c4cacc5cd6479e760fab68aab	region_local	2	0.9993750236946968	1	0.9999999820400683	0.9993750233445462	1	2.0	2.0	1.0	0.02428889767926321	1.9999999278027698	2.0	1	first_linear_segment_at_fitted_phi	1.9999999640801367	2.0	1	first_linear_segment_at_clustered_phi	1
exampleTumor1	m137	region2	clipp2_single_switch_path_mixture_v1	1	phased_unphased_two_state_positive_dosages_v1	endpoint_excess_dosage_penalty_biological_alias_mass_v1:alpha=3	5c247107561660669e1e40fa17e9c74b9ce7f23c4cacc5cd6479e760fab68aab	region_local	1	0.0005206255639782897	0	0.9999999744101855	0.0005206250227783165	0	1.0	1.0	1.0	0.9757111023207368	1.0	1.0	0	switch_boundary_at_fitted_phi	0.9999999744101855	1.0	0	first_linear_segment_at_clustered_phi	2
exampleTumor1	m137	region2	clipp2_single_switch_path_mixture_v1	1	phased_unphased_two_state_positive_dosages_v1	endpoint_excess_dosage_penalty_biological_alias_mass_v1:alpha=3	5c247107561660669e1e40fa17e9c74b9ce7f23c4cacc5cd6479e760fab68aab	region_local	2	0.9994793744360218	1	0.9999999744101855	0.9994793749772217	1	2.0	2.0	1.0	0.02428889767926321	2.0	2.0	1	switch_boundary_at_fitted_phi	1.999999948820371	2.0	1	first_linear_segment_at_clustered_phi	1
exampleTumor1	m138	region1	clipp2_single_switch_path_mixture_v1	1	phased_unphased_two_state_positive_dosages_v1	endpoint_excess_dosage_penalty_biological_alias_mass_v1:alpha=3	5c247107561660669e1e40fa17e9c74b9ce7f23c4cacc5cd6479e760fab68aab	region_local	1	0.004688908589876893	0	0.4644698459572693	0.004688906844503552	0	2.0	1.0	0.46559310907204654	0.055039886808694184	0.9289396672064688	2.0	1	first_linear_segment_at_fitted_phi	0.9289396919145386	2.0	1	first_linear_segment_at_clustered_phi	2
exampleTumor1	m138	region1	clipp2_single_switch_path_mixture_v1	1	phased_unphased_two_state_positive_dosages_v1	endpoint_excess_dosage_penalty_biological_alias_mass_v1:alpha=3	5c247107561660669e1e40fa17e9c74b9ce7f23c4cacc5cd6479e760fab68aab	region_local	2	0.057972616035234556	0	0.4644698459572693	0.0579726161368947	0	1.0	2.0	0.5344068909279536	0.055039886808694205	0.4644698336032344	1.0	0	first_linear_segment_at_fitted_phi	0.4644698459572693	1.0	0	first_linear_segment_at_clustered_phi	2
exampleTumor1	m138	region1	clipp2_single_switch_path_mixture_v1	1	phased_unphased_two_state_positive_dosages_v1	endpoint_excess_dosage_penalty_biological_alias_mass_v1:alpha=3	5c247107561660669e1e40fa17e9c74b9ce7f23c4cacc5cd6479e760fab68aab	region_local	3	0.9373384753748886	1	0.4644698459572693	0.9373384770186017	1	1.0	1.0	1.0	0.8899202263826116	0.4644698336032344	1.0	0	first_linear_segment_at_fitted_phi	0.4644698459572693	1.0	0	first_linear_segment_at_clustered_phi	8
exampleTumor1	m138	region2	clipp2_single_switch_path_mixture_v1	1	phased_unphased_two_state_positive_dosages_v1	endpoint_excess_dosage_penalty_biological_alias_mass_v1:alpha=3	5c247107561660669e1e40fa17e9c74b9ce7f23c4cacc5cd6479e760fab68aab	region_local	1	0.07914965514756896	0	0.5783395130938829	0.07914965124284332	0	1.0	2.0	0.4432498707676336	0.04300336857382123	0.7134291367226384	1.2335818876329674	1	second_linear_segment_at_fitted_phi	0.7134291554201322	1.2335819000219685	1	second_linear_segment_at_clustered_phi	2
exampleTumor1	m138	region2	clipp2_single_switch_path_mixture_v1	1	phased_unphased_two_state_positive_dosages_v1	endpoint_excess_dosage_penalty_biological_alias_mass_v1:alpha=3	5c247107561660669e1e40fa17e9c74b9ce7f23c4cacc5cd6479e760fab68aab	region_local	2	0.005507758140310941	0	0.5783395130938829	0.005507757096239435	0	2.0	1.0	0.5567501292323666	0.043003368573821206	1.1350896329775026	1.9626700677146145	1	second_linear_segment_at_fitted_phi	1.1350896423262493	1.9626700521532379	1	second_linear_segment_at_clustered_phi	2
exampleTumor1	m138	region2	clipp2_single_switch_path_mixture_v1	1	phased_unphased_two_state_positive_dosages_v1	endpoint_excess_dosage_penalty_biological_alias_mass_v1:alpha=3	5c247107561660669e1e40fa17e9c74b9ce7f23c4cacc5cd6479e760fab68aab	region_local	3	0.91534258671212	1	0.5783395130938829	0.9153425916609171	1	1.0	1.0	1.0	0.9139932628523576	0.578339503745136	1.0	0	first_linear_segment_at_fitted_phi	0.5783395130938829	1.0	0	first_linear_segment_at_clustered_phi	8
exampleTumor1	m139	region1	clipp2_single_switch_path_mixture_v1	1	phased_unphased_two_state_positive_dosages_v1	endpoint_excess_dosage_penalty_biological_alias_mass_v1:alpha=3	5c247107561660669e1e40fa17e9c74b9ce7f23c4cacc5cd6479e760fab68aab	region_local	1	0.0016689300395076221	0	0.9999999820400683	0.0016689295828470345	0	2.0	1.0	0.46559310907204654	0.055039886808694184	1.4655930729682998	1.4655931258817028	1	second_linear_segment_at_fitted_phi	1.4655930911121149	1.465593117434067	1	second_linear_segment_at_clustered_phi	2
exampleTumor1	m139	region1	clipp2_single_switch_path_mixture_v1	1	phased_unphased_two_state_positive_dosages_v1	endpoint_excess_dosage_penalty_biological_alias_mass_v1:alpha=3	5c247107561660669e1e40fa17e9c74b9ce7f23c4cacc5cd6479e760fab68aab	region_local	2	0.0016689309365777527	0	0.9999999820400683	0.0016689300290974674	0	1.0	2.0	0.5344068909279536	0.055039886808694205	1.465593036864553	1.4655930897779548	1	second_linear_segment_at_fitted_phi	1.4655930731521831	1.465593099474135	1	second_linear_segment_at_clustered_phi	2
exampleTumor1	m139	region1	clipp2_single_switch_path_mixture_v1	1	phased_unphased_two_state_positive_dosages_v1	endpoint_excess_dosage_penalty_biological_alias_mass_v1:alpha=3	5c247107561660669e1e40fa17e9c74b9ce7f23c4cacc5cd6479e760fab68aab	region_local	3	0.9966621390239145	1	0.9999999820400683	0.9966621403880556	1	1.0	1.0	1.0	0.8899202263826116	0.9999999638962532	1.0	0	first_linear_segment_at_fitted_phi	0.9999999820400683	1.0	0	first_linear_segment_at_clustered_phi	8
exampleTumor1	m139	region2	clipp2_single_switch_path_mixture_v1	1	phased_unphased_two_state_positive_dosages_v1	endpoint_excess_dosage_penalty_biological_alias_mass_v1:alpha=3	5c247107561660669e1e40fa17e9c74b9ce7f23c4cacc5cd6479e760fab68aab	region_local	1	4.075214318484449e-07	0	0.9999999744101855	4.075219214750264e-07	0	1.0	2.0	0.4432498707676336	0.04300336857382123	1.5567501292323664	1.5567501292323664	1	second_linear_segment_at_fitted_phi	1.5567500780527375	1.556750117889684	1	second_linear_segment_at_clustered_phi	2
exampleTumor1	m139	region2	clipp2_single_switch_path_mixture_v1	1	phased_unphased_two_state_positive_dosages_v1	endpoint_excess_dosage_penalty_biological_alias_mass_v1:alpha=3	5c247107561660669e1e40fa17e9c74b9ce7f23c4cacc5cd6479e760fab68aab	region_local	2	4.0752143184843906e-07	0	0.9999999744101855	4.075216135327637e-07	0	2.0	1.0	0.5567501292323666	0.043003368573821206	1.5567501292323667	1.5567501292323667	1	second_linear_segment_at_fitted_phi	1.556750103642552	1.5567501434794992	1	second_linear_segment_at_clustered_phi	2
exampleTumor1	m139	region2	clipp2_single_switch_path_mixture_v1	1	phased_unphased_two_state_positive_dosages_v1	endpoint_excess_dosage_penalty_biological_alias_mass_v1:alpha=3	5c247107561660669e1e40fa17e9c74b9ce7f23c4cacc5cd6479e760fab68aab	region_local	3	0.9999991849571362	1	0.9999999744101855	0.999999184956465	1	1.0	1.0	1.0	0.9139932628523576	1.0	1.0	0	switch_boundary_at_fitted_phi	0.9999999744101855	1.0	0	first_linear_segment_at_clustered_phi	8
exampleTumor1	m140	region1	clipp2_single_switch_path_mixture_v1	1	phased_unphased_two_state_positive_dosages_v1	endpoint_excess_dosage_penalty_biological_alias_mass_v1:alpha=3	5c247107561660669e1e40fa17e9c74b9ce7f23c4cacc5cd6479e760fab68aab	region_local	1	0.9999999999900304	1	0.9999999820400683	0.9999999999900304	1	1.0	1.0	1.0	0.9757111023207368	1.0	1.0	0	switch_boundary_at_fitted_phi	0.9999999820400683	1.0	0	first_linear_segment_at_clustered_phi	2
exampleTumor1	m140	region1	clipp2_single_switch_path_mixture_v1	1	phased_unphased_two_state_positive_dosages_v1	endpoint_excess_dosage_penalty_biological_alias_mass_v1:alpha=3	5c247107561660669e1e40fa17e9c74b9ce7f23c4cacc5cd6479e760fab68aab	region_local	2	9.969661955203285e-12	0	0.9999999820400683	9.969671147335709e-12	0	2.0	2.0	1.0	0.02428889767926321	2.0	2.0	1	switch_boundary_at_fitted_phi	1.9999999640801367	2.0	1	first_linear_segment_at_clustered_phi	1
exampleTumor1	m140	region2	clipp2_single_switch_path_mixture_v1	1	phased_unphased_two_state_positive_dosages_v1	endpoint_excess_dosage_penalty_biological_alias_mass_v1:alpha=3	5c247107561660669e1e40fa17e9c74b9ce7f23c4cacc5cd6479e760fab68aab	region_local	1	0.9999999992082673	1	0.9999999744101855	0.999999999208268	1	1.0	1.0	1.0	0.9757111023207368	0.9999999612844109	1.0	0	first_linear_segment_at_fitted_phi	0.9999999744101855	1.0	0	first_linear_segment_at_clustered_phi	2
exampleTumor1	m140	region2	clipp2_single_switch_path_mixture_v1	1	phased_unphased_two_state_positive_dosages_v1	endpoint_excess_dosage_penalty_biological_alias_mass_v1:alpha=3	5c247107561660669e1e40fa17e9c74b9ce7f23c4cacc5cd6479e760fab68aab	region_local	2	7.917327377002727e-10	0	0.9999999744101855	7.917321192273201e-10	0	2.0	2.0	1.0	0.02428889767926321	1.9999999225688219	2.0	1	first_linear_segment_at_fitted_phi	1.999999948820371	2.0	1	first_linear_segment_at_clustered_phi	1
exampleTumor1	m141	region1	clipp2_single_switch_path_mixture_v1	1	phased_unphased_two_state_positive_dosages_v1	endpoint_excess_dosage_penalty_biological_alias_mass_v1:alpha=3	5c247107561660669e1e40fa17e9c74b9ce7f23c4cacc5cd6479e760fab68aab	region_local	1	0.00020899255890228802	0	0.4644698459572693	0.00020899255204165273	0	2.0	1.0	0.46559310907204654	0.055039886808694184	0.9289396900282526	2.0	1	first_linear_segment_at_fitted_phi	0.9289396919145386	2.0	1	first_linear_segment_at_clustered_phi	2
exampleTumor1	m141	region1	clipp2_single_switch_path_mixture_v1	1	phased_unphased_two_state_positive_dosages_v1	endpoint_excess_dosage_penalty_biological_alias_mass_v1:alpha=3	5c247107561660669e1e40fa17e9c74b9ce7f23c4cacc5cd6479e760fab68aab	region_local	2	0.0582335519920175	0	0.4644698459572693	0.05823355199241711	0	1.0	2.0	0.5344068909279536	0.055039886808694205	0.4644698450141263	1.0	0	first_linear_segment_at_fitted_phi	0.4644698459572693	1.0	0	first_linear_segment_at_clustered_phi	2
exampleTumor1	m141	region1	clipp2_single_switch_path_mixture_v1	1	phased_unphased_two_state_positive_dosages_v1	endpoint_excess_dosage_penalty_biological_alias_mass_v1:alpha=3	5c247107561660669e1e40fa17e9c74b9ce7f23c4cacc5cd6479e760fab68aab	region_local	3	0.9415574554490802	1	0.4644698459572693	0.9415574554555413	1	1.0	1.0	1.0	0.8899202263826116	0.4644698450141263	1.0	0	first_linear_segment_at_fitted_phi	0.4644698459572693	1.0	0	first_linear_segment_at_clustered_phi	8
exampleTumor1	m141	region2	clipp2_single_switch_path_mixture_v1	1	phased_unphased_two_state_positive_dosages_v1	endpoint_excess_dosage_penalty_biological_alias_mass_v1:alpha=3	5c247107561660669e1e40fa17e9c74b9ce7f23c4cacc5cd6479e760fab68aab	region_local	1	0.09830114778213249	0	0.5783395130938829	0.09830113705514643	0	1.0	2.0	0.4432498707676336	0.04300336857382123	0.7134291117588765	1.2335818710919222	1	second_linear_segment_at_fitted_phi	0.7134291554201322	1.2335819000219685	1	second_linear_segment_at_clustered_phi	2
exampleTumor1	m141	region2	clipp2_single_switch_path_mixture_v1	1	phased_unphased_two_state_positive_dosages_v1	endpoint_excess_dosage_penalty_biological_alias_mass_v1:alpha=3	5c247107561660669e1e40fa17e9c74b9ce7f23c4cacc5cd6479e760fab68aab	region_local	2	0.007093602634685685	0	0.5783395130938829	0.007093599018287878	0	2.0	1.0	0.5567501292323666	0.043003368573821206	1.1350896204956216	1.962670088491223	1	second_linear_segment_at_fitted_phi	1.1350896423262493	1.9626700521532379	1	second_linear_segment_at_clustered_phi	2
exampleTumor1	m141	region2	clipp2_single_switch_path_mixture_v1	1	phased_unphased_two_state_positive_dosages_v1	endpoint_excess_dosage_penalty_biological_alias_mass_v1:alpha=3	5c247107561660669e1e40fa17e9c74b9ce7f23c4cacc5cd6479e760fab68aab	region_local	3	0.8946052495831819	1	0.5783395130938829	0.8946052639265658	1	1.0	1.0	1.0	0.9139932628523576	0.578339491263255	1.0	0	first_linear_segment_at_fitted_phi	0.5783395130938829	1.0	0	first_linear_segment_at_clustered_phi	8
exampleTumor1	m142	region1	clipp2_single_switch_path_mixture_v1	1	phased_unphased_two_state_positive_dosages_v1	endpoint_excess_dosage_penalty_biological_alias_mass_v1:alpha=3	5c247107561660669e1e40fa17e9c74b9ce7f23c4cacc5cd6479e760fab68aab	region_local	1	0.9999997874007068	1	0.9999999820400683	0.9999997874008747	1	1.0	1.0	1.0	0.9757111023207368	0.9999999638950802	1.0	0	first_linear_segment_at_fitted_phi	0.9999999820400683	1.0	0	first_linear_segment_at_clustered_phi	2
exampleTumor1	m142	region1	clipp2_single_switch_path_mixture_v1	1	phased_unphased_two_state_positive_dosages_v1	endpoint_excess_dosage_penalty_biological_alias_mass_v1:alpha=3	5c247107561660669e1e40fa17e9c74b9ce7f23c4cacc5cd6479e760fab68aab	region_local	2	2.1259929311518106e-07	0	0.9999999820400683	2.1259912538886291e-07	0	2.0	2.0	1.0	0.02428889767926321	1.9999999277901603	2.0	1	first_linear_segment_at_fitted_phi	1.9999999640801367	2.0	1	first_linear_segment_at_clustered_phi	1
exampleTumor1	m142	region2	clipp2_single_switch_path_mixture_v1	1	phased_unphased_two_state_positive_dosages_v1	endpoint_excess_dosage_penalty_biological_alias_mass_v1:alpha=3	5c247107561660669e1e40fa17e9c74b9ce7f23c4cacc5cd6479e760fab68aab	region_local	1	0.9999986600847021	1	0.9999999744101855	0.9999986600856722	1	1.0	1.0	1.0	0.9757111023207368	0.9999999612844969	1.0	0	first_linear_segment_at_fitted_phi	0.9999999744101855	1.0	0	first_linear_segment_at_clustered_phi	2
exampleTumor1	m142	region2	clipp2_single_switch_path_mixture_v1	1	phased_unphased_two_state_positive_dosages_v1	endpoint_excess_dosage_penalty_biological_alias_mass_v1:alpha=3	5c247107561660669e1e40fa17e9c74b9ce7f23c4cacc5cd6479e760fab68aab	region_local	2	1.3399152979600659e-06	0	0.9999999744101855	1.3399143278616661e-06	0	2.0	2.0	1.0	0.02428889767926321	1.9999999225689937	2.0	1	first_linear_segment_at_fitted_phi	1.999999948820371	2.0	1	first_linear_segment_at_clustered_phi	1
exampleTumor1	m143	region1	clipp2_single_switch_path_mixture_v1	1	phased_unphased_two_state_positive_dosages_v1	endpoint_excess_dosage_penalty_biological_alias_mass_v1:alpha=3	5c247107561660669e1e40fa17e9c74b9ce7f23c4cacc5cd6479e760fab68aab	region_local	1	0.0019047031966163172	0	0.9999999820400683	0.0019047027724724656	0	2.0	1.0	0.46559310907204654	0.055039886808694184	1.4655930729673963	1.4655931258821238	1	second_linear_segment_at_fitted_phi	1.4655930911121149	1.465593117434067	1	second_linear_segment_at_clustered_phi	2
exampleTumor1	m143	region1	clipp2_single_switch_path_mixture_v1	1	phased_unphased_two_state_positive_dosages_v1	endpoint_excess_dosage_penalty_biological_alias_mass_v1:alpha=3	5c247107561660669e1e40fa17e9c74b9ce7f23c4cacc5cd6479e760fab68aab	region_local	2	0.0019047041107013343	0	0.9999999820400683	0.0019047032271756678	0	1.0	2.0	0.5344068909279536	0.055039886808694205	1.4655930368627457	1.4655930897774718	1	second_linear_segment_at_fitted_phi	1.4655930731521831	1.465593099474135	1	second_linear_segment_at_clustered_phi	2
exampleTumor1	m143	region1	clipp2_single_switch_path_mixture_v1	1	phased_unphased_two_state_positive_dosages_v1	endpoint_excess_dosage_penalty_biological_alias_mass_v1:alpha=3	5c247107561660669e1e40fa17e9c74b9ce7f23c4cacc5cd6479e760fab68aab	region_local	3	0.9961905926926824	1	0.9999999820400683	0.9961905940003518	1	1.0	1.0	1.0	0.8899202263826116	0.9999999638953496	1.0	0	first_linear_segment_at_fitted_phi	0.9999999820400683	1.0	0	first_linear_segment_at_clustered_phi	8
exampleTumor1	m143	region2	clipp2_single_switch_path_mixture_v1	1	phased_unphased_two_state_positive_dosages_v1	endpoint_excess_dosage_penalty_biological_alias_mass_v1:alpha=3	5c247107561660669e1e40fa17e9c74b9ce7f23c4cacc5cd6479e760fab68aab	region_local	1	0.024933799049560133	0	0.9999999744101855	0.024933816776320592	0	1.0	2.0	0.4432498707676336	0.04300336857382123	1.5567501292323664	1.5567501292323664	1	second_linear_segment_at_fitted_phi	1.5567500780527375	1.556750117889684	1	second_linear_segment_at_clustered_phi	2
exampleTumor1	m143	region2	clipp2_single_switch_path_mixture_v1	1	phased_unphased_two_state_positive_dosages_v1	endpoint_excess_dosage_penalty_biological_alias_mass_v1:alpha=3	5c247107561660669e1e40fa17e9c74b9ce7f23c4cacc5cd6479e760fab68aab	region_local	2	0.02493379904955978	0	0.9999999744101855	0.024933810401778354	0	2.0	1.0	0.5567501292323666	0.043003368573821206	1.5567501292323667	1.5567501292323667	1	second_linear_segment_at_fitted_phi	1.556750103642552	1.5567501434794992	1	second_linear_segment_at_clustered_phi	2
exampleTumor1	m143	region2	clipp2_single_switch_path_mixture_v1	1	phased_unphased_two_state_positive_dosages_v1	endpoint_excess_dosage_penalty_biological_alias_mass_v1:alpha=3	5c247107561660669e1e40fa17e9c74b9ce7f23c4cacc5cd6479e760fab68aab	region_local	3	0.9501324019008801	1	0.9999999744101855	0.9501323728219011	1	1.0	1.0	1.0	0.9139932628523576	1.0	1.0	0	switch_boundary_at_fitted_phi	0.9999999744101855	1.0	0	first_linear_segment_at_clustered_phi	8
exampleTumor1	m144	region1	clipp2_single_switch_path_mixture_v1	1	phased_unphased_two_state_positive_dosages_v1	endpoint_excess_dosage_penalty_biological_alias_mass_v1:alpha=3	5c247107561660669e1e40fa17e9c74b9ce7f23c4cacc5cd6479e760fab68aab	region_local	1	0.0003360378124465704	0	0.9999999820400683	0.0003360378768977364	0	2.0	1.0	0.46559310907204654	0.055039886808694184	1.4655931090720467	1.4655931090720467	1	second_linear_segment_at_fitted_phi	1.4655930911121149	1.465593117434067	1	second_linear_segment_at_clustered_phi	2
exampleTumor1	m144	region1	clipp2_single_switch_path_mixture_v1	1	phased_unphased_two_state_positive_dosages_v1	endpoint_excess_dosage_penalty_biological_alias_mass_v1:alpha=3	5c247107561660669e1e40fa17e9c74b9ce7f23c4cacc5cd6479e760fab68aab	region_local	2	0.0003360378124465704	0	0.9999999820400683	0.0003360379752558324	0	1.0	2.0	0.5344068909279536	0.055039886808694205	1.4655931090720464	1.4655931090720464	1	second_linear_segment_at_fitted_phi	1.4655930731521831	1.465593099474135	1	second_linear_segment_at_clustered_phi	2
exampleTumor1	m144	region1	clipp2_single_switch_path_mixture_v1	1	phased_unphased_two_state_positive_dosages_v1	endpoint_excess_dosage_penalty_biological_alias_mass_v1:alpha=3	5c247107561660669e1e40fa17e9c74b9ce7f23c4cacc5cd6479e760fab68aab	region_local	3	0.9993279243751069	1	0.9999999820400683	0.9993279241478464	1	1.0	1.0	1.0	0.8899202263826116	1.0	1.0	0	switch_boundary_at_fitted_phi	0.9999999820400683	1.0	0	first_linear_segment_at_clustered_phi	8
exampleTumor1	m144	region2	clipp2_single_switch_path_mixture_v1	1	phased_unphased_two_state_positive_dosages_v1	endpoint_excess_dosage_penalty_biological_alias_mass_v1:alpha=3	5c247107561660669e1e40fa17e9c74b9ce7f23c4cacc5cd6479e760fab68aab	region_local	1	2.6216838574553734e-05	0	0.9999999744101855	2.6216823170908063e-05	0	1.0	2.0	0.4432498707676336	0.04300336857382123	1.5567500518017645	1.5567501120718137	1	second_linear_segment_at_fitted_phi	1.5567500780527375	1.556750117889684	1	second_linear_segment_at_clustered_phi	2
exampleTumor1	m144	region2	clipp2_single_switch_path_mixture_v1	1	phased_unphased_two_state_positive_dosages_v1	endpoint_excess_dosage_penalty_biological_alias_mass_v1:alpha=3	5c247107561660669e1e40fa17e9c74b9ce7f23c4cacc5cd6479e760fab68aab	region_local	2	2.621681457681163e-05	0	0.9999999744101855	2.6216807309026685e-05	0	2.0	1.0	0.5567501292323666	0.043003368573821206	1.5567500905170655	1.556750150787116	1	second_linear_segment_at_fitted_phi	1.556750103642552	1.5567501434794992	1	second_linear_segment_at_clustered_phi	2
exampleTumor1	m144	region2	clipp2_single_switch_path_mixture_v1	1	phased_unphased_two_state_positive_dosages_v1	endpoint_excess_dosage_penalty_biological_alias_mass_v1:alpha=3	5c247107561660669e1e40fa17e9c74b9ce7f23c4cacc5cd6479e760fab68aab	region_local	3	0.9999475663468487	1	0.9999999744101855	0.9999475663695201	1	1.0	1.0	1.0	0.9139932628523576	0.999999961284699	1.0	0	first_linear_segment_at_fitted_phi	0.9999999744101855	1.0	0	first_linear_segment_at_clustered_phi	8
exampleTumor1	m145	region1	clipp2_single_switch_path_mixture_v1	1	phased_unphased_two_state_positive_dosages_v1	endpoint_excess_dosage_penalty_biological_alias_mass_v1:alpha=3	5c247107561660669e1e40fa17e9c74b9ce7f23c4cacc5cd6479e760fab68aab	region_local	1	0.0021188767436637126	0	0.9999999820400683	0.0021188762208429615	0	2.0	1.0	0.46559310907204654	0.055039886808694184	1.465593072967767	1.4655931258819508	1	second_linear_segment_at_fitted_phi	1.4655930911121149	1.465593117434067	1	second_linear_segment_at_clustered_phi	2
exampleTumor1	m145	region1	clipp2_single_switch_path_mixture_v1	1	phased_unphased_two_state_positive_dosages_v1	endpoint_excess_dosage_penalty_biological_alias_mass_v1:alpha=3	5c247107561660669e1e40fa17e9c74b9ce7f23c4cacc5cd6479e760fab68aab	region_local	2	0.0021188777904718394	0	0.9999999820400683	0.0021188767415733618	0	1.0	2.0	0.5344068909279536	0.055039886808694205	1.4655930368634875	1.46559308977767	1	second_linear_segment_at_fitted_phi	1.4655930731521831	1.465593099474135	1	second_linear_segment_at_clustered_phi	2
exampleTumor1	m145	region1	clipp2_single_switch_path_mixture_v1	1	phased_unphased_two_state_positive_dosages_v1	endpoint_excess_dosage_penalty_biological_alias_mass_v1:alpha=3	5c247107561660669e1e40fa17e9c74b9ce7f23c4cacc5cd6479e760fab68aab	region_local	3	0.9957622454658644	1	0.9999999820400683	0.9957622470375838	1	1.0	1.0	1.0	0.8899202263826116	0.9999999638957205	1.0	0	first_linear_segment_at_fitted_phi	0.9999999820400683	1.0	0	first_linear_segment_at_clustered_phi	8
exampleTumor1	m145	region2	clipp2_single_switch_path_mixture_v1	1	phased_unphased_two_state_positive_dosages_v1	endpoint_excess_dosage_penalty_biological_alias_mass_v1:alpha=3	5c247107561660669e1e40fa17e9c74b9ce7f23c4cacc5cd6479e760fab68aab	region_local	1	4.8005691796067865e-05	0	0.9999999744101855	4.800566507904919e-05	0	1.0	2.0	0.4432498707676336	0.04300336857382123	1.556750051801419	1.556750112071737	1	second_linear_segment_at_fitted_phi	1.5567500780527375	1.556750117889684	1	second_linear_segment_at_clustered_phi	2
exampleTumor1	m145	region2	clipp2_single_switch_path_mixture_v1	1	phased_unphased_two_state_positive_dosages_v1	endpoint_excess_dosage_penalty_biological_alias_mass_v1:alpha=3	5c247107561660669e1e40fa17e9c74b9ce7f23c4cacc5cd6479e760fab68aab	region_local	2	4.800565065735367e-05	0	0.9999999744101855	4.800563788755374e-05	0	2.0	1.0	0.5567501292323666	0.043003368573821206	1.5567500905168927	1.5567501507872124	1	second_linear_segment_at_fitted_phi	1.556750103642552	1.5567501434794992	1	second_linear_segment_at_clustered_phi	2
exampleTumor1	m145	region2	clipp2_single_switch_path_mixture_v1	1	phased_unphased_two_state_positive_dosages_v1	endpoint_excess_dosage_penalty_biological_alias_mass_v1:alpha=3	5c247107561660669e1e40fa17e9c74b9ce7f23c4cacc5cd6479e760fab68aab	region_local	3	0.9999039886575466	1	0.9999999744101855	0.9999039886970335	1	1.0	1.0	1.0	0.9139932628523576	0.9999999612845263	1.0	0	first_linear_segment_at_fitted_phi	0.9999999744101855	1.0	0	first_linear_segment_at_clustered_phi	8
exampleTumor1	m146	region1	clipp2_single_switch_path_mixture_v1	1	phased_unphased_two_state_positive_dosages_v1	endpoint_excess_dosage_penalty_biological_alias_mass_v1:alpha=3	5c247107561660669e1e40fa17e9c74b9ce7f23c4cacc5cd6479e760fab68aab	region_local	1	0.39110158267811684	0	0.9999999820400683	0.3911015578992232	0	2.0	1.0	0.46559310907204654	0.055039886808694184	1.4655930729718452	1.465593125880052	1	second_linear_segment_at_fitted_phi	1.4655930911121149	1.465593117434067	1	second_linear_segment_at_clustered_phi	2
exampleTumor1	m146	region1	clipp2_single_switch_path_mixture_v1	1	phased_unphased_two_state_positive_dosages_v1	endpoint_excess_dosage_penalty_biological_alias_mass_v1:alpha=3	5c247107561660669e1e40fa17e9c74b9ce7f23c4cacc5cd6479e760fab68aab	region_local	2	0.39110159510210263	1	0.9999999820400683	0.39110156408018876	1	1.0	2.0	0.5344068909279536	0.055039886808694205	1.4655930368716437	1.4655930897798493	1	second_linear_segment_at_fitted_phi	1.4655930731521831	1.465593099474135	1	second_linear_segment_at_clustered_phi	2
exampleTumor1	m146	region1	clipp2_single_switch_path_mixture_v1	1	phased_unphased_two_state_positive_dosages_v1	endpoint_excess_dosage_penalty_biological_alias_mass_v1:alpha=3	5c247107561660669e1e40fa17e9c74b9ce7f23c4cacc5cd6479e760fab68aab	region_local	3	0.21779682221978056	0	0.9999999820400683	0.2177968780205882	0	1.0	1.0	1.0	0.8899202263826116	0.9999999638997986	1.0	0	first_linear_segment_at_fitted_phi	0.9999999820400683	1.0	0	first_linear_segment_at_clustered_phi	8
exampleTumor1	m146	region2	clipp2_single_switch_path_mixture_v1	1	phased_unphased_two_state_positive_dosages_v1	endpoint_excess_dosage_penalty_biological_alias_mass_v1:alpha=3	5c247107561660669e1e40fa17e9c74b9ce7f23c4cacc5cd6479e760fab68aab	region_local	1	0.48210530727565365	0	0.9999999744101855	0.48210530588720596	0	1.0	2.0	0.4432498707676336	0.04300336857382123	1.5567500518034036	1.556750112072177	1	second_linear_segment_at_fitted_phi	1.5567500780527375	1.556750117889684	1	second_linear_segment_at_clustered_phi	2
exampleTumor1	m146	region2	clipp2_single_switch_path_mixture_v1	1	phased_unphased_two_state_positive_dosages_v1	endpoint_excess_dosage_penalty_biological_alias_mass_v1:alpha=3	5c247107561660669e1e40fa17e9c74b9ce7f23c4cacc5cd6479e760fab68aab	region_local	2	0.4821053251699006	1	0.9999999744101855	0.4821053177150833	1	2.0	1.0	0.5567501292323666	0.043003368573821206	1.5567500905178853	1.5567501507866601	1	second_linear_segment_at_fitted_phi	1.556750103642552	1.5567501434794992	1	second_linear_segment_at_clustered_phi	2
exampleTumor1	m146	region2	clipp2_single_switch_path_mixture_v1	1	phased_unphased_two_state_positive_dosages_v1	endpoint_excess_dosage_penalty_biological_alias_mass_v1:alpha=3	5c247107561660669e1e40fa17e9c74b9ce7f23c4cacc5cd6479e760fab68aab	region_local	3	0.035789367554445735	0	0.9999999744101855	0.035789376397710716	0	1.0	1.0	1.0	0.9139932628523576	0.9999999612855186	1.0	0	first_linear_segment_at_fitted_phi	0.9999999744101855	1.0	0	first_linear_segment_at_clustered_phi	8
exampleTumor1	m147	region1	clipp2_single_switch_path_mixture_v1	1	phased_unphased_two_state_positive_dosages_v1	endpoint_excess_dosage_penalty_biological_alias_mass_v1:alpha=3	5c247107561660669e1e40fa17e9c74b9ce7f23c4cacc5cd6479e760fab68aab	region_local	1	0.007923583472704249	0	0.4644698459572693	0.007923583170521019	0	2.0	1.0	0.18979727272857988	0.1102685636923483	0.6542671144040213	1.4086320697247872	1	second_linear_segment_at_fitted_phi	0.6542671186858492	1.4086320659577134	1	second_linear_segment_at_clustered_phi	2
exampleTumor1	m147	region1	clipp2_single_switch_path_mixture_v1	1	phased_unphased_two_state_positive_dosages_v1	endpoint_excess_dosage_penalty_biological_alias_mass_v1:alpha=3	5c247107561660669e1e40fa17e9c74b9ce7f23c4cacc5cd6479e760fab68aab	region_local	2	0.12295265409245378	0	0.4644698459572693	0.12295265412990475	0	1.0	2.0	0.8102027272714202	0.1102685636923483	0.4644698416754414	1.0	0	first_linear_segment_at_fitted_phi	0.4644698459572693	1.0	0	first_linear_segment_at_clustered_phi	2
exampleTumor1	m147	region1	clipp2_single_switch_path_mixture_v1	1	phased_unphased_two_state_positive_dosages_v1	endpoint_excess_dosage_penalty_biological_alias_mass_v1:alpha=3	5c247107561660669e1e40fa17e9c74b9ce7f23c4cacc5cd6479e760fab68aab	region_local	3	0.869123762434842	1	0.4644698459572693	0.8691237626995743	1	1.0	1.0	1.0	0.7794628726153034	0.4644698416754414	1.0	0	first_linear_segment_at_fitted_phi	0.4644698459572693	1.0	0	first_linear_segment_at_clustered_phi	8
exampleTumor1	m147	region2	clipp2_single_switch_path_mixture_v1	1	phased_unphased_two_state_positive_dosages_v1	endpoint_excess_dosage_penalty_biological_alias_mass_v1:alpha=3	5c247107561660669e1e40fa17e9c74b9ce7f23c4cacc5cd6479e760fab68aab	region_local	1	0.0016855771000333847	0	0.5783395130938829	0.0016855770369811473	0	2.0	1.0	0.320738881115505	0.08019266527581756	0.8990783917421463	1.5545858016305658	1	second_linear_segment_at_fitted_phi	0.8990783942093878	1.5545857992646595	1	second_linear_segment_at_clustered_phi	2
exampleTumor1	m147	region2	clipp2_single_switch_path_mixture_v1	1	phased_unphased_two_state_positive_dosages_v1	endpoint_excess_dosage_penalty_biological_alias_mass_v1:alpha=3	5c247107561660669e1e40fa17e9c74b9ce7f23c4cacc5cd6479e760fab68aab	region_local	2	0.08703724283699486	0	0.5783395130938829	0.08703724284249202	0	1.0	2.0	0.6792611188844951	0.08019266527581756	0.5783395106266414	1.0	0	first_linear_segment_at_fitted_phi	0.5783395130938829	1.0	0	first_linear_segment_at_clustered_phi	2
exampleTumor1	m147	region2	clipp2_single_switch_path_mixture_v1	1	phased_unphased_two_state_positive_dosages_v1	endpoint_excess_dosage_penalty_biological_alias_mass_v1:alpha=3	5c247107561660669e1e40fa17e9c74b9ce7f23c4cacc5cd6479e760fab68aab	region_local	3	0.9112771800629718	1	0.5783395130938829	0.9112771801205268	1	1.0	1.0	1.0	0.8396146694483648	0.5783395106266414	1.0	0	first_linear_segment_at_fitted_phi	0.5783395130938829	1.0	0	first_linear_segment_at_clustered_phi	8
exampleTumor1	m148	region1	clipp2_single_switch_path_mixture_v1	1	phased_unphased_two_state_positive_dosages_v1	endpoint_excess_dosage_penalty_biological_alias_mass_v1:alpha=3	5c247107561660669e1e40fa17e9c74b9ce7f23c4cacc5cd6479e760fab68aab	region_local	1	0.00010357165579963426	0	0.9999999820400683	0.00010357167735328527	0	2.0	1.0	0.46559310907204654	0.055039886808694184	1.4655931090720467	1.4655931090720467	1	second_linear_segment_at_fitted_phi	1.4655930911121149	1.465593117434067	1	second_linear_segment_at_clustered_phi	2
exampleTumor1	m148	region1	clipp2_single_switch_path_mixture_v1	1	phased_unphased_two_state_positive_dosages_v1	endpoint_excess_dosage_penalty_biological_alias_mass_v1:alpha=3	5c247107561660669e1e40fa17e9c74b9ce7f23c4cacc5cd6479e760fab68aab	region_local	2	0.00010357165579963499	0	0.9999999820400683	0.00010357171320323772	0	1.0	2.0	0.5344068909279536	0.055039886808694205	1.4655931090720464	1.4655931090720464	1	second_linear_segment_at_fitted_phi	1.4655930731521831	1.465593099474135	1	second_linear_segment_at_clustered_phi	2
exampleTumor1	m148	region1	clipp2_single_switch_path_mixture_v1	1	phased_unphased_two_state_positive_dosages_v1	endpoint_excess_dosage_penalty_biological_alias_mass_v1:alpha=3	5c247107561660669e1e40fa17e9c74b9ce7f23c4cacc5cd6479e760fab68aab	region_local	3	0.9997928566884007	1	0.9999999820400683	0.9997928566094435	1	1.0	1.0	1.0	0.8899202263826116	1.0	1.0	0	switch_boundary_at_fitted_phi	0.9999999820400683	1.0	0	first_linear_segment_at_clustered_phi	8
exampleTumor1	m148	region2	clipp2_single_switch_path_mixture_v1	1	phased_unphased_two_state_positive_dosages_v1	endpoint_excess_dosage_penalty_biological_alias_mass_v1:alpha=3	5c247107561660669e1e40fa17e9c74b9ce7f23c4cacc5cd6479e760fab68aab	region_local	1	0.03327741537060622	0	0.9999999744101855	0.03327740614069227	0	1.0	2.0	0.4432498707676336	0.04300336857382123	1.5567500518011477	1.5567501120716767	1	second_linear_segment_at_fitted_phi	1.5567500780527375	1.556750117889684	1	second_linear_segment_at_clustered_phi	2
exampleTumor1	m148	region2	clipp2_single_switch_path_mixture_v1	1	phased_unphased_two_state_positive_dosages_v1	endpoint_excess_dosage_penalty_biological_alias_mass_v1:alpha=3	5c247107561660669e1e40fa17e9c74b9ce7f23c4cacc5cd6479e760fab68aab	region_local	2	0.0332774057122899	0	0.9999999744101855	0.033277399756846744	0	2.0	1.0	0.5567501292323666	0.043003368573821206	1.5567500905167573	1.5567501507872878	1	second_linear_segment_at_fitted_phi	1.556750103642552	1.5567501434794992	1	second_linear_segment_at_clustered_phi	2
exampleTumor1	m148	region2	clipp2_single_switch_path_mixture_v1	1	phased_unphased_two_state_positive_dosages_v1	endpoint_excess_dosage_penalty_biological_alias_mass_v1:alpha=3	5c247107561660669e1e40fa17e9c74b9ce7f23c4cacc5cd6479e760fab68aab	region_local	3	0.933445178917104	1	0.9999999744101855	0.933445194102461	1	1.0	1.0	1.0	0.9139932628523576	0.9999999612843907	1.0	0	first_linear_segment_at_fitted_phi	0.9999999744101855	1.0	0	first_linear_segment_at_clustered_phi	8
exampleTumor1	m149	region1	clipp2_single_switch_path_mixture_v1	1	phased_unphased_two_state_positive_dosages_v1	endpoint_excess_dosage_penalty_biological_alias_mass_v1:alpha=3	5c247107561660669e1e40fa17e9c74b9ce7f23c4cacc5cd6479e760fab68aab	region_local	1	5.517851008733521e-05	0	0.4644698459572693	5.517855089102377e-05	0	2.0	1.0	0.46559310907204654	0.055039886808694184	0.928939739580725	2.0	1	first_linear_segment_at_fitted_phi	0.9289396919145386	2.0	1	first_linear_segment_at_clustered_phi	2
exampleTumor1	m149	region1	clipp2_single_switch_path_mixture_v1	1	phased_unphased_two_state_positive_dosages_v1	endpoint_excess_dosage_penalty_biological_alias_mass_v1:alpha=3	5c247107561660669e1e40fa17e9c74b9ce7f23c4cacc5cd6479e760fab68aab	region_local	2	0.05824251100279247	0	0.4644698459572693	0.05824251100041583	0	1.0	2.0	0.5344068909279536	0.055039886808694205	0.4644698697903625	1.0	0	first_linear_segment_at_fitted_phi	0.4644698459572693	1.0	0	first_linear_segment_at_clustered_phi	2
exampleTumor1	m149	region1	clipp2_single_switch_path_mixture_v1	1	phased_unphased_two_state_positive_dosages_v1	endpoint_excess_dosage_penalty_biological_alias_mass_v1:alpha=3	5c247107561660669e1e40fa17e9c74b9ce7f23c4cacc5cd6479e760fab68aab	region_local	3	0.9417023104871202	1	0.4644698459572693	0.9417023104486931	1	1.0	1.0	1.0	0.8899202263826116	0.4644698697903625	1.0	0	first_linear_segment_at_fitted_phi	0.4644698459572693	1.0	0	first_linear_segment_at_clustered_phi	8
exampleTumor1	m149	region2	clipp2_single_switch_path_mixture_v1	1	phased_unphased_two_state_positive_dosages_v1	endpoint_excess_dosage_penalty_biological_alias_mass_v1:alpha=3	5c247107561660669e1e40fa17e9c74b9ce7f23c4cacc5cd6479e760fab68aab	region_local	1	0.04384279687324078	0	0.5783395130938829	0.04384279340794751	0	1.0	2.0	0.4432498707676336	0.04300336857382123	0.7134291402331179	1.233581889959019	1	second_linear_segment_at_fitted_phi	0.7134291554201322	1.2335819000219685	1	second_linear_segment_at_clustered_phi	2
exampleTumor1	m149	region2	clipp2_single_switch_path_mixture_v1	1	phased_unphased_two_state_positive_dosages_v1	endpoint_excess_dosage_penalty_biological_alias_mass_v1:alpha=3	5c247107561660669e1e40fa17e9c74b9ce7f23c4cacc5cd6479e760fab68aab	region_local	2	0.00033642147419244247	0	0.5783395130938829	0.0003364214192985079	0	2.0	1.0	0.5567501292323666	0.043003368573821206	1.1350896347327422	1.962670064792945	1	second_linear_segment_at_fitted_phi	1.1350896423262493	1.9626700521532379	1	second_linear_segment_at_clustered_phi	2
exampleTumor1	m149	region2	clipp2_single_switch_path_mixture_v1	1	phased_unphased_two_state_positive_dosages_v1	endpoint_excess_dosage_penalty_biological_alias_mass_v1:alpha=3	5c247107561660669e1e40fa17e9c74b9ce7f23c4cacc5cd6479e760fab68aab	region_local	3	0.9558207816525667	1	0.5783395130938829	0.955820785172754	1	1.0	1.0	1.0	0.9139932628523576	0.5783395055003757	1.0	0	first_linear_segment_at_fitted_phi	0.5783395130938829	1.0	0	first_linear_segment_at_clustered_phi	8
exampleTumor1	m150	region1	clipp2_single_switch_path_mixture_v1	1	phased_unphased_two_state_positive_dosages_v1	endpoint_excess_dosage_penalty_biological_alias_mass_v1:alpha=3	5c247107561660669e1e40fa17e9c74b9ce7f23c4cacc5cd6479e760fab68aab	region_local	1	0.9999205293819385	1	0.4644698459572693	0.9999205293503258	1	1.0	1.0	1.0	0.9757111023207368	0.46446985893323933	1.0	0	first_linear_segment_at_fitted_phi	0.4644698459572693	1.0	0	first_linear_segment_at_clustered_phi	2
exampleTumor1	m150	region1	clipp2_single_switch_path_mixture_v1	1	phased_unphased_two_state_positive_dosages_v1	endpoint_excess_dosage_penalty_biological_alias_mass_v1:alpha=3	5c247107561660669e1e40fa17e9c74b9ce7f23c4cacc5cd6479e760fab68aab	region_local	2	7.947061806152279e-05	0	0.4644698459572693	7.947064967418723e-05	0	2.0	2.0	1.0	0.02428889767926321	0.9289397178664787	2.0	1	first_linear_segment_at_fitted_phi	0.9289396919145386	2.0	1	first_linear_segment_at_clustered_phi	1
exampleTumor1	m150	region2	clipp2_single_switch_path_mixture_v1	1	phased_unphased_two_state_positive_dosages_v1	endpoint_excess_dosage_penalty_biological_alias_mass_v1:alpha=3	5c247107561660669e1e40fa17e9c74b9ce7f23c4cacc5cd6479e760fab68aab	region_local	1	0.9999981739963736	1	0.5783395130938829	0.9999981739953071	1	1.0	1.0	1.0	0.9757111023207368	0.5783395276840421	1.0	0	first_linear_segment_at_fitted_phi	0.5783395130938829	1.0	0	first_linear_segment_at_clustered_phi	2
exampleTumor1	m150	region2	clipp2_single_switch_path_mixture_v1	1	phased_unphased_two_state_positive_dosages_v1	endpoint_excess_dosage_penalty_biological_alias_mass_v1:alpha=3	5c247107561660669e1e40fa17e9c74b9ce7f23c4cacc5cd6479e760fab68aab	region_local	2	1.8260036263769576e-06	0	0.5783395130938829	1.8260046929923057e-06	0	2.0	2.0	1.0	0.02428889767926321	1.1566790553680841	2.0	1	first_linear_segment_at_fitted_phi	1.1566790261877657	2.0	1	first_linear_segment_at_clustered_phi	1
exampleTumor1	m151	region1	clipp2_single_switch_path_mixture_v1	1	phased_unphased_two_state_positive_dosages_v1	endpoint_excess_dosage_penalty_biological_alias_mass_v1:alpha=3	5c247107561660669e1e40fa17e9c74b9ce7f23c4cacc5cd6479e760fab68aab	region_local	1	0.0006045665888908534	0	0.20466086196598293	0.0006045692209730337	0	2.0	1.0	0.46559310907204654	0.055039886808694184	0.40932203622915825	2.0	1	first_linear_segment_at_fitted_phi	0.40932172393196586	2.0	1	first_linear_segment_at_clustered_phi	2
exampleTumor1	m151	region1	clipp2_single_switch_path_mixture_v1	1	phased_unphased_two_state_positive_dosages_v1	endpoint_excess_dosage_penalty_biological_alias_mass_v1:alpha=3	5c247107561660669e1e40fa17e9c74b9ce7f23c4cacc5cd6479e760fab68aab	region_local	2	0.05821051149588294	0	0.20466086196598293	0.05821051134257531	0	1.0	2.0	0.5344068909279536	0.055039886808694205	0.20466101811457912	1.0	0	first_linear_segment_at_fitted_phi	0.20466086196598293	1.0	0	first_linear_segment_at_clustered_phi	2
exampleTumor1	m151	region1	clipp2_single_switch_path_mixture_v1	1	phased_unphased_two_state_positive_dosages_v1	endpoint_excess_dosage_penalty_biological_alias_mass_v1:alpha=3	5c247107561660669e1e40fa17e9c74b9ce7f23c4cacc5cd6479e760fab68aab	region_local	3	0.9411849219152263	1	0.20466086196598293	0.9411849194364517	1	1.0	1.0	1.0	0.8899202263826116	0.20466101811457912	1.0	0	first_linear_segment_at_fitted_phi	0.20466086196598293	1.0	0	first_linear_segment_at_clustered_phi	8
exampleTumor1	m151	region2	clipp2_single_switch_path_mixture_v1	1	phased_unphased_two_state_positive_dosages_v1	endpoint_excess_dosage_penalty_biological_alias_mass_v1:alpha=3	5c247107561660669e1e40fa17e9c74b9ce7f23c4cacc5cd6479e760fab68aab	region_local	1	0.005939725875928975	0	0.26801886587083323	0.005939580989306259	0	1.0	2.0	0.4432498707676336	0.04300336857382123	0.26801967686165107	1.0	0	first_linear_segment_at_fitted_phi	0.26801886587083323	1.0	0	first_linear_segment_at_clustered_phi	2
exampleTumor1	m151	region2	clipp2_single_switch_path_mixture_v1	1	phased_unphased_two_state_positive_dosages_v1	endpoint_excess_dosage_penalty_biological_alias_mass_v1:alpha=3	5c247107561660669e1e40fa17e9c74b9ce7f23c4cacc5cd6479e760fab68aab	region_local	2	0.8678173863263514	1	0.26801886587083323	0.8678206106321319	1	2.0	1.0	0.5567501292323666	0.043003368573821206	0.5360393537233021	2.0	1	first_linear_segment_at_fitted_phi	0.5360377317416665	2.0	1	first_linear_segment_at_clustered_phi	2
exampleTumor1	m151	region2	clipp2_single_switch_path_mixture_v1	1	phased_unphased_two_state_positive_dosages_v1	endpoint_excess_dosage_penalty_biological_alias_mass_v1:alpha=3	5c247107561660669e1e40fa17e9c74b9ce7f23c4cacc5cd6479e760fab68aab	region_local	3	0.12624288779771972	0	0.26801886587083323	0.12623980837856183	0	1.0	1.0	1.0	0.9139932628523576	0.26801967686165107	1.0	0	first_linear_segment_at_fitted_phi	0.26801886587083323	1.0	0	first_linear_segment_at_clustered_phi	8
exampleTumor1	m152	region1	clipp2_single_switch_path_mixture_v1	1	phased_unphased_two_state_positive_dosages_v1	endpoint_excess_dosage_penalty_biological_alias_mass_v1:alpha=3	5c247107561660669e1e40fa17e9c74b9ce7f23c4cacc5cd6479e760fab68aab	region_local	1	0.43496945539153165	1	0.9999999820400683	0.43496943504067315	1	2.0	1.0	0.46559310907204654	0.055039886808694184	1.4655930729715811	1.465593125880175	1	second_linear_segment_at_fitted_phi	1.4655930911121149	1.465593117434067	1	second_linear_segment_at_clustered_phi	2
exampleTumor1	m152	region1	clipp2_single_switch_path_mixture_v1	1	phased_unphased_two_state_positive_dosages_v1	endpoint_excess_dosage_penalty_biological_alias_mass_v1:alpha=3	5c247107561660669e1e40fa17e9c74b9ce7f23c4cacc5cd6479e760fab68aab	region_local	2	0.4349694395841557	0	0.9999999820400683	0.43496942717653025	0	1.0	2.0	0.5344068909279536	0.055039886808694205	1.4655930368711156	1.4655930897797083	1	second_linear_segment_at_fitted_phi	1.4655930731521831	1.465593099474135	1	second_linear_segment_at_clustered_phi	2
exampleTumor1	m152	region1	clipp2_single_switch_path_mixture_v1	1	phased_unphased_two_state_positive_dosages_v1	endpoint_excess_dosage_penalty_biological_alias_mass_v1:alpha=3	5c247107561660669e1e40fa17e9c74b9ce7f23c4cacc5cd6479e760fab68aab	region_local	3	0.13006110502431278	0	0.9999999820400683	0.1300611377827967	0	1.0	1.0	1.0	0.8899202263826116	0.9999999638995346	1.0	0	first_linear_segment_at_fitted_phi	0.9999999820400683	1.0	0	first_linear_segment_at_clustered_phi	8
exampleTumor1	m152	region2	clipp2_single_switch_path_mixture_v1	1	phased_unphased_two_state_positive_dosages_v1	endpoint_excess_dosage_penalty_biological_alias_mass_v1:alpha=3	5c247107561660669e1e40fa17e9c74b9ce7f23c4cacc5cd6479e760fab68aab	region_local	1	0.49993204973117217	1	0.9999999744101855	0.49993200063598736	0	1.0	2.0	0.4432498707676336	0.04300336857382123	1.5567501292323664	1.5567501292323664	1	second_linear_segment_at_fitted_phi	1.5567500780527375	1.556750117889684	1	second_linear_segment_at_clustered_phi	2
exampleTumor1	m152	region2	clipp2_single_switch_path_mixture_v1	1	phased_unphased_two_state_positive_dosages_v1	endpoint_excess_dosage_penalty_biological_alias_mass_v1:alpha=3	5c247107561660669e1e40fa17e9c74b9ce7f23c4cacc5cd6479e760fab68aab	region_local	2	0.49993204973117217	0	0.9999999744101855	0.4999320989088236	1	2.0	1.0	0.5567501292323666	0.043003368573821206	1.5567501292323667	1.5567501292323667	1	second_linear_segment_at_fitted_phi	1.556750103642552	1.5567501434794992	1	second_linear_segment_at_clustered_phi	2
exampleTumor1	m152	region2	clipp2_single_switch_path_mixture_v1	1	phased_unphased_two_state_positive_dosages_v1	endpoint_excess_dosage_penalty_biological_alias_mass_v1:alpha=3	5c247107561660669e1e40fa17e9c74b9ce7f23c4cacc5cd6479e760fab68aab	region_local	3	0.00013590053765562155	0	0.9999999744101855	0.00013590045518910974	0	1.0	1.0	1.0	0.9139932628523576	1.0	1.0	0	switch_boundary_at_fitted_phi	0.9999999744101855	1.0	0	first_linear_segment_at_clustered_phi	8
exampleTumor1	m153	region1	clipp2_single_switch_path_mixture_v1	1	phased_unphased_two_state_positive_dosages_v1	endpoint_excess_dosage_penalty_biological_alias_mass_v1:alpha=3	5c247107561660669e1e40fa17e9c74b9ce7f23c4cacc5cd6479e760fab68aab	region_local	1	0.09872671972070494	0	0.9999999820400683	0.09872673754702578	0	2.0	1.0	0.46559310907204654	0.055039886808694184	1.4655931090720467	1.4655931090720467	1	second_linear_segment_at_fitted_phi	1.4655930911121149	1.465593117434067	1	second_linear_segment_at_clustered_phi	2
exampleTumor1	m153	region1	clipp2_single_switch_path_mixture_v1	1	phased_unphased_two_state_positive_dosages_v1	endpoint_excess_dosage_penalty_biological_alias_mass_v1:alpha=3	5c247107561660669e1e40fa17e9c74b9ce7f23c4cacc5cd6479e760fab68aab	region_local	2	0.09872671972070494	0	0.9999999820400683	0.09872674569858038	0	1.0	2.0	0.5344068909279536	0.055039886808694205	1.4655931090720464	1.4655931090720464	1	second_linear_segment_at_fitted_phi	1.4655930731521831	1.465593099474135	1	second_linear_segment_at_clustered_phi	2
exampleTumor1	m153	region1	clipp2_single_switch_path_mixture_v1	1	phased_unphased_two_state_positive_dosages_v1	endpoint_excess_dosage_penalty_biological_alias_mass_v1:alpha=3	5c247107561660669e1e40fa17e9c74b9ce7f23c4cacc5cd6479e760fab68aab	region_local	3	0.8025465605585901	1	0.9999999820400683	0.8025465167543939	1	1.0	1.0	1.0	0.8899202263826116	1.0	1.0	0	switch_boundary_at_fitted_phi	0.9999999820400683	1.0	0	first_linear_segment_at_clustered_phi	8
exampleTumor1	m153	region2	clipp2_single_switch_path_mixture_v1	1	phased_unphased_two_state_positive_dosages_v1	endpoint_excess_dosage_penalty_biological_alias_mass_v1:alpha=3	5c247107561660669e1e40fa17e9c74b9ce7f23c4cacc5cd6479e760fab68aab	region_local	1	0.49448364360942176	0	0.9999999744101855	0.4944836433999136	0	1.0	2.0	0.4432498707676336	0.04300336857382123	1.5567500518050779	1.556750112072548	1	second_linear_segment_at_fitted_phi	1.5567500780527375	1.556750117889684	1	second_linear_segment_at_clustered_phi	2
exampleTumor1	m153	region2	clipp2_single_switch_path_mixture_v1	1	phased_unphased_two_state_positive_dosages_v1	endpoint_excess_dosage_penalty_biological_alias_mass_v1:alpha=3	5c247107561660669e1e40fa17e9c74b9ce7f23c4cacc5cd6479e760fab68aab	region_local	2	0.494483653112967	1	0.9999999744101855	0.4944836496817669	1	2.0	1.0	0.5567501292323666	0.043003368573821206	1.5567500905187224	1.556750150786194	1	second_linear_segment_at_fitted_phi	1.556750103642552	1.5567501434794992	1	second_linear_segment_at_clustered_phi	2
exampleTumor1	m153	region2	clipp2_single_switch_path_mixture_v1	1	phased_unphased_two_state_positive_dosages_v1	endpoint_excess_dosage_penalty_biological_alias_mass_v1:alpha=3	5c247107561660669e1e40fa17e9c74b9ce7f23c4cacc5cd6479e760fab68aab	region_local	3	0.01103270327761115	0	0.9999999744101855	0.011032706918319613	0	1.0	1.0	1.0	0.9139932628523576	0.9999999612863557	1.0	0	first_linear_segment_at_fitted_phi	0.9999999744101855	1.0	0	first_linear_segment_at_clustered_phi	8
exampleTumor1	m154	region1	clipp2_single_switch_path_mixture_v1	1	phased_unphased_two_state_positive_dosages_v1	endpoint_excess_dosage_penalty_biological_alias_mass_v1:alpha=3	5c247107561660669e1e40fa17e9c74b9ce7f23c4cacc5cd6479e760fab68aab	region_local	1	0.9999976343253688	1	0.9999999820400683	0.9999976343271677	1	1.0	1.0	1.0	0.9757111023207368	0.9999999638952867	1.0	0	first_linear_segment_at_fitted_phi	0.9999999820400683	1.0	0	first_linear_segment_at_clustered_phi	2
exampleTumor1	m154	region1	clipp2_single_switch_path_mixture_v1	1	phased_unphased_two_state_positive_dosages_v1	endpoint_excess_dosage_penalty_biological_alias_mass_v1:alpha=3	5c247107561660669e1e40fa17e9c74b9ce7f23c4cacc5cd6479e760fab68aab	region_local	2	2.3656746311763595e-06	0	0.9999999820400683	2.3656728323037043e-06	0	2.0	2.0	1.0	0.02428889767926321	1.9999999277905733	2.0	1	first_linear_segment_at_fitted_phi	1.9999999640801367	2.0	1	first_linear_segment_at_clustered_phi	1
exampleTumor1	m154	region2	clipp2_single_switch_path_mixture_v1	1	phased_unphased_two_state_positive_dosages_v1	endpoint_excess_dosage_penalty_biological_alias_mass_v1:alpha=3	5c247107561660669e1e40fa17e9c74b9ce7f23c4cacc5cd6479e760fab68aab	region_local	1	0.9999998241233575	1	0.9999999744101855	0.999999824123463	1	1.0	1.0	1.0	0.9757111023207368	0.9999999612840864	1.0	0	first_linear_segment_at_fitted_phi	0.9999999744101855	1.0	0	first_linear_segment_at_clustered_phi	2
exampleTumor1	m154	region2	clipp2_single_switch_path_mixture_v1	1	phased_unphased_two_state_positive_dosages_v1	endpoint_excess_dosage_penalty_biological_alias_mass_v1:alpha=3	5c247107561660669e1e40fa17e9c74b9ce7f23c4cacc5cd6479e760fab68aab	region_local	2	1.7587664256724312e-07	0	0.9999999744101855	1.7587653701008713e-07	0	2.0	2.0	1.0	0.02428889767926321	1.9999999225681728	2.0	1	first_linear_segment_at_fitted_phi	1.999999948820371	2.0	1	first_linear_segment_at_clustered_phi	1
exampleTumor1	m155	region1	clipp2_single_switch_path_mixture_v1	1	phased_unphased_two_state_positive_dosages_v1	endpoint_excess_dosage_penalty_biological_alias_mass_v1:alpha=3	5c247107561660669e1e40fa17e9c74b9ce7f23c4cacc5cd6479e760fab68aab	region_local	1	0.00616068742305369	0	0.9999999820400683	0.006160685913428964	0	2.0	1.0	0.46559310907204654	0.055039886808694184	1.4655930729683262	1.4655931258816906	1	second_linear_segment_at_fitted_phi	1.4655930911121149	1.465593117434067	1	second_linear_segment_at_clustered_phi	2
exampleTumor1	m155	region1	clipp2_single_switch_path_mixture_v1	1	phased_unphased_two_state_positive_dosages_v1	endpoint_excess_dosage_penalty_biological_alias_mass_v1:alpha=3	5c247107561660669e1e40fa17e9c74b9ce7f23c4cacc5cd6479e760fab68aab	region_local	2	0.006160689953284321	0	0.9999999820400683	0.006160687172101399	0	1.0	2.0	0.5344068909279536	0.055039886808694205	1.4655930368646057	1.4655930897779688	1	second_linear_segment_at_fitted_phi	1.4655930731521831	1.465593099474135	1	second_linear_segment_at_clustered_phi	2
exampleTumor1	m155	region1	clipp2_single_switch_path_mixture_v1	1	phased_unphased_two_state_positive_dosages_v1	endpoint_excess_dosage_penalty_biological_alias_mass_v1:alpha=3	5c247107561660669e1e40fa17e9c74b9ce7f23c4cacc5cd6479e760fab68aab	region_local	3	0.9876786226236619	1	0.9999999820400683	0.9876786269144696	1	1.0	1.0	1.0	0.8899202263826116	0.9999999638962797	1.0	0	first_linear_segment_at_fitted_phi	0.9999999820400683	1.0	0	first_linear_segment_at_clustered_phi	8
exampleTumor1	m155	region2	clipp2_single_switch_path_mixture_v1	1	phased_unphased_two_state_positive_dosages_v1	endpoint_excess_dosage_penalty_biological_alias_mass_v1:alpha=3	5c247107561660669e1e40fa17e9c74b9ce7f23c4cacc5cd6479e760fab68aab	region_local	1	2.330176647663644e-05	0	0.9999999744101855	2.3301752285489724e-05	0	1.0	2.0	0.4432498707676336	0.04300336857382123	1.5567500482682346	1.556750111288695	1	second_linear_segment_at_fitted_phi	1.5567500780527375	1.556750117889684	1	second_linear_segment_at_clustered_phi	2
exampleTumor1	m155	region2	clipp2_single_switch_path_mixture_v1	1	phased_unphased_two_state_positive_dosages_v1	endpoint_excess_dosage_penalty_biological_alias_mass_v1:alpha=3	5c247107561660669e1e40fa17e9c74b9ce7f23c4cacc5cd6479e760fab68aab	region_local	2	2.3301745202119263e-05	0	0.9999999744101855	2.3301738837294804e-05	0	2.0	1.0	0.5567501292323666	0.043003368573821206	1.5567500887503007	1.556750151770763	1	second_linear_segment_at_fitted_phi	1.556750103642552	1.5567501434794992	1	second_linear_segment_at_clustered_phi	2
exampleTumor1	m155	region2	clipp2_single_switch_path_mixture_v1	1	phased_unphased_two_state_positive_dosages_v1	endpoint_excess_dosage_penalty_biological_alias_mass_v1:alpha=3	5c247107561660669e1e40fa17e9c74b9ce7f23c4cacc5cd6479e760fab68aab	region_local	3	0.9999533964883213	1	0.9999999744101855	0.9999533965088773	1	1.0	1.0	1.0	0.9139932628523576	0.9999999595179342	1.0	0	first_linear_segment_at_fitted_phi	0.9999999744101855	1.0	0	first_linear_segment_at_clustered_phi	8
exampleTumor1	m156	region1	clipp2_single_switch_path_mixture_v1	1	phased_unphased_two_state_positive_dosages_v1	endpoint_excess_dosage_penalty_biological_alias_mass_v1:alpha=3	5c247107561660669e1e40fa17e9c74b9ce7f23c4cacc5cd6479e760fab68aab	region_local	1	0.2828573860226818	0	0.9999999820400683	0.28285735708416326	0	2.0	1.0	0.46559310907204654	0.055039886808694184	1.4655930729695166	1.4655931258811363	1	second_linear_segment_at_fitted_phi	1.4655930911121149	1.465593117434067	1	second_linear_segment_at_clustered_phi	2
exampleTumor1	m156	region1	clipp2_single_switch_path_mixture_v1	1	phased_unphased_two_state_positive_dosages_v1	endpoint_excess_dosage_penalty_biological_alias_mass_v1:alpha=3	5c247107561660669e1e40fa17e9c74b9ce7f23c4cacc5cd6479e760fab68aab	region_local	2	0.2828573996157214	0	0.9999999820400683	0.2828573638462972	0	1.0	2.0	0.5344068909279536	0.055039886808694205	1.4655930368669865	1.465593089778605	1	second_linear_segment_at_fitted_phi	1.4655930731521831	1.465593099474135	1	second_linear_segment_at_clustered_phi	2
exampleTumor1	m156	region1	clipp2_single_switch_path_mixture_v1	1	phased_unphased_two_state_positive_dosages_v1	endpoint_excess_dosage_penalty_biological_alias_mass_v1:alpha=3	5c247107561660669e1e40fa17e9c74b9ce7f23c4cacc5cd6479e760fab68aab	region_local	3	0.43428521436159684	1	0.9999999820400683	0.43428527906953956	1	1.0	1.0	1.0	0.8899202263826116	0.99999996389747	1.0	0	first_linear_segment_at_fitted_phi	0.9999999820400683	1.0	0	first_linear_segment_at_clustered_phi	8
exampleTumor1	m156	region2	clipp2_single_switch_path_mixture_v1	1	phased_unphased_two_state_positive_dosages_v1	endpoint_excess_dosage_penalty_biological_alias_mass_v1:alpha=3	5c247107561660669e1e40fa17e9c74b9ce7f23c4cacc5cd6479e760fab68aab	region_local	1	0.43039375824406	1	0.9999999744101855	0.4303937327204117	1	1.0	2.0	0.4432498707676336	0.04300336857382123	1.5567500518037367	1.5567501120722504	1	second_linear_segment_at_fitted_phi	1.5567500780527375	1.556750117889684	1	second_linear_segment_at_clustered_phi	2
exampleTumor1	m156	region2	clipp2_single_switch_path_mixture_v1	1	phased_unphased_two_state_positive_dosages_v1	endpoint_excess_dosage_penalty_biological_alias_mass_v1:alpha=3	5c247107561660669e1e40fa17e9c74b9ce7f23c4cacc5cd6479e760fab68aab	region_local	2	0.4303937149858796	0	0.9999999744101855	0.4303937041271409	0	2.0	1.0	0.5567501292323666	0.043003368573821206	1.5567500905180518	1.556750150786567	1	second_linear_segment_at_fitted_phi	1.556750103642552	1.5567501434794992	1	second_linear_segment_at_clustered_phi	2
exampleTumor1	m156	region2	clipp2_single_switch_path_mixture_v1	1	phased_unphased_two_state_positive_dosages_v1	endpoint_excess_dosage_penalty_biological_alias_mass_v1:alpha=3	5c247107561660669e1e40fa17e9c74b9ce7f23c4cacc5cd6479e760fab68aab	region_local	3	0.1392125267700604	0	0.9999999744101855	0.13921256315244743	0	1.0	1.0	1.0	0.9139932628523576	0.9999999612856852	1.0	0	first_linear_segment_at_fitted_phi	0.9999999744101855	1.0	0	first_linear_segment_at_clustered_phi	8
exampleTumor1	m157	region1	clipp2_single_switch_path_mixture_v1	1	phased_unphased_two_state_positive_dosages_v1	endpoint_excess_dosage_penalty_biological_alias_mass_v1:alpha=3	5c247107561660669e1e40fa17e9c74b9ce7f23c4cacc5cd6479e760fab68aab	region_local	1	0.0007511419546874833	0	0.9999999820400683	0.0007511417633279651	0	2.0	1.0	0.46559310907204654	0.055039886808694184	1.4655930729678412	1.4655931258819164	1	second_linear_segment_at_fitted_phi	1.4655930911121149	1.465593117434067	1	second_linear_segment_at_clustered_phi	2
exampleTumor1	m157	region1	clipp2_single_switch_path_mixture_v1	1	phased_unphased_two_state_positive_dosages_v1	endpoint_excess_dosage_penalty_biological_alias_mass_v1:alpha=3	5c247107561660669e1e40fa17e9c74b9ce7f23c4cacc5cd6479e760fab68aab	region_local	2	0.0007511423919095484	0	0.9999999820400683	0.0007511419808227393	0	1.0	2.0	0.5344068909279536	0.055039886808694205	1.4655930368636358	1.4655930897777096	1	second_linear_segment_at_fitted_phi	1.4655930731521831	1.465593099474135	1	second_linear_segment_at_clustered_phi	2
exampleTumor1	m157	region1	clipp2_single_switch_path_mixture_v1	1	phased_unphased_two_state_positive_dosages_v1	endpoint_excess_dosage_penalty_biological_alias_mass_v1:alpha=3	5c247107561660669e1e40fa17e9c74b9ce7f23c4cacc5cd6479e760fab68aab	region_local	3	0.998497715653403	1	0.9999999820400683	0.9984977162558493	1	1.0	1.0	1.0	0.8899202263826116	0.9999999638957947	1.0	0	first_linear_segment_at_fitted_phi	0.9999999820400683	1.0	0	first_linear_segment_at_clustered_phi	8
exampleTumor1	m157	region2	clipp2_single_switch_path_mixture_v1	1	phased_unphased_two_state_positive_dosages_v1	endpoint_excess_dosage_penalty_biological_alias_mass_v1:alpha=3	5c247107561660669e1e40fa17e9c74b9ce7f23c4cacc5cd6479e760fab68aab	region_local	1	5.018907965696369e-05	0	0.9999999744101855	5.018905564136344e-05	0	1.0	2.0	0.4432498707676336	0.04300336857382123	1.5567500518008288	1.556750112071606	1	second_linear_segment_at_fitted_phi	1.5567500780527375	1.556750117889684	1	second_linear_segment_at_clustered_phi	2
exampleTumor1	m157	region2	clipp2_single_switch_path_mixture_v1	1	phased_unphased_two_state_positive_dosages_v1	endpoint_excess_dosage_penalty_biological_alias_mass_v1:alpha=3	5c247107561660669e1e40fa17e9c74b9ce7f23c4cacc5cd6479e760fab68aab	region_local	2	5.018904044811023e-05	0	0.9999999744101855	5.0189029725645045e-05	0	2.0	1.0	0.5567501292323666	0.043003368573821206	1.5567500905165979	1.5567501507873767	1	second_linear_segment_at_fitted_phi	1.556750103642552	1.5567501434794992	1	second_linear_segment_at_clustered_phi	2
exampleTumor1	m157	region2	clipp2_single_switch_path_mixture_v1	1	phased_unphased_two_state_positive_dosages_v1	endpoint_excess_dosage_penalty_biological_alias_mass_v1:alpha=3	5c247107561660669e1e40fa17e9c74b9ce7f23c4cacc5cd6479e760fab68aab	region_local	3	0.999899621879895	1	0.9999999744101855	0.9998996219146329	1	1.0	1.0	1.0	0.9139932628523576	0.9999999612842313	1.0	0	first_linear_segment_at_fitted_phi	0.9999999744101855	1.0	0	first_linear_segment_at_clustered_phi	8
exampleTumor1	m158	region1	clipp2_single_switch_path_mixture_v1	1	phased_unphased_two_state_positive_dosages_v1	endpoint_excess_dosage_penalty_biological_alias_mass_v1:alpha=3	5c247107561660669e1e40fa17e9c74b9ce7f23c4cacc5cd6479e760fab68aab	region_local	1	0.27846665013082417	0	0.9999999820400683	0.2784666218141236	0	2.0	1.0	0.46559310907204654	0.055039886808694184	1.4655930729693	1.4655931258812374	1	second_linear_segment_at_fitted_phi	1.4655930911121149	1.465593117434067	1	second_linear_segment_at_clustered_phi	2
exampleTumor1	m158	region1	clipp2_single_switch_path_mixture_v1	1	phased_unphased_two_state_positive_dosages_v1	endpoint_excess_dosage_penalty_biological_alias_mass_v1:alpha=3	5c247107561660669e1e40fa17e9c74b9ce7f23c4cacc5cd6479e760fab68aab	region_local	2	0.2784666622009823	0	0.9999999820400683	0.27846662781863524	0	1.0	2.0	0.5344068909279536	0.055039886808694205	1.4655930368665533	1.4655930897784892	1	second_linear_segment_at_fitted_phi	1.4655930731521831	1.465593099474135	1	second_linear_segment_at_clustered_phi	2
exampleTumor1	m158	region1	clipp2_single_switch_path_mixture_v1	1	phased_unphased_two_state_positive_dosages_v1	endpoint_excess_dosage_penalty_biological_alias_mass_v1:alpha=3	5c247107561660669e1e40fa17e9c74b9ce7f23c4cacc5cd6479e760fab68aab	region_local	3	0.4430666876681936	1	0.9999999820400683	0.44306675036724114	1	1.0	1.0	1.0	0.8899202263826116	0.9999999638972534	1.0	0	first_linear_segment_at_fitted_phi	0.9999999820400683	1.0	0	first_linear_segment_at_clustered_phi	8
exampleTumor1	m158	region2	clipp2_single_switch_path_mixture_v1	1	phased_unphased_two_state_positive_dosages_v1	endpoint_excess_dosage_penalty_biological_alias_mass_v1:alpha=3	5c247107561660669e1e40fa17e9c74b9ce7f23c4cacc5cd6479e760fab68aab	region_local	1	0.0052964582293224885	0	0.9999999744101855	0.005296456127219693	0	1.0	2.0	0.4432498707676336	0.04300336857382123	1.5567500518012414	1.5567501120716976	1	second_linear_segment_at_fitted_phi	1.5567500780527375	1.556750117889684	1	second_linear_segment_at_clustered_phi	2
exampleTumor1	m158	region2	clipp2_single_switch_path_mixture_v1	1	phased_unphased_two_state_positive_dosages_v1	endpoint_excess_dosage_penalty_biological_alias_mass_v1:alpha=3	5c247107561660669e1e40fa17e9c74b9ce7f23c4cacc5cd6479e760fab68aab	region_local	2	0.005296455675263686	0	0.9999999744101855	0.005296454439064681	0	2.0	1.0	0.5567501292323666	0.043003368573821206	1.5567500905168041	1.5567501507872619	1	second_linear_segment_at_fitted_phi	1.556750103642552	1.5567501434794992	1	second_linear_segment_at_clustered_phi	2
exampleTumor1	m158	region2	clipp2_single_switch_path_mixture_v1	1	phased_unphased_two_state_positive_dosages_v1	endpoint_excess_dosage_penalty_biological_alias_mass_v1:alpha=3	5c247107561660669e1e40fa17e9c74b9ce7f23c4cacc5cd6479e760fab68aab	region_local	3	0.9894070860954138	1	0.9999999744101855	0.9894070894337157	1	1.0	1.0	1.0	0.9139932628523576	0.9999999612844376	1.0	0	first_linear_segment_at_fitted_phi	0.9999999744101855	1.0	0	first_linear_segment_at_clustered_phi	8
exampleTumor1	m159	region1	clipp2_single_switch_path_mixture_v1	1	phased_unphased_two_state_positive_dosages_v1	endpoint_excess_dosage_penalty_biological_alias_mass_v1:alpha=3	5c247107561660669e1e40fa17e9c74b9ce7f23c4cacc5cd6479e760fab68aab	region_local	1	0.4836759634549863	0	0.9999999820400683	0.48367598839981796	1	2.0	1.0	0.46559310907204654	0.055039886808694184	1.4655931090720467	1.4655931090720467	1	second_linear_segment_at_fitted_phi	1.4655930911121149	1.465593117434067	1	second_linear_segment_at_clustered_phi	2
exampleTumor1	m159	region1	clipp2_single_switch_path_mixture_v1	1	phased_unphased_two_state_positive_dosages_v1	endpoint_excess_dosage_penalty_biological_alias_mass_v1:alpha=3	5c247107561660669e1e40fa17e9c74b9ce7f23c4cacc5cd6479e760fab68aab	region_local	2	0.48367596345498975	1	0.9999999820400683	0.48367594561440974	0	1.0	2.0	0.5344068909279536	0.055039886808694205	1.4655931090720464	1.4655931090720464	1	second_linear_segment_at_fitted_phi	1.4655930731521831	1.465593099474135	1	second_linear_segment_at_clustered_phi	2
exampleTumor1	m159	region1	clipp2_single_switch_path_mixture_v1	1	phased_unphased_two_state_positive_dosages_v1	endpoint_excess_dosage_penalty_biological_alias_mass_v1:alpha=3	5c247107561660669e1e40fa17e9c74b9ce7f23c4cacc5cd6479e760fab68aab	region_local	3	0.032648073090023995	0	0.9999999820400683	0.032648065985772336	0	1.0	1.0	1.0	0.8899202263826116	1.0	1.0	0	switch_boundary_at_fitted_phi	0.9999999820400683	1.0	0	first_linear_segment_at_clustered_phi	8
exampleTumor1	m159	region2	clipp2_single_switch_path_mixture_v1	1	phased_unphased_two_state_positive_dosages_v1	endpoint_excess_dosage_penalty_biological_alias_mass_v1:alpha=3	5c247107561660669e1e40fa17e9c74b9ce7f23c4cacc5cd6479e760fab68aab	region_local	1	0.4979250673987656	0	0.9999999744101855	0.49792507141976544	0	1.0	2.0	0.4432498707676336	0.04300336857382123	1.556750051805505	1.5567501120726424	1	second_linear_segment_at_fitted_phi	1.5567500780527375	1.556750117889684	1	second_linear_segment_at_clustered_phi	2
exampleTumor1	m159	region2	clipp2_single_switch_path_mixture_v1	1	phased_unphased_two_state_positive_dosages_v1	endpoint_excess_dosage_penalty_biological_alias_mass_v1:alpha=3	5c247107561660669e1e40fa17e9c74b9ce7f23c4cacc5cd6479e760fab68aab	region_local	2	0.4979250954014341	1	0.9999999744101855	0.49792508992969825	1	2.0	1.0	0.5567501292323666	0.043003368573821206	1.556750090518936	1.5567501507860748	1	second_linear_segment_at_fitted_phi	1.556750103642552	1.5567501434794992	1	second_linear_segment_at_clustered_phi	2
exampleTumor1	m159	region2	clipp2_single_switch_path_mixture_v1	1	phased_unphased_two_state_positive_dosages_v1	endpoint_excess_dosage_penalty_biological_alias_mass_v1:alpha=3	5c247107561660669e1e40fa17e9c74b9ce7f23c4cacc5cd6479e760fab68aab	region_local	3	0.004149837199800389	0	0.9999999744101855	0.0041498386505364115	0	1.0	1.0	1.0	0.9139932628523576	0.9999999612865694	1.0	0	first_linear_segment_at_fitted_phi	0.9999999744101855	1.0	0	first_linear_segment_at_clustered_phi	8
exampleTumor1	m160	region1	clipp2_single_switch_path_mixture_v1	1	phased_unphased_two_state_positive_dosages_v1	endpoint_excess_dosage_penalty_biological_alias_mass_v1:alpha=3	5c247107561660669e1e40fa17e9c74b9ce7f23c4cacc5cd6479e760fab68aab	region_local	1	0.0005478763361119232	0	0.9999999820400683	0.0005478764574197995	0	2.0	1.0	0.46559310907204654	0.055039886808694184	1.4655931090720467	1.4655931090720467	1	second_linear_segment_at_fitted_phi	1.4655930911121149	1.465593117434067	1	second_linear_segment_at_clustered_phi	2
exampleTumor1	m160	region1	clipp2_single_switch_path_mixture_v1	1	phased_unphased_two_state_positive_dosages_v1	endpoint_excess_dosage_penalty_biological_alias_mass_v1:alpha=3	5c247107561660669e1e40fa17e9c74b9ce7f23c4cacc5cd6479e760fab68aab	region_local	2	0.0005478763361119271	0	0.9999999820400683	0.0005478766149212901	0	1.0	2.0	0.5344068909279536	0.055039886808694205	1.4655931090720464	1.4655931090720464	1	second_linear_segment_at_fitted_phi	1.4655930731521831	1.465593099474135	1	second_linear_segment_at_clustered_phi	2
exampleTumor1	m160	region1	clipp2_single_switch_path_mixture_v1	1	phased_unphased_two_state_positive_dosages_v1	endpoint_excess_dosage_penalty_biological_alias_mass_v1:alpha=3	5c247107561660669e1e40fa17e9c74b9ce7f23c4cacc5cd6479e760fab68aab	region_local	3	0.9989042473277762	1	0.9999999820400683	0.9989042469276589	1	1.0	1.0	1.0	0.8899202263826116	1.0	1.0	0	switch_boundary_at_fitted_phi	0.9999999820400683	1.0	0	first_linear_segment_at_clustered_phi	8
exampleTumor1	m160	region2	clipp2_single_switch_path_mixture_v1	1	phased_unphased_two_state_positive_dosages_v1	endpoint_excess_dosage_penalty_biological_alias_mass_v1:alpha=3	5c247107561660669e1e40fa17e9c74b9ce7f23c4cacc5cd6479e760fab68aab	region_local	1	0.00010725631072447255	0	0.9999999744101855	0.0001072562503783661	0	1.0	2.0	0.4432498707676336	0.04300336857382123	1.5567500518018733	1.5567501120718377	1	second_linear_segment_at_fitted_phi	1.5567500780527375	1.556750117889684	1	second_linear_segment_at_clustered_phi	2
exampleTumor1	m160	region2	clipp2_single_switch_path_mixture_v1	1	phased_unphased_two_state_positive_dosages_v1	endpoint_excess_dosage_penalty_biological_alias_mass_v1:alpha=3	5c247107561660669e1e40fa17e9c74b9ce7f23c4cacc5cd6479e760fab68aab	region_local	2	0.00010725622234750409	0	0.9999999744101855	0.00010725619196341363	0	2.0	1.0	0.5567501292323666	0.043003368573821206	1.55675009051712	1.5567501507870858	1	second_linear_segment_at_fitted_phi	1.556750103642552	1.5567501434794992	1	second_linear_segment_at_clustered_phi	2
exampleTumor1	m160	region2	clipp2_single_switch_path_mixture_v1	1	phased_unphased_two_state_positive_dosages_v1	endpoint_excess_dosage_penalty_biological_alias_mass_v1:alpha=3	5c247107561660669e1e40fa17e9c74b9ce7f23c4cacc5cd6479e760fab68aab	region_local	3	0.999785487466928	1	0.9999999744101855	0.9997854875576582	1	1.0	1.0	1.0	0.9139932628523576	0.9999999612847535	1.0	0	first_linear_segment_at_fitted_phi	0.9999999744101855	1.0	0	first_linear_segment_at_clustered_phi	8
exampleTumor1	m161	region1	clipp2_single_switch_path_mixture_v1	1	phased_unphased_two_state_positive_dosages_v1	endpoint_excess_dosage_penalty_biological_alias_mass_v1:alpha=3	5c247107561660669e1e40fa17e9c74b9ce7f23c4cacc5cd6479e760fab68aab	region_local	1	0.0006750296687233285	0	0.9999999820400683	0.0006750298227534449	0	2.0	1.0	0.46559310907204654	0.055039886808694184	1.4655931090720467	1.4655931090720467	1	second_linear_segment_at_fitted_phi	1.4655930911121149	1.465593117434067	1	second_linear_segment_at_clustered_phi	2
exampleTumor1	m161	region1	clipp2_single_switch_path_mixture_v1	1	phased_unphased_two_state_positive_dosages_v1	endpoint_excess_dosage_penalty_biological_alias_mass_v1:alpha=3	5c247107561660669e1e40fa17e9c74b9ce7f23c4cacc5cd6479e760fab68aab	region_local	2	0.0006750296687233333	0	0.9999999820400683	0.0006750300134635342	0	1.0	2.0	0.5344068909279536	0.055039886808694205	1.4655931090720464	1.4655931090720464	1	second_linear_segment_at_fitted_phi	1.4655930731521831	1.465593099474135	1	second_linear_segment_at_clustered_phi	2
exampleTumor1	m161	region1	clipp2_single_switch_path_mixture_v1	1	phased_unphased_two_state_positive_dosages_v1	endpoint_excess_dosage_penalty_biological_alias_mass_v1:alpha=3	5c247107561660669e1e40fa17e9c74b9ce7f23c4cacc5cd6479e760fab68aab	region_local	3	0.9986499406625533	1	0.9999999820400683	0.9986499401637831	1	1.0	1.0	1.0	0.8899202263826116	1.0	1.0	0	switch_boundary_at_fitted_phi	0.9999999820400683	1.0	0	first_linear_segment_at_clustered_phi	8
exampleTumor1	m161	region2	clipp2_single_switch_path_mixture_v1	1	phased_unphased_two_state_positive_dosages_v1	endpoint_excess_dosage_penalty_biological_alias_mass_v1:alpha=3	5c247107561660669e1e40fa17e9c74b9ce7f23c4cacc5cd6479e760fab68aab	region_local	1	0.38012527829140363	1	0.9999999744101855	0.38012523201834225	1	1.0	2.0	0.4432498707676336	0.04300336857382123	1.5567500518045223	1.5567501120724248	1	second_linear_segment_at_fitted_phi	1.5567500780527375	1.556750117889684	1	second_linear_segment_at_clustered_phi	2
exampleTumor1	m161	region2	clipp2_single_switch_path_mixture_v1	1	phased_unphased_two_state_positive_dosages_v1	endpoint_excess_dosage_penalty_biological_alias_mass_v1:alpha=3	5c247107561660669e1e40fa17e9c74b9ce7f23c4cacc5cd6479e760fab68aab	region_local	2	0.3801252003043453	0	0.9999999744101855	0.38012518046907356	0	2.0	1.0	0.5567501292323666	0.043003368573821206	1.5567500905184446	1.5567501507863484	1	second_linear_segment_at_fitted_phi	1.556750103642552	1.5567501434794992	1	second_linear_segment_at_clustered_phi	2
exampleTumor1	m161	region2	clipp2_single_switch_path_mixture_v1	1	phased_unphased_two_state_positive_dosages_v1	endpoint_excess_dosage_penalty_biological_alias_mass_v1:alpha=3	5c247107561660669e1e40fa17e9c74b9ce7f23c4cacc5cd6479e760fab68aab	region_local	3	0.23974952140425115	0	0.9999999744101855	0.23974958751258413	0	1.0	1.0	1.0	0.9139932628523576	0.999999961286078	1.0	0	first_linear_segment_at_fitted_phi	0.9999999744101855	1.0	0	first_linear_segment_at_clustered_phi	8
exampleTumor1	m162	region1	clipp2_single_switch_path_mixture_v1	1	phased_unphased_two_state_positive_dosages_v1	endpoint_excess_dosage_penalty_biological_alias_mass_v1:alpha=3	5c247107561660669e1e40fa17e9c74b9ce7f23c4cacc5cd6479e760fab68aab	region_local	1	0.0004696785160787871	0	0.4644698459572693	0.00046967828962441507	0	2.0	1.0	0.46559310907204654	0.055039886808694184	0.9289396653572383	2.0	1	first_linear_segment_at_fitted_phi	0.9289396919145386	2.0	1	first_linear_segment_at_clustered_phi	2
exampleTumor1	m162	region1	clipp2_single_switch_path_mixture_v1	1	phased_unphased_two_state_positive_dosages_v1	endpoint_excess_dosage_penalty_biological_alias_mass_v1:alpha=3	5c247107561660669e1e40fa17e9c74b9ce7f23c4cacc5cd6479e760fab68aab	region_local	2	0.058218368149466564	0	0.4644698459572693	0.05821836816265656	0	1.0	2.0	0.5344068909279536	0.055039886808694205	0.46446983267861913	1.0	0	first_linear_segment_at_fitted_phi	0.4644698459572693	1.0	0	first_linear_segment_at_clustered_phi	2
exampleTumor1	m162	region1	clipp2_single_switch_path_mixture_v1	1	phased_unphased_two_state_positive_dosages_v1	endpoint_excess_dosage_penalty_biological_alias_mass_v1:alpha=3	5c247107561660669e1e40fa17e9c74b9ce7f23c4cacc5cd6479e760fab68aab	region_local	3	0.9413119533344546	1	0.4644698459572693	0.9413119535477189	1	1.0	1.0	1.0	0.8899202263826116	0.46446983267861913	1.0	0	first_linear_segment_at_fitted_phi	0.4644698459572693	1.0	0	first_linear_segment_at_clustered_phi	8
exampleTumor1	m162	region2	clipp2_single_switch_path_mixture_v1	1	phased_unphased_two_state_positive_dosages_v1	endpoint_excess_dosage_penalty_biological_alias_mass_v1:alpha=3	5c247107561660669e1e40fa17e9c74b9ce7f23c4cacc5cd6479e760fab68aab	region_local	1	0.10264582061593396	0	0.5783395130938829	0.102645798846482	0	1.0	2.0	0.4432498707676336	0.04300336857382123	0.713429088286698	1.2335818555392029	1	second_linear_segment_at_fitted_phi	0.7134291554201322	1.2335819000219685	1	second_linear_segment_at_clustered_phi	2
exampleTumor1	m162	region2	clipp2_single_switch_path_mixture_v1	1	phased_unphased_two_state_positive_dosages_v1	endpoint_excess_dosage_penalty_biological_alias_mass_v1:alpha=3	5c247107561660669e1e40fa17e9c74b9ce7f23c4cacc5cd6479e760fab68aab	region_local	2	0.0038976620839999295	0	0.5783395130938829	0.0038976585749931833	0	2.0	1.0	0.5567501292323666	0.043003368573821206	1.1350896087595324	1.962670108026431	1	second_linear_segment_at_fitted_phi	1.1350896423262493	1.9626700521532379	1	second_linear_segment_at_clustered_phi	2
exampleTumor1	m162	region2	clipp2_single_switch_path_mixture_v1	1	phased_unphased_two_state_positive_dosages_v1	endpoint_excess_dosage_penalty_biological_alias_mass_v1:alpha=3	5c247107561660669e1e40fa17e9c74b9ce7f23c4cacc5cd6479e760fab68aab	region_local	3	0.8934565173000661	1	0.5783395130938829	0.8934565425785248	1	1.0	1.0	1.0	0.9139932628523576	0.5783394795271658	1.0	0	first_linear_segment_at_fitted_phi	0.5783395130938829	1.0	0	first_linear_segment_at_clustered_phi	8
exampleTumor1	m163	region1	clipp2_single_switch_path_mixture_v1	1	phased_unphased_two_state_positive_dosages_v1	endpoint_excess_dosage_penalty_biological_alias_mass_v1:alpha=3	5c247107561660669e1e40fa17e9c74b9ce7f23c4cacc5cd6479e760fab68aab	region_local	1	0.9991464710358494	1	0.4644698459572693	0.9991464709961911	1	1.0	1.0	1.0	0.9757111023207368	0.4644698476104483	1.0	0	first_linear_segment_at_fitted_phi	0.4644698459572693	1.0	0	first_linear_segment_at_clustered_phi	2
exampleTumor1	m163	region1	clipp2_single_switch_path_mixture_v1	1	phased_unphased_two_state_positive_dosages_v1	endpoint_excess_dosage_penalty_biological_alias_mass_v1:alpha=3	5c247107561660669e1e40fa17e9c74b9ce7f23c4cacc5cd6479e760fab68aab	region_local	2	0.0008535289641506079	0	0.4644698459572693	0.0008535290038089553	0	2.0	2.0	1.0	0.02428889767926321	0.9289396952208966	2.0	1	first_linear_segment_at_fitted_phi	0.9289396919145386	2.0	1	first_linear_segment_at_clustered_phi	1
exampleTumor1	m163	region2	clipp2_single_switch_path_mixture_v1	1	phased_unphased_two_state_positive_dosages_v1	endpoint_excess_dosage_penalty_biological_alias_mass_v1:alpha=3	5c247107561660669e1e40fa17e9c74b9ce7f23c4cacc5cd6479e760fab68aab	region_local	1	0.9996751027690653	1	0.5783395130938829	0.9996751026841109	1	1.0	1.0	1.0	0.9757111023207368	0.5783395210026407	1.0	0	first_linear_segment_at_fitted_phi	0.5783395130938829	1.0	0	first_linear_segment_at_clustered_phi	2
exampleTumor1	m163	region2	clipp2_single_switch_path_mixture_v1	1	phased_unphased_two_state_positive_dosages_v1	endpoint_excess_dosage_penalty_biological_alias_mass_v1:alpha=3	5c247107561660669e1e40fa17e9c74b9ce7f23c4cacc5cd6479e760fab68aab	region_local	2	0.000324897230934759	0	0.5783395130938829	0.00032489731588914594	0	2.0	2.0	1.0	0.02428889767926321	1.1566790420052815	2.0	1	first_linear_segment_at_fitted_phi	1.1566790261877657	2.0	1	first_linear_segment_at_clustered_phi	1
exampleTumor1	m164	region1	clipp2_single_switch_path_mixture_v1	1	phased_unphased_two_state_positive_dosages_v1	endpoint_excess_dosage_penalty_biological_alias_mass_v1:alpha=3	5c247107561660669e1e40fa17e9c74b9ce7f23c4cacc5cd6479e760fab68aab	region_local	1	0.15436673030975864	0	0.9999999820400683	0.15436675913999925	0	2.0	1.0	0.46559310907204654	0.055039886808694184	1.4655931090720467	1.4655931090720467	1	second_linear_segment_at_fitted_phi	1.4655930911121149	1.465593117434067	1	second_linear_segment_at_clustered_phi	2
exampleTumor1	m164	region1	clipp2_single_switch_path_mixture_v1	1	phased_unphased_two_state_positive_dosages_v1	endpoint_excess_dosage_penalty_biological_alias_mass_v1:alpha=3	5c247107561660669e1e40fa17e9c74b9ce7f23c4cacc5cd6479e760fab68aab	region_local	2	0.15436673030975864	0	0.9999999820400683	0.15436677216468897	0	1.0	2.0	0.5344068909279536	0.055039886808694205	1.4655931090720464	1.4655931090720464	1	second_linear_segment_at_fitted_phi	1.4655930731521831	1.465593099474135	1	second_linear_segment_at_clustered_phi	2
exampleTumor1	m164	region1	clipp2_single_switch_path_mixture_v1	1	phased_unphased_two_state_positive_dosages_v1	endpoint_excess_dosage_penalty_biological_alias_mass_v1:alpha=3	5c247107561660669e1e40fa17e9c74b9ce7f23c4cacc5cd6479e760fab68aab	region_local	3	0.6912665393804828	1	0.9999999820400683	0.6912664686953118	1	1.0	1.0	1.0	0.8899202263826116	1.0	1.0	0	switch_boundary_at_fitted_phi	0.9999999820400683	1.0	0	first_linear_segment_at_clustered_phi	8
exampleTumor1	m164	region2	clipp2_single_switch_path_mixture_v1	1	phased_unphased_two_state_positive_dosages_v1	endpoint_excess_dosage_penalty_biological_alias_mass_v1:alpha=3	5c247107561660669e1e40fa17e9c74b9ce7f23c4cacc5cd6479e760fab68aab	region_local	1	7.957406076878528e-05	0	0.9999999744101855	7.957402042946943e-05	0	1.0	2.0	0.4432498707676336	0.04300336857382123	1.5567500518013822	1.5567501120717289	1	second_linear_segment_at_fitted_phi	1.5567500780527375	1.556750117889684	1	second_linear_segment_at_clustered_phi	2
exampleTumor1	m164	region2	clipp2_single_switch_path_mixture_v1	1	phased_unphased_two_state_positive_dosages_v1	endpoint_excess_dosage_penalty_biological_alias_mass_v1:alpha=3	5c247107561660669e1e40fa17e9c74b9ce7f23c4cacc5cd6479e760fab68aab	region_local	2	7.957399823687037e-05	0	0.9999999744101855	7.957397909770686e-05	0	2.0	1.0	0.5567501292323666	0.043003368573821206	1.5567500905168745	1.5567501507872228	1	second_linear_segment_at_fitted_phi	1.556750103642552	1.5567501434794992	1	second_linear_segment_at_clustered_phi	2
exampleTumor1	m164	region2	clipp2_single_switch_path_mixture_v1	1	phased_unphased_two_state_positive_dosages_v1	endpoint_excess_dosage_penalty_biological_alias_mass_v1:alpha=3	5c247107561660669e1e40fa17e9c74b9ce7f23c4cacc5cd6479e760fab68aab	region_local	3	0.9998408519409944	1	0.9999999744101855	0.9998408520004729	1	1.0	1.0	1.0	0.9139932628523576	0.9999999612845079	1.0	0	first_linear_segment_at_fitted_phi	0.9999999744101855	1.0	0	first_linear_segment_at_clustered_phi	8
exampleTumor1	m165	region1	clipp2_single_switch_path_mixture_v1	1	phased_unphased_two_state_positive_dosages_v1	endpoint_excess_dosage_penalty_biological_alias_mass_v1:alpha=3	5c247107561660669e1e40fa17e9c74b9ce7f23c4cacc5cd6479e760fab68aab	region_local	1	0.9981220912297606	1	0.4644698459572693	0.9981220908452095	1	1.0	1.0	1.0	0.9757111023207368	0.46446985438727223	1.0	0	first_linear_segment_at_fitted_phi	0.4644698459572693	1.0	0	first_linear_segment_at_clustered_phi	2
exampleTumor1	m165	region1	clipp2_single_switch_path_mixture_v1	1	phased_unphased_two_state_positive_dosages_v1	endpoint_excess_dosage_penalty_biological_alias_mass_v1:alpha=3	5c247107561660669e1e40fa17e9c74b9ce7f23c4cacc5cd6479e760fab68aab	region_local	2	0.0018779087702394555	0	0.4644698459572693	0.001877909154790515	0	2.0	2.0	1.0	0.02428889767926321	0.9289397087745445	2.0	1	first_linear_segment_at_fitted_phi	0.9289396919145386	2.0	1	first_linear_segment_at_clustered_phi	1
exampleTumor1	m165	region2	clipp2_single_switch_path_mixture_v1	1	phased_unphased_two_state_positive_dosages_v1	endpoint_excess_dosage_penalty_biological_alias_mass_v1:alpha=3	5c247107561660669e1e40fa17e9c74b9ce7f23c4cacc5cd6479e760fab68aab	region_local	1	0.9999999681041294	1	0.5783395130938829	0.999999968104093	1	1.0	1.0	1.0	0.9757111023207368	0.5783395406764653	1.0	0	first_linear_segment_at_fitted_phi	0.5783395130938829	1.0	0	first_linear_segment_at_clustered_phi	2
exampleTumor1	m165	region2	clipp2_single_switch_path_mixture_v1	1	phased_unphased_two_state_positive_dosages_v1	endpoint_excess_dosage_penalty_biological_alias_mass_v1:alpha=3	5c247107561660669e1e40fa17e9c74b9ce7f23c4cacc5cd6479e760fab68aab	region_local	2	3.189587066308102e-08	0	0.5783395130938829	3.189590703382922e-08	0	2.0	2.0	1.0	0.02428889767926321	1.1566790813529306	2.0	1	first_linear_segment_at_fitted_phi	1.1566790261877657	2.0	1	first_linear_segment_at_clustered_phi	1
exampleTumor1	m166	region1	clipp2_single_switch_path_mixture_v1	1	phased_unphased_two_state_positive_dosages_v1	endpoint_excess_dosage_penalty_biological_alias_mass_v1:alpha=3	5c247107561660669e1e40fa17e9c74b9ce7f23c4cacc5cd6479e760fab68aab	region_local	1	0.23146941363697768	0	0.9999999820400683	0.23146944515956547	0	2.0	1.0	0.46559310907204654	0.055039886808694184	1.4655931090720467	1.4655931090720467	1	second_linear_segment_at_fitted_phi	1.4655930911121149	1.465593117434067	1	second_linear_segment_at_clustered_phi	2
exampleTumor1	m166	region1	clipp2_single_switch_path_mixture_v1	1	phased_unphased_two_state_positive_dosages_v1	endpoint_excess_dosage_penalty_biological_alias_mass_v1:alpha=3	5c247107561660669e1e40fa17e9c74b9ce7f23c4cacc5cd6479e760fab68aab	region_local	2	0.23146941363697768	0	0.9999999820400683	0.23146945738924207	0	1.0	2.0	0.5344068909279536	0.055039886808694205	1.4655931090720464	1.4655931090720464	1	second_linear_segment_at_fitted_phi	1.4655930731521831	1.465593099474135	1	second_linear_segment_at_clustered_phi	2
exampleTumor1	m166	region1	clipp2_single_switch_path_mixture_v1	1	phased_unphased_two_state_positive_dosages_v1	endpoint_excess_dosage_penalty_biological_alias_mass_v1:alpha=3	5c247107561660669e1e40fa17e9c74b9ce7f23c4cacc5cd6479e760fab68aab	region_local	3	0.5370611727260447	1	0.9999999820400683	0.5370610974511925	1	1.0	1.0	1.0	0.8899202263826116	1.0	1.0	0	switch_boundary_at_fitted_phi	0.9999999820400683	1.0	0	first_linear_segment_at_clustered_phi	8
exampleTumor1	m166	region2	clipp2_single_switch_path_mixture_v1	1	phased_unphased_two_state_positive_dosages_v1	endpoint_excess_dosage_penalty_biological_alias_mass_v1:alpha=3	5c247107561660669e1e40fa17e9c74b9ce7f23c4cacc5cd6479e760fab68aab	region_local	1	0.3008872661216571	0	0.9999999744101855	0.3008872188351123	0	1.0	2.0	0.4432498707676336	0.04300336857382123	1.5567500518033681	1.556750112072169	1	second_linear_segment_at_fitted_phi	1.5567500780527375	1.556750117889684	1	second_linear_segment_at_clustered_phi	2
exampleTumor1	m166	region2	clipp2_single_switch_path_mixture_v1	1	phased_unphased_two_state_positive_dosages_v1	endpoint_excess_dosage_penalty_biological_alias_mass_v1:alpha=3	5c247107561660669e1e40fa17e9c74b9ce7f23c4cacc5cd6479e760fab68aab	region_local	2	0.30088720838658717	0	0.9999999744101855	0.30088718067292525	0	2.0	1.0	0.5567501292323666	0.043003368573821206	1.5567500905178675	1.55675015078667	1	second_linear_segment_at_fitted_phi	1.556750103642552	1.5567501434794992	1	second_linear_segment_at_clustered_phi	2
exampleTumor1	m166	region2	clipp2_single_switch_path_mixture_v1	1	phased_unphased_two_state_positive_dosages_v1	endpoint_excess_dosage_penalty_biological_alias_mass_v1:alpha=3	5c247107561660669e1e40fa17e9c74b9ce7f23c4cacc5cd6479e760fab68aab	region_local	3	0.39822552549175566	1	0.9999999744101855	0.3982256004919625	1	1.0	1.0	1.0	0.9139932628523576	0.9999999612855008	1.0	0	first_linear_segment_at_fitted_phi	0.9999999744101855	1.0	0	first_linear_segment_at_clustered_phi	8
exampleTumor1	m167	region1	clipp2_single_switch_path_mixture_v1	1	phased_unphased_two_state_positive_dosages_v1	endpoint_excess_dosage_penalty_biological_alias_mass_v1:alpha=3	5c247107561660669e1e40fa17e9c74b9ce7f23c4cacc5cd6479e760fab68aab	region_local	1	0.49050187686775903	0	0.9999999820400683	0.49050190540508204	1	2.0	1.0	0.46559310907204654	0.055039886808694184	1.4655931090720467	1.4655931090720467	1	second_linear_segment_at_fitted_phi	1.4655930911121149	1.465593117434067	1	second_linear_segment_at_clustered_phi	2
exampleTumor1	m167	region1	clipp2_single_switch_path_mixture_v1	1	phased_unphased_two_state_positive_dosages_v1	endpoint_excess_dosage_penalty_biological_alias_mass_v1:alpha=3	5c247107561660669e1e40fa17e9c74b9ce7f23c4cacc5cd6479e760fab68aab	region_local	2	0.49050187686776253	1	0.9999999820400683	0.4905018524248662	0	1.0	2.0	0.5344068909279536	0.055039886808694205	1.4655931090720464	1.4655931090720464	1	second_linear_segment_at_fitted_phi	1.4655930731521831	1.465593099474135	1	second_linear_segment_at_clustered_phi	2
exampleTumor1	m167	region1	clipp2_single_switch_path_mixture_v1	1	phased_unphased_two_state_positive_dosages_v1	endpoint_excess_dosage_penalty_biological_alias_mass_v1:alpha=3	5c247107561660669e1e40fa17e9c74b9ce7f23c4cacc5cd6479e760fab68aab	region_local	3	0.01899624626447828	0	0.9999999820400683	0.018996242170051855	0	1.0	1.0	1.0	0.8899202263826116	1.0	1.0	0	switch_boundary_at_fitted_phi	0.9999999820400683	1.0	0	first_linear_segment_at_clustered_phi	8
exampleTumor1	m167	region2	clipp2_single_switch_path_mixture_v1	1	phased_unphased_two_state_positive_dosages_v1	endpoint_excess_dosage_penalty_biological_alias_mass_v1:alpha=3	5c247107561660669e1e40fa17e9c74b9ce7f23c4cacc5cd6479e760fab68aab	region_local	1	0.08839503839284522	0	0.9999999744101855	0.08839509035556456	0	1.0	2.0	0.4432498707676336	0.04300336857382123	1.5567501292323664	1.5567501292323664	1	second_linear_segment_at_fitted_phi	1.5567500780527375	1.556750117889684	1	second_linear_segment_at_clustered_phi	2
exampleTumor1	m167	region2	clipp2_single_switch_path_mixture_v1	1	phased_unphased_two_state_positive_dosages_v1	endpoint_excess_dosage_penalty_biological_alias_mass_v1:alpha=3	5c247107561660669e1e40fa17e9c74b9ce7f23c4cacc5cd6479e760fab68aab	region_local	2	0.08839503839284397	0	0.9999999744101855	0.08839507309540898	0	2.0	1.0	0.5567501292323666	0.043003368573821206	1.5567501292323667	1.5567501292323667	1	second_linear_segment_at_fitted_phi	1.556750103642552	1.5567501434794992	1	second_linear_segment_at_clustered_phi	2
exampleTumor1	m167	region2	clipp2_single_switch_path_mixture_v1	1	phased_unphased_two_state_positive_dosages_v1	endpoint_excess_dosage_penalty_biological_alias_mass_v1:alpha=3	5c247107561660669e1e40fa17e9c74b9ce7f23c4cacc5cd6479e760fab68aab	region_local	3	0.8232099232143107	1	0.9999999744101855	0.8232098365490265	1	1.0	1.0	1.0	0.9139932628523576	1.0	1.0	0	switch_boundary_at_fitted_phi	0.9999999744101855	1.0	0	first_linear_segment_at_clustered_phi	8
exampleTumor1	m168	region1	clipp2_single_switch_path_mixture_v1	1	phased_unphased_two_state_positive_dosages_v1	endpoint_excess_dosage_penalty_biological_alias_mass_v1:alpha=3	5c247107561660669e1e40fa17e9c74b9ce7f23c4cacc5cd6479e760fab68aab	region_local	1	0.0009886978215795728	0	0.9999999820400683	0.0009886975881881557	0	2.0	1.0	0.46559310907204654	0.055039886808694184	1.4655930729675233	1.4655931258820643	1	second_linear_segment_at_fitted_phi	1.4655930911121149	1.465593117434067	1	second_linear_segment_at_clustered_phi	2
exampleTumor1	m168	region1	clipp2_single_switch_path_mixture_v1	1	phased_unphased_two_state_positive_dosages_v1	endpoint_excess_dosage_penalty_biological_alias_mass_v1:alpha=3	5c247107561660669e1e40fa17e9c74b9ce7f23c4cacc5cd6479e760fab68aab	region_local	2	0.0009886983587510092	0	0.9999999820400683	0.0009886978554000821	0	1.0	2.0	0.5344068909279536	0.055039886808694205	1.4655930368630001	1.4655930897775398	1	second_linear_segment_at_fitted_phi	1.4655930731521831	1.465593099474135	1	second_linear_segment_at_clustered_phi	2
exampleTumor1	m168	region1	clipp2_single_switch_path_mixture_v1	1	phased_unphased_two_state_positive_dosages_v1	endpoint_excess_dosage_penalty_biological_alias_mass_v1:alpha=3	5c247107561660669e1e40fa17e9c74b9ce7f23c4cacc5cd6479e760fab68aab	region_local	3	0.9980226038196695	1	0.9999999820400683	0.9980226045564118	1	1.0	1.0	1.0	0.8899202263826116	0.9999999638954769	1.0	0	first_linear_segment_at_fitted_phi	0.9999999820400683	1.0	0	first_linear_segment_at_clustered_phi	8
exampleTumor1	m168	region2	clipp2_single_switch_path_mixture_v1	1	phased_unphased_two_state_positive_dosages_v1	endpoint_excess_dosage_penalty_biological_alias_mass_v1:alpha=3	5c247107561660669e1e40fa17e9c74b9ce7f23c4cacc5cd6479e760fab68aab	region_local	1	0.0013784954391919033	0	0.9999999744101855	0.0013784947215540139	0	1.0	2.0	0.4432498707676336	0.04300336857382123	1.556750051801872	1.5567501120718372	1	second_linear_segment_at_fitted_phi	1.5567500780527375	1.556750117889684	1	second_linear_segment_at_clustered_phi	2
exampleTumor1	m168	region2	clipp2_single_switch_path_mixture_v1	1	phased_unphased_two_state_positive_dosages_v1	endpoint_excess_dosage_penalty_biological_alias_mass_v1:alpha=3	5c247107561660669e1e40fa17e9c74b9ce7f23c4cacc5cd6479e760fab68aab	region_local	2	0.0013784945265637287	0	0.9999999744101855	0.0013784941183297423	0	2.0	1.0	0.5567501292323666	0.043003368573821206	1.5567500905171194	1.5567501507870862	1	second_linear_segment_at_fitted_phi	1.556750103642552	1.5567501434794992	1	second_linear_segment_at_clustered_phi	2
exampleTumor1	m168	region2	clipp2_single_switch_path_mixture_v1	1	phased_unphased_two_state_positive_dosages_v1	endpoint_excess_dosage_penalty_biological_alias_mass_v1:alpha=3	5c247107561660669e1e40fa17e9c74b9ce7f23c4cacc5cd6479e760fab68aab	region_local	3	0.9972430100342444	1	0.9999999744101855	0.9972430111601163	1	1.0	1.0	1.0	0.9139932628523576	0.9999999612847529	1.0	0	first_linear_segment_at_fitted_phi	0.9999999744101855	1.0	0	first_linear_segment_at_clustered_phi	8
exampleTumor1	m169	region1	clipp2_single_switch_path_mixture_v1	1	phased_unphased_two_state_positive_dosages_v1	endpoint_excess_dosage_penalty_biological_alias_mass_v1:alpha=3	5c247107561660669e1e40fa17e9c74b9ce7f23c4cacc5cd6479e760fab68aab	region_local	1	6.3569992112668044e-06	0	0.4644698459572693	6.357004402138458e-06	0	2.0	1.0	0.46559310907204654	0.055039886808694184	0.9289397364073638	2.0	1	first_linear_segment_at_fitted_phi	0.9289396919145386	2.0	1	first_linear_segment_at_clustered_phi	2
exampleTumor1	m169	region1	clipp2_single_switch_path_mixture_v1	1	phased_unphased_two_state_positive_dosages_v1	endpoint_excess_dosage_penalty_biological_alias_mass_v1:alpha=3	5c247107561660669e1e40fa17e9c74b9ce7f23c4cacc5cd6479e760fab68aab	region_local	2	0.0582453546470849	0	0.4644698459572693	0.05824535464678256	0	1.0	2.0	0.5344068909279536	0.055039886808694205	0.4644698682036819	1.0	0	first_linear_segment_at_fitted_phi	0.4644698459572693	1.0	0	first_linear_segment_at_clustered_phi	2
exampleTumor1	m169	region1	clipp2_single_switch_path_mixture_v1	1	phased_unphased_two_state_positive_dosages_v1	endpoint_excess_dosage_penalty_biological_alias_mass_v1:alpha=3	5c247107561660669e1e40fa17e9c74b9ce7f23c4cacc5cd6479e760fab68aab	region_local	3	0.9417482883537038	1	0.4644698459572693	0.9417482883488154	1	1.0	1.0	1.0	0.8899202263826116	0.4644698682036819	1.0	0	first_linear_segment_at_fitted_phi	0.4644698459572693	1.0	0	first_linear_segment_at_clustered_phi	8
exampleTumor1	m169	region2	clipp2_single_switch_path_mixture_v1	1	phased_unphased_two_state_positive_dosages_v1	endpoint_excess_dosage_penalty_biological_alias_mass_v1:alpha=3	5c247107561660669e1e40fa17e9c74b9ce7f23c4cacc5cd6479e760fab68aab	region_local	1	0.018172461356950474	0	0.5783395130938829	0.01817246118275847	0	1.0	2.0	0.4432498707676336	0.04300336857382123	0.7134291542659754	1.2335818992572216	1	second_linear_segment_at_fitted_phi	0.7134291554201322	1.2335819000219685	1	second_linear_segment_at_clustered_phi	2
exampleTumor1	m169	region2	clipp2_single_switch_path_mixture_v1	1	phased_unphased_two_state_positive_dosages_v1	endpoint_excess_dosage_penalty_biological_alias_mass_v1:alpha=3	5c247107561660669e1e40fa17e9c74b9ce7f23c4cacc5cd6479e760fab68aab	region_local	2	1.0103481742376913e-05	0	0.5783395130938829	1.0103481620932446e-05	0	2.0	1.0	0.5567501292323666	0.043003368573821206	1.135089641749171	1.9626700531138088	1	second_linear_segment_at_fitted_phi	1.1350896423262493	1.9626700521532379	1	second_linear_segment_at_clustered_phi	2
exampleTumor1	m169	region2	clipp2_single_switch_path_mixture_v1	1	phased_unphased_two_state_positive_dosages_v1	endpoint_excess_dosage_penalty_biological_alias_mass_v1:alpha=3	5c247107561660669e1e40fa17e9c74b9ce7f23c4cacc5cd6479e760fab68aab	region_local	3	0.981817435161307	1	0.5783395130938829	0.9818174353356205	1	1.0	1.0	1.0	0.9139932628523576	0.5783395125168045	1.0	0	first_linear_segment_at_fitted_phi	0.5783395130938829	1.0	0	first_linear_segment_at_clustered_phi	8
exampleTumor1	m170	region1	clipp2_single_switch_path_mixture_v1	1	phased_unphased_two_state_positive_dosages_v1	endpoint_excess_dosage_penalty_biological_alias_mass_v1:alpha=3	5c247107561660669e1e40fa17e9c74b9ce7f23c4cacc5cd6479e760fab68aab	region_local	1	0.04785058665296906	0	0.20466086196598293	0.04785051775726216	0	2.0	1.0	0.18979727272857988	0.1102685636923483	0.3944580511404343	1.9273749186404265	1	second_linear_segment_at_fitted_phi	0.3944581346945628	1.9273745400335822	1	second_linear_segment_at_clustered_phi	2
exampleTumor1	m170	region1	clipp2_single_switch_path_mixture_v1	1	phased_unphased_two_state_positive_dosages_v1	endpoint_excess_dosage_penalty_biological_alias_mass_v1:alpha=3	5c247107561660669e1e40fa17e9c74b9ce7f23c4cacc5cd6479e760fab68aab	region_local	2	0.11800431449966765	0	0.20466086196598293	0.1180043230382337	0	1.0	2.0	0.8102027272714202	0.1102685636923483	0.20466077841185443	1.0	0	first_linear_segment_at_fitted_phi	0.20466086196598293	1.0	0	first_linear_segment_at_clustered_phi	2
exampleTumor1	m170	region1	clipp2_single_switch_path_mixture_v1	1	phased_unphased_two_state_positive_dosages_v1	endpoint_excess_dosage_penalty_biological_alias_mass_v1:alpha=3	5c247107561660669e1e40fa17e9c74b9ce7f23c4cacc5cd6479e760fab68aab	region_local	3	0.8341450988473633	1	0.20466086196598293	0.8341451592045042	1	1.0	1.0	1.0	0.7794628726153034	0.20466077841185443	1.0	0	first_linear_segment_at_fitted_phi	0.20466086196598293	1.0	0	first_linear_segment_at_clustered_phi	8
exampleTumor1	m170	region2	clipp2_single_switch_path_mixture_v1	1	phased_unphased_two_state_positive_dosages_v1	endpoint_excess_dosage_penalty_biological_alias_mass_v1:alpha=3	5c247107561660669e1e40fa17e9c74b9ce7f23c4cacc5cd6479e760fab68aab	region_local	1	0.006056361816052584	0	0.26801886587083323	0.006056334647052703	0	2.0	1.0	0.320738881115505	0.08019266527581756	0.5360374745849874	2.0	1	first_linear_segment_at_fitted_phi	0.5360377317416665	2.0	1	first_linear_segment_at_clustered_phi	2
exampleTumor1	m170	region2	clipp2_single_switch_path_mixture_v1	1	phased_unphased_two_state_positive_dosages_v1	endpoint_excess_dosage_penalty_biological_alias_mass_v1:alpha=3	5c247107561660669e1e40fa17e9c74b9ce7f23c4cacc5cd6479e760fab68aab	region_local	2	0.08665617947460144	0	0.26801886587083323	0.08665618184330894	0	1.0	2.0	0.6792611188844951	0.08019266527581756	0.2680187372924937	1.0	0	first_linear_segment_at_fitted_phi	0.26801886587083323	1.0	0	first_linear_segment_at_clustered_phi	2
exampleTumor1	m170	region2	clipp2_single_switch_path_mixture_v1	1	phased_unphased_two_state_positive_dosages_v1	endpoint_excess_dosage_penalty_biological_alias_mass_v1:alpha=3	5c247107561660669e1e40fa17e9c74b9ce7f23c4cacc5cd6479e760fab68aab	region_local	3	0.907287458709346	1	0.26801886587083323	0.9072874835096384	1	1.0	1.0	1.0	0.8396146694483648	0.2680187372924937	1.0	0	first_linear_segment_at_fitted_phi	0.26801886587083323	1.0	0	first_linear_segment_at_clustered_phi	8
exampleTumor1	m171	region1	clipp2_single_switch_path_mixture_v1	1	phased_unphased_two_state_positive_dosages_v1	endpoint_excess_dosage_penalty_biological_alias_mass_v1:alpha=3	5c247107561660669e1e40fa17e9c74b9ce7f23c4cacc5cd6479e760fab68aab	region_local	1	0.001217909309125338	0	0.9999999820400683	0.001217909013400869	0	2.0	1.0	0.46559310907204654	0.055039886808694184	1.465593072967657	1.465593125882002	1	second_linear_segment_at_fitted_phi	1.4655930911121149	1.465593117434067	1	second_linear_segment_at_clustered_phi	2
exampleTumor1	m171	region1	clipp2_single_switch_path_mixture_v1	1	phased_unphased_two_state_positive_dosages_v1	endpoint_excess_dosage_penalty_biological_alias_mass_v1:alpha=3	5c247107561660669e1e40fa17e9c74b9ce7f23c4cacc5cd6479e760fab68aab	region_local	2	0.0012179099586954215	0	0.9999999820400683	0.0012179093365258665	0	1.0	2.0	0.5344068909279536	0.055039886808694205	1.4655930368632675	1.4655930897776113	1	second_linear_segment_at_fitted_phi	1.4655930731521831	1.465593099474135	1	second_linear_segment_at_clustered_phi	2
exampleTumor1	m171	region1	clipp2_single_switch_path_mixture_v1	1	phased_unphased_two_state_positive_dosages_v1	endpoint_excess_dosage_penalty_biological_alias_mass_v1:alpha=3	5c247107561660669e1e40fa17e9c74b9ce7f23c4cacc5cd6479e760fab68aab	region_local	3	0.9975641807321793	1	0.9999999820400683	0.9975641816500732	1	1.0	1.0	1.0	0.8899202263826116	0.9999999638956105	1.0	0	first_linear_segment_at_fitted_phi	0.9999999820400683	1.0	0	first_linear_segment_at_clustered_phi	8
exampleTumor1	m171	region2	clipp2_single_switch_path_mixture_v1	1	phased_unphased_two_state_positive_dosages_v1	endpoint_excess_dosage_penalty_biological_alias_mass_v1:alpha=3	5c247107561660669e1e40fa17e9c74b9ce7f23c4cacc5cd6479e760fab68aab	region_local	1	9.709716573346692e-05	0	0.9999999744101855	9.70971129051963e-05	0	1.0	2.0	0.4432498707676336	0.04300336857382123	1.5567500518014736	1.556750112071749	1	second_linear_segment_at_fitted_phi	1.5567500780527375	1.556750117889684	1	second_linear_segment_at_clustered_phi	2
exampleTumor1	m171	region2	clipp2_single_switch_path_mixture_v1	1	phased_unphased_two_state_positive_dosages_v1	endpoint_excess_dosage_penalty_biological_alias_mass_v1:alpha=3	5c247107561660669e1e40fa17e9c74b9ce7f23c4cacc5cd6479e760fab68aab	region_local	2	9.709708696180975e-05	0	0.9999999744101855	9.709706083937967e-05	0	2.0	1.0	0.5567501292323666	0.043003368573821206	1.5567500905169203	1.5567501507871973	1	second_linear_segment_at_fitted_phi	1.556750103642552	1.5567501434794992	1	second_linear_segment_at_clustered_phi	2
exampleTumor1	m171	region2	clipp2_single_switch_path_mixture_v1	1	phased_unphased_two_state_positive_dosages_v1	endpoint_excess_dosage_penalty_biological_alias_mass_v1:alpha=3	5c247107561660669e1e40fa17e9c74b9ce7f23c4cacc5cd6479e760fab68aab	region_local	3	0.9998058057473047	1	0.9999999744101855	0.9998058058262554	1	1.0	1.0	1.0	0.9139932628523576	0.9999999612845536	1.0	0	first_linear_segment_at_fitted_phi	0.9999999744101855	1.0	0	first_linear_segment_at_clustered_phi	8
exampleTumor1	m172	region1	clipp2_single_switch_path_mixture_v1	1	phased_unphased_two_state_positive_dosages_v1	endpoint_excess_dosage_penalty_biological_alias_mass_v1:alpha=3	5c247107561660669e1e40fa17e9c74b9ce7f23c4cacc5cd6479e760fab68aab	region_local	1	2.177455690056524e-05	0	0.9999999820400683	2.1774561660846086e-05	0	2.0	1.0	0.46559310907204654	0.055039886808694184	1.4655931090720467	1.4655931090720467	1	second_linear_segment_at_fitted_phi	1.4655930911121149	1.465593117434067	1	second_linear_segment_at_clustered_phi	2
exampleTumor1	m172	region1	clipp2_single_switch_path_mixture_v1	1	phased_unphased_two_state_positive_dosages_v1	endpoint_excess_dosage_penalty_biological_alias_mass_v1:alpha=3	5c247107561660669e1e40fa17e9c74b9ce7f23c4cacc5cd6479e760fab68aab	region_local	2	2.177455690056524e-05	0	0.9999999820400683	2.177457062822515e-05	0	1.0	2.0	0.5344068909279536	0.055039886808694205	1.4655931090720464	1.4655931090720464	1	second_linear_segment_at_fitted_phi	1.4655930731521831	1.465593099474135	1	second_linear_segment_at_clustered_phi	2
exampleTumor1	m172	region1	clipp2_single_switch_path_mixture_v1	1	phased_unphased_two_state_positive_dosages_v1	endpoint_excess_dosage_penalty_biological_alias_mass_v1:alpha=3	5c247107561660669e1e40fa17e9c74b9ce7f23c4cacc5cd6479e760fab68aab	region_local	3	0.9999564508861989	1	0.9999999820400683	0.999956450867711	1	1.0	1.0	1.0	0.8899202263826116	1.0	1.0	0	switch_boundary_at_fitted_phi	0.9999999820400683	1.0	0	first_linear_segment_at_clustered_phi	8
exampleTumor1	m172	region2	clipp2_single_switch_path_mixture_v1	1	phased_unphased_two_state_positive_dosages_v1	endpoint_excess_dosage_penalty_biological_alias_mass_v1:alpha=3	5c247107561660669e1e40fa17e9c74b9ce7f23c4cacc5cd6479e760fab68aab	region_local	1	0.34698723810809107	1	0.9999999744101855	0.346987204247383	1	1.0	2.0	0.4432498707676336	0.04300336857382123	1.5567500518028698	1.5567501120720584	1	second_linear_segment_at_fitted_phi	1.5567500780527375	1.556750117889684	1	second_linear_segment_at_clustered_phi	2
exampleTumor1	m172	region2	clipp2_single_switch_path_mixture_v1	1	phased_unphased_two_state_positive_dosages_v1	endpoint_excess_dosage_penalty_biological_alias_mass_v1:alpha=3	5c247107561660669e1e40fa17e9c74b9ce7f23c4cacc5cd6479e760fab68aab	region_local	2	0.3469872006175363	0	0.9999999744101855	0.34698717946673974	0	2.0	1.0	0.5567501292323666	0.043003368573821206	1.5567500905176184	1.5567501507868085	1	second_linear_segment_at_fitted_phi	1.556750103642552	1.5567501434794992	1	second_linear_segment_at_clustered_phi	2
exampleTumor1	m172	region2	clipp2_single_switch_path_mixture_v1	1	phased_unphased_two_state_positive_dosages_v1	endpoint_excess_dosage_penalty_biological_alias_mass_v1:alpha=3	5c247107561660669e1e40fa17e9c74b9ce7f23c4cacc5cd6479e760fab68aab	region_local	3	0.30602556127437275	0	0.9999999744101855	0.3060256162858772	0	1.0	1.0	1.0	0.9139932628523576	0.9999999612852518	1.0	0	first_linear_segment_at_fitted_phi	0.9999999744101855	1.0	0	first_linear_segment_at_clustered_phi	8
exampleTumor1	m173	region1	clipp2_single_switch_path_mixture_v1	1	phased_unphased_two_state_positive_dosages_v1	endpoint_excess_dosage_penalty_biological_alias_mass_v1:alpha=3	5c247107561660669e1e40fa17e9c74b9ce7f23c4cacc5cd6479e760fab68aab	region_local	1	0.003795123907001902	0	0.9999999820400683	0.0037951230840887096	0	2.0	1.0	0.46559310907204654	0.055039886808694184	1.4655930729673514	1.4655931258821444	1	second_linear_segment_at_fitted_phi	1.4655930911121149	1.465593117434067	1	second_linear_segment_at_clustered_phi	2
exampleTumor1	m173	region1	clipp2_single_switch_path_mixture_v1	1	phased_unphased_two_state_positive_dosages_v1	endpoint_excess_dosage_penalty_biological_alias_mass_v1:alpha=3	5c247107561660669e1e40fa17e9c74b9ce7f23c4cacc5cd6479e760fab68aab	region_local	2	0.0037951255055726856	0	0.9999999820400683	0.0037951238792820943	0	1.0	2.0	0.5344068909279536	0.055039886808694205	1.4655930368626562	1.4655930897774478	1	second_linear_segment_at_fitted_phi	1.4655930731521831	1.465593099474135	1	second_linear_segment_at_clustered_phi	2
exampleTumor1	m173	region1	clipp2_single_switch_path_mixture_v1	1	phased_unphased_two_state_positive_dosages_v1	endpoint_excess_dosage_penalty_biological_alias_mass_v1:alpha=3	5c247107561660669e1e40fa17e9c74b9ce7f23c4cacc5cd6479e760fab68aab	region_local	3	0.9924097505874254	1	0.9999999820400683	0.9924097530366291	1	1.0	1.0	1.0	0.8899202263826116	0.9999999638953049	1.0	0	first_linear_segment_at_fitted_phi	0.9999999820400683	1.0	0	first_linear_segment_at_clustered_phi	8
exampleTumor1	m173	region2	clipp2_single_switch_path_mixture_v1	1	phased_unphased_two_state_positive_dosages_v1	endpoint_excess_dosage_penalty_biological_alias_mass_v1:alpha=3	5c247107561660669e1e40fa17e9c74b9ce7f23c4cacc5cd6479e760fab68aab	region_local	1	0.005592827038146967	0	0.9999999744101855	0.005592832407327775	0	1.0	2.0	0.4432498707676336	0.04300336857382123	1.5567501292323664	1.5567501292323664	1	second_linear_segment_at_fitted_phi	1.5567500780527375	1.556750117889684	1	second_linear_segment_at_clustered_phi	2
exampleTumor1	m173	region2	clipp2_single_switch_path_mixture_v1	1	phased_unphased_two_state_positive_dosages_v1	endpoint_excess_dosage_penalty_biological_alias_mass_v1:alpha=3	5c247107561660669e1e40fa17e9c74b9ce7f23c4cacc5cd6479e760fab68aab	region_local	2	0.005592827038146967	0	0.9999999744101855	0.005592830297714992	0	2.0	1.0	0.5567501292323666	0.043003368573821206	1.5567501292323667	1.5567501292323667	1	second_linear_segment_at_fitted_phi	1.556750103642552	1.5567501434794992	1	second_linear_segment_at_clustered_phi	2
exampleTumor1	m173	region2	clipp2_single_switch_path_mixture_v1	1	phased_unphased_two_state_positive_dosages_v1	endpoint_excess_dosage_penalty_biological_alias_mass_v1:alpha=3	5c247107561660669e1e40fa17e9c74b9ce7f23c4cacc5cd6479e760fab68aab	region_local	3	0.9888143459237061	1	0.9999999744101855	0.9888143372949573	1	1.0	1.0	1.0	0.9139932628523576	1.0	1.0	0	switch_boundary_at_fitted_phi	0.9999999744101855	1.0	0	first_linear_segment_at_clustered_phi	8
exampleTumor1	m174	region1	clipp2_single_switch_path_mixture_v1	1	phased_unphased_two_state_positive_dosages_v1	endpoint_excess_dosage_penalty_biological_alias_mass_v1:alpha=3	5c247107561660669e1e40fa17e9c74b9ce7f23c4cacc5cd6479e760fab68aab	region_local	1	0.48845967708654975	1	0.9999999820400683	0.48845969653994825	1	2.0	1.0	0.46559310907204654	0.055039886808694184	1.4655931090720467	1.4655931090720467	1	second_linear_segment_at_fitted_phi	1.4655930911121149	1.465593117434067	1	second_linear_segment_at_clustered_phi	2
exampleTumor1	m174	region1	clipp2_single_switch_path_mixture_v1	1	phased_unphased_two_state_positive_dosages_v1	endpoint_excess_dosage_penalty_biological_alias_mass_v1:alpha=3	5c247107561660669e1e40fa17e9c74b9ce7f23c4cacc5cd6479e760fab68aab	region_local	2	0.48845967708654975	0	0.9999999820400683	0.48845966477964553	0	1.0	2.0	0.5344068909279536	0.055039886808694205	1.4655931090720464	1.4655931090720464	1	second_linear_segment_at_fitted_phi	1.4655930731521831	1.465593099474135	1	second_linear_segment_at_clustered_phi	2
exampleTumor1	m174	region1	clipp2_single_switch_path_mixture_v1	1	phased_unphased_two_state_positive_dosages_v1	endpoint_excess_dosage_penalty_biological_alias_mass_v1:alpha=3	5c247107561660669e1e40fa17e9c74b9ce7f23c4cacc5cd6479e760fab68aab	region_local	3	0.023080645826900493	0	0.9999999820400683	0.023080638680406235	0	1.0	1.0	1.0	0.8899202263826116	1.0	1.0	0	switch_boundary_at_fitted_phi	0.9999999820400683	1.0	0	first_linear_segment_at_clustered_phi	8
exampleTumor1	m174	region2	clipp2_single_switch_path_mixture_v1	1	phased_unphased_two_state_positive_dosages_v1	endpoint_excess_dosage_penalty_biological_alias_mass_v1:alpha=3	5c247107561660669e1e40fa17e9c74b9ce7f23c4cacc5cd6479e760fab68aab	region_local	1	0.3942922804786363	1	0.9999999744101855	0.3942922405724048	1	1.0	2.0	0.4432498707676336	0.04300336857382123	1.5567500518043003	1.5567501120723757	1	second_linear_segment_at_fitted_phi	1.5567500780527375	1.556750117889684	1	second_linear_segment_at_clustered_phi	2
exampleTumor1	m174	region2	clipp2_single_switch_path_mixture_v1	1	phased_unphased_two_state_positive_dosages_v1	endpoint_excess_dosage_penalty_biological_alias_mass_v1:alpha=3	5c247107561660669e1e40fa17e9c74b9ce7f23c4cacc5cd6479e760fab68aab	region_local	2	0.3942922128072642	0	0.9999999744101855	0.3942921958419027	0	2.0	1.0	0.5567501292323666	0.043003368573821206	1.5567500905183334	1.55675015078641	1	second_linear_segment_at_fitted_phi	1.556750103642552	1.5567501434794992	1	second_linear_segment_at_clustered_phi	2
exampleTumor1	m174	region2	clipp2_single_switch_path_mixture_v1	1	phased_unphased_two_state_positive_dosages_v1	endpoint_excess_dosage_penalty_biological_alias_mass_v1:alpha=3	5c247107561660669e1e40fa17e9c74b9ce7f23c4cacc5cd6479e760fab68aab	region_local	3	0.2114155067140995	0	0.9999999744101855	0.2114155635856925	0	1.0	1.0	1.0	0.9139932628523576	0.9999999612859669	1.0	0	first_linear_segment_at_fitted_phi	0.9999999744101855	1.0	0	first_linear_segment_at_clustered_phi	8
exampleTumor1	m175	region1	clipp2_single_switch_path_mixture_v1	1	phased_unphased_two_state_positive_dosages_v1	endpoint_excess_dosage_penalty_biological_alias_mass_v1:alpha=3	5c247107561660669e1e40fa17e9c74b9ce7f23c4cacc5cd6479e760fab68aab	region_local	1	0.9984180002385732	1	0.4644698459572693	0.9984180001564732	1	1.0	1.0	1.0	0.9757111023207368	0.4644698479150689	1.0	0	first_linear_segment_at_fitted_phi	0.4644698459572693	1.0	0	first_linear_segment_at_clustered_phi	2
exampleTumor1	m175	region1	clipp2_single_switch_path_mixture_v1	1	phased_unphased_two_state_positive_dosages_v1	endpoint_excess_dosage_penalty_biological_alias_mass_v1:alpha=3	5c247107561660669e1e40fa17e9c74b9ce7f23c4cacc5cd6479e760fab68aab	region_local	2	0.0015819997614267742	0	0.4644698459572693	0.0015819998435268818	0	2.0	2.0	1.0	0.02428889767926321	0.9289396958301378	2.0	1	first_linear_segment_at_fitted_phi	0.9289396919145386	2.0	1	first_linear_segment_at_clustered_phi	1
exampleTumor1	m175	region2	clipp2_single_switch_path_mixture_v1	1	phased_unphased_two_state_positive_dosages_v1	endpoint_excess_dosage_penalty_biological_alias_mass_v1:alpha=3	5c247107561660669e1e40fa17e9c74b9ce7f23c4cacc5cd6479e760fab68aab	region_local	1	0.9999926960239567	1	0.5783395130938829	0.9999926960212394	1	1.0	1.0	1.0	0.9757111023207368	0.5783395223864154	1.0	0	first_linear_segment_at_fitted_phi	0.5783395130938829	1.0	0	first_linear_segment_at_clustered_phi	2
exampleTumor1	m175	region2	clipp2_single_switch_path_mixture_v1	1	phased_unphased_two_state_positive_dosages_v1	endpoint_excess_dosage_penalty_biological_alias_mass_v1:alpha=3	5c247107561660669e1e40fa17e9c74b9ce7f23c4cacc5cd6479e760fab68aab	region_local	2	7.303976043373311e-06	0	0.5783395130938829	7.303978760670819e-06	0	2.0	2.0	1.0	0.02428889767926321	1.1566790447728308	2.0	1	first_linear_segment_at_fitted_phi	1.1566790261877657	2.0	1	first_linear_segment_at_clustered_phi	1
exampleTumor1	m176	region1	clipp2_single_switch_path_mixture_v1	1	phased_unphased_two_state_positive_dosages_v1	endpoint_excess_dosage_penalty_biological_alias_mass_v1:alpha=3	5c247107561660669e1e40fa17e9c74b9ce7f23c4cacc5cd6479e760fab68aab	region_local	1	0.04786733218447328	0	0.4644698459572693	0.04786728189558728	0	2.0	1.0	0.46559310907204654	0.055039886808694184	0.9289396171471951	2.0	1	first_linear_segment_at_fitted_phi	0.9289396919145386	2.0	1	first_linear_segment_at_clustered_phi	2
exampleTumor1	m176	region1	clipp2_single_switch_path_mixture_v1	1	phased_unphased_two_state_positive_dosages_v1	endpoint_excess_dosage_penalty_biological_alias_mass_v1:alpha=3	5c247107561660669e1e40fa17e9c74b9ce7f23c4cacc5cd6479e760fab68aab	region_local	2	0.05545765745227549	0	0.4644698459572693	0.0554576603813881	0	1.0	2.0	0.5344068909279536	0.055039886808694205	0.46446980857359754	1.0	0	first_linear_segment_at_fitted_phi	0.4644698459572693	1.0	0	first_linear_segment_at_clustered_phi	2
exampleTumor1	m176	region1	clipp2_single_switch_path_mixture_v1	1	phased_unphased_two_state_positive_dosages_v1	endpoint_excess_dosage_penalty_biological_alias_mass_v1:alpha=3	5c247107561660669e1e40fa17e9c74b9ce7f23c4cacc5cd6479e760fab68aab	region_local	3	0.8966750103632513	1	0.4644698459572693	0.8966750577230246	1	1.0	1.0	1.0	0.8899202263826116	0.46446980857359754	1.0	0	first_linear_segment_at_fitted_phi	0.4644698459572693	1.0	0	first_linear_segment_at_clustered_phi	8
exampleTumor1	m176	region2	clipp2_single_switch_path_mixture_v1	1	phased_unphased_two_state_positive_dosages_v1	endpoint_excess_dosage_penalty_biological_alias_mass_v1:alpha=3	5c247107561660669e1e40fa17e9c74b9ce7f23c4cacc5cd6479e760fab68aab	region_local	1	0.014567736963397575	0	0.5783395130938829	0.014567738404693649	0	1.0	2.0	0.4432498707676336	0.04300336857382123	0.7134291668838304	1.2335819076178405	1	second_linear_segment_at_fitted_phi	0.7134291554201322	1.2335819000219685	1	second_linear_segment_at_clustered_phi	2
exampleTumor1	m176	region2	clipp2_single_switch_path_mixture_v1	1	phased_unphased_two_state_positive_dosages_v1	endpoint_excess_dosage_penalty_biological_alias_mass_v1:alpha=3	5c247107561660669e1e40fa17e9c74b9ce7f23c4cacc5cd6479e760fab68aab	region_local	2	6.30548619395611e-06	0	0.5783395130938829	6.305486874922833e-06	0	2.0	1.0	0.5567501292323666	0.043003368573821206	1.1350896480580985	1.9626700426123382	1	second_linear_segment_at_fitted_phi	1.1350896423262493	1.9626700521532379	1	second_linear_segment_at_clustered_phi	2
exampleTumor1	m176	region2	clipp2_single_switch_path_mixture_v1	1	phased_unphased_two_state_positive_dosages_v1	endpoint_excess_dosage_penalty_biological_alias_mass_v1:alpha=3	5c247107561660669e1e40fa17e9c74b9ce7f23c4cacc5cd6479e760fab68aab	region_local	3	0.9854259575504085	1	0.5783395130938829	0.9854259561084315	1	1.0	1.0	1.0	0.9139932628523576	0.578339518825732	1.0	0	first_linear_segment_at_fitted_phi	0.5783395130938829	1.0	0	first_linear_segment_at_clustered_phi	8
exampleTumor1	m177	region1	clipp2_single_switch_path_mixture_v1	1	phased_unphased_two_state_positive_dosages_v1	endpoint_excess_dosage_penalty_biological_alias_mass_v1:alpha=3	5c247107561660669e1e40fa17e9c74b9ce7f23c4cacc5cd6479e760fab68aab	region_local	1	0.004093744359667865	0	0.9999999820400683	0.004093743237970356	0	2.0	1.0	0.46559310907204654	0.055039886808694184	1.465593072968323	1.4655931258816919	1	second_linear_segment_at_fitted_phi	1.4655930911121149	1.465593117434067	1	second_linear_segment_at_clustered_phi	2
exampleTumor1	m177	region1	clipp2_single_switch_path_mixture_v1	1	phased_unphased_two_state_positive_dosages_v1	endpoint_excess_dosage_penalty_biological_alias_mass_v1:alpha=3	5c247107561660669e1e40fa17e9c74b9ce7f23c4cacc5cd6479e760fab68aab	region_local	2	0.004093746279056618	0	0.9999999820400683	0.004093744192777112	0	1.0	2.0	0.5344068909279536	0.055039886808694205	1.4655930368645997	1.4655930897779672	1	second_linear_segment_at_fitted_phi	1.4655930731521831	1.465593099474135	1	second_linear_segment_at_clustered_phi	2
exampleTumor1	m177	region1	clipp2_single_switch_path_mixture_v1	1	phased_unphased_two_state_positive_dosages_v1	endpoint_excess_dosage_penalty_biological_alias_mass_v1:alpha=3	5c247107561660669e1e40fa17e9c74b9ce7f23c4cacc5cd6479e760fab68aab	region_local	3	0.9918125093612754	1	0.9999999820400683	0.9918125125692526	1	1.0	1.0	1.0	0.8899202263826116	0.9999999638962767	1.0	0	first_linear_segment_at_fitted_phi	0.9999999820400683	1.0	0	first_linear_segment_at_clustered_phi	8
exampleTumor1	m177	region2	clipp2_single_switch_path_mixture_v1	1	phased_unphased_two_state_positive_dosages_v1	endpoint_excess_dosage_penalty_biological_alias_mass_v1:alpha=3	5c247107561660669e1e40fa17e9c74b9ce7f23c4cacc5cd6479e760fab68aab	region_local	1	0.0005492263769797904	0	0.9999999744101855	0.0005492261219181266	0	1.0	2.0	0.4432498707676336	0.04300336857382123	1.5567500518012338	1.5567501120716958	1	second_linear_segment_at_fitted_phi	1.5567500780527375	1.556750117889684	1	second_linear_segment_at_clustered_phi	2
exampleTumor1	m177	region2	clipp2_single_switch_path_mixture_v1	1	phased_unphased_two_state_positive_dosages_v1	endpoint_excess_dosage_penalty_biological_alias_mass_v1:alpha=3	5c247107561660669e1e40fa17e9c74b9ce7f23c4cacc5cd6479e760fab68aab	region_local	2	0.0005492260184334801	0	0.9999999744101855	0.0005492258849299715	0	2.0	1.0	0.5567501292323666	0.043003368573821206	1.5567500905168004	1.5567501507872639	1	second_linear_segment_at_fitted_phi	1.556750103642552	1.5567501434794992	1	second_linear_segment_at_clustered_phi	2
exampleTumor1	m177	region2	clipp2_single_switch_path_mixture_v1	1	phased_unphased_two_state_positive_dosages_v1	endpoint_excess_dosage_penalty_biological_alias_mass_v1:alpha=3	5c247107561660669e1e40fa17e9c74b9ce7f23c4cacc5cd6479e760fab68aab	region_local	3	0.9989015476045867	1	0.9999999744101855	0.998901547993152	1	1.0	1.0	1.0	0.9139932628523576	0.9999999612844338	1.0	0	first_linear_segment_at_fitted_phi	0.9999999744101855	1.0	0	first_linear_segment_at_clustered_phi	8
exampleTumor1	m178	region1	clipp2_single_switch_path_mixture_v1	1	phased_unphased_two_state_positive_dosages_v1	endpoint_excess_dosage_penalty_biological_alias_mass_v1:alpha=3	5c247107561660669e1e40fa17e9c74b9ce7f23c4cacc5cd6479e760fab68aab	region_local	1	0.009586288937684491	0	0.9999999820400683	0.009586283131511764	0	1.0	1.0	1.0	0.9757111023207368	1.0	1.0	0	switch_boundary_at_fitted_phi	0.9999999820400683	1.0	0	first_linear_segment_at_clustered_phi	2
exampleTumor1	m178	region1	clipp2_single_switch_path_mixture_v1	1	phased_unphased_two_state_positive_dosages_v1	endpoint_excess_dosage_penalty_biological_alias_mass_v1:alpha=3	5c247107561660669e1e40fa17e9c74b9ce7f23c4cacc5cd6479e760fab68aab	region_local	2	0.9904137110623155	1	0.9999999820400683	0.9904137168684882	1	2.0	2.0	1.0	0.02428889767926321	2.0	2.0	1	switch_boundary_at_fitted_phi	1.9999999640801367	2.0	1	first_linear_segment_at_clustered_phi	1
exampleTumor1	m178	region2	clipp2_single_switch_path_mixture_v1	1	phased_unphased_two_state_positive_dosages_v1	endpoint_excess_dosage_penalty_biological_alias_mass_v1:alpha=3	5c247107561660669e1e40fa17e9c74b9ce7f23c4cacc5cd6479e760fab68aab	region_local	1	1.7487041519239925e-08	0	0.9999999744101855	1.7487050346465204e-08	0	1.0	1.0	1.0	0.9757111023207368	0.9999999612873278	1.0	0	first_linear_segment_at_fitted_phi	0.9999999744101855	1.0	0	first_linear_segment_at_clustered_phi	2
exampleTumor1	m178	region2	clipp2_single_switch_path_mixture_v1	1	phased_unphased_two_state_positive_dosages_v1	endpoint_excess_dosage_penalty_biological_alias_mass_v1:alpha=3	5c247107561660669e1e40fa17e9c74b9ce7f23c4cacc5cd6479e760fab68aab	region_local	2	0.9999999825129585	1	0.9999999744101855	0.9999999825129496	1	2.0	2.0	1.0	0.02428889767926321	1.9999999225746556	2.0	1	first_linear_segment_at_fitted_phi	1.999999948820371	2.0	1	first_linear_segment_at_clustered_phi	1
exampleTumor1	m179	region1	clipp2_single_switch_path_mixture_v1	1	phased_unphased_two_state_positive_dosages_v1	endpoint_excess_dosage_penalty_biological_alias_mass_v1:alpha=3	5c247107561660669e1e40fa17e9c74b9ce7f23c4cacc5cd6479e760fab68aab	region_local	1	0.48673713798929497	1	0.9999999820400683	0.4867371597120037	1	2.0	1.0	0.46559310907204654	0.055039886808694184	1.4655931090720467	1.4655931090720467	1	second_linear_segment_at_fitted_phi	1.4655930911121149	1.465593117434067	1	second_linear_segment_at_clustered_phi	2
exampleTumor1	m179	region1	clipp2_single_switch_path_mixture_v1	1	phased_unphased_two_state_positive_dosages_v1	endpoint_excess_dosage_penalty_biological_alias_mass_v1:alpha=3	5c247107561660669e1e40fa17e9c74b9ce7f23c4cacc5cd6479e760fab68aab	region_local	2	0.48673713798929497	0	0.9999999820400683	0.4867371235005489	0	1.0	2.0	0.5344068909279536	0.055039886808694205	1.4655931090720464	1.4655931090720464	1	second_linear_segment_at_fitted_phi	1.4655930731521831	1.465593099474135	1	second_linear_segment_at_clustered_phi	2
exampleTumor1	m179	region1	clipp2_single_switch_path_mixture_v1	1	phased_unphased_two_state_positive_dosages_v1	endpoint_excess_dosage_penalty_biological_alias_mass_v1:alpha=3	5c247107561660669e1e40fa17e9c74b9ce7f23c4cacc5cd6479e760fab68aab	region_local	3	0.026525724021410065	0	0.9999999820400683	0.026525716787447313	0	1.0	1.0	1.0	0.8899202263826116	1.0	1.0	0	switch_boundary_at_fitted_phi	0.9999999820400683	1.0	0	first_linear_segment_at_clustered_phi	8
exampleTumor1	m179	region2	clipp2_single_switch_path_mixture_v1	1	phased_unphased_two_state_positive_dosages_v1	endpoint_excess_dosage_penalty_biological_alias_mass_v1:alpha=3	5c247107561660669e1e40fa17e9c74b9ce7f23c4cacc5cd6479e760fab68aab	region_local	1	0.4997821261124941	1	0.9999999744101855	0.4997820838971719	0	1.0	2.0	0.4432498707676336	0.04300336857382123	1.5567501292323664	1.5567501292323664	1	second_linear_segment_at_fitted_phi	1.5567500780527375	1.556750117889684	1	second_linear_segment_at_clustered_phi	2
exampleTumor1	m179	region2	clipp2_single_switch_path_mixture_v1	1	phased_unphased_two_state_positive_dosages_v1	endpoint_excess_dosage_penalty_biological_alias_mass_v1:alpha=3	5c247107561660669e1e40fa17e9c74b9ce7f23c4cacc5cd6479e760fab68aab	region_local	2	0.4997821261124941	0	0.9999999744101855	0.4997821685726132	1	2.0	1.0	0.5567501292323666	0.043003368573821206	1.5567501292323667	1.5567501292323667	1	second_linear_segment_at_fitted_phi	1.556750103642552	1.5567501434794992	1	second_linear_segment_at_clustered_phi	2
exampleTumor1	m179	region2	clipp2_single_switch_path_mixture_v1	1	phased_unphased_two_state_positive_dosages_v1	endpoint_excess_dosage_penalty_biological_alias_mass_v1:alpha=3	5c247107561660669e1e40fa17e9c74b9ce7f23c4cacc5cd6479e760fab68aab	region_local	3	0.0004357477750117787	0	0.9999999744101855	0.00043574753021501897	0	1.0	1.0	1.0	0.9139932628523576	1.0	1.0	0	switch_boundary_at_fitted_phi	0.9999999744101855	1.0	0	first_linear_segment_at_clustered_phi	8
exampleTumor1	m180	region1	clipp2_single_switch_path_mixture_v1	1	phased_unphased_two_state_positive_dosages_v1	endpoint_excess_dosage_penalty_biological_alias_mass_v1:alpha=3	5c247107561660669e1e40fa17e9c74b9ce7f23c4cacc5cd6479e760fab68aab	region_local	1	0.003306856507239134	0	0.4644698459572693	0.0033068571091830084	0	2.0	1.0	0.46559310907204654	0.055039886808694184	0.9289397061097288	2.0	1	first_linear_segment_at_fitted_phi	0.9289396919145386	2.0	1	first_linear_segment_at_clustered_phi	2
exampleTumor1	m180	region1	clipp2_single_switch_path_mixture_v1	1	phased_unphased_two_state_positive_dosages_v1	endpoint_excess_dosage_penalty_biological_alias_mass_v1:alpha=3	5c247107561660669e1e40fa17e9c74b9ce7f23c4cacc5cd6479e760fab68aab	region_local	2	0.05805311466065764	0	0.4644698459572693	0.05805311462559738	0	1.0	2.0	0.5344068909279536	0.055039886808694205	0.4644698530548644	1.0	0	first_linear_segment_at_fitted_phi	0.4644698459572693	1.0	0	first_linear_segment_at_clustered_phi	2
exampleTumor1	m180	region1	clipp2_single_switch_path_mixture_v1	1	phased_unphased_two_state_positive_dosages_v1	endpoint_excess_dosage_penalty_biological_alias_mass_v1:alpha=3	5c247107561660669e1e40fa17e9c74b9ce7f23c4cacc5cd6479e760fab68aab	region_local	3	0.9386400288321032	1	0.4644698459572693	0.9386400282652196	1	1.0	1.0	1.0	0.8899202263826116	0.4644698530548644	1.0	0	first_linear_segment_at_fitted_phi	0.4644698459572693	1.0	0	first_linear_segment_at_clustered_phi	8
exampleTumor1	m180	region2	clipp2_single_switch_path_mixture_v1	1	phased_unphased_two_state_positive_dosages_v1	endpoint_excess_dosage_penalty_biological_alias_mass_v1:alpha=3	5c247107561660669e1e40fa17e9c74b9ce7f23c4cacc5cd6479e760fab68aab	region_local	1	0.03262407319968567	0	0.5783395130938829	0.03262407164510956	0	1.0	2.0	0.4432498707676336	0.04300336857382123	0.7134291476877321	1.233581894898463	1	second_linear_segment_at_fitted_phi	0.7134291554201322	1.2335819000219685	1	second_linear_segment_at_clustered_phi	2
exampleTumor1	m180	region2	clipp2_single_switch_path_mixture_v1	1	phased_unphased_two_state_positive_dosages_v1	endpoint_excess_dosage_penalty_biological_alias_mass_v1:alpha=3	5c247107561660669e1e40fa17e9c74b9ce7f23c4cacc5cd6479e760fab68aab	region_local	2	0.00011208059075317356	0	0.5783395130938829	0.00011208058170581382	0	2.0	1.0	0.5567501292323666	0.043003368573821206	1.1350896384600495	1.9626700585886883	1	second_linear_segment_at_fitted_phi	1.1350896423262493	1.9626700521532379	1	second_linear_segment_at_clustered_phi	2
exampleTumor1	m180	region2	clipp2_single_switch_path_mixture_v1	1	phased_unphased_two_state_positive_dosages_v1	endpoint_excess_dosage_penalty_biological_alias_mass_v1:alpha=3	5c247107561660669e1e40fa17e9c74b9ce7f23c4cacc5cd6479e760fab68aab	region_local	3	0.9672638462095612	1	0.5783395130938829	0.9672638477731846	1	1.0	1.0	1.0	0.9139932628523576	0.5783395092276828	1.0	0	first_linear_segment_at_fitted_phi	0.5783395130938829	1.0	0	first_linear_segment_at_clustered_phi	8
exampleTumor1	m181	region1	clipp2_single_switch_path_mixture_v1	1	phased_unphased_two_state_positive_dosages_v1	endpoint_excess_dosage_penalty_biological_alias_mass_v1:alpha=3	5c247107561660669e1e40fa17e9c74b9ce7f23c4cacc5cd6479e760fab68aab	region_local	1	0.9654891784295992	1	0.4644698459572693	0.9654891873583968	1	1.0	1.0	1.0	0.9757111023207368	0.4644698338452959	1.0	0	first_linear_segment_at_fitted_phi	0.4644698459572693	1.0	0	first_linear_segment_at_clustered_phi	2
exampleTumor1	m181	region1	clipp2_single_switch_path_mixture_v1	1	phased_unphased_two_state_positive_dosages_v1	endpoint_excess_dosage_penalty_biological_alias_mass_v1:alpha=3	5c247107561660669e1e40fa17e9c74b9ce7f23c4cacc5cd6479e760fab68aab	region_local	2	0.03451082157040076	0	0.4644698459572693	0.034510812641603134	0	2.0	2.0	1.0	0.02428889767926321	0.9289396676905918	2.0	1	first_linear_segment_at_fitted_phi	0.9289396919145386	2.0	1	first_linear_segment_at_clustered_phi	1
exampleTumor1	m181	region2	clipp2_single_switch_path_mixture_v1	1	phased_unphased_two_state_positive_dosages_v1	endpoint_excess_dosage_penalty_biological_alias_mass_v1:alpha=3	5c247107561660669e1e40fa17e9c74b9ce7f23c4cacc5cd6479e760fab68aab	region_local	1	0.9999999864756253	1	0.5783395130938829	0.9999999864756105	1	1.0	1.0	1.0	0.9757111023207368	0.5783395373624544	1.0	0	first_linear_segment_at_fitted_phi	0.5783395130938829	1.0	0	first_linear_segment_at_clustered_phi	2
exampleTumor1	m181	region2	clipp2_single_switch_path_mixture_v1	1	phased_unphased_two_state_positive_dosages_v1	endpoint_excess_dosage_penalty_biological_alias_mass_v1:alpha=3	5c247107561660669e1e40fa17e9c74b9ce7f23c4cacc5cd6479e760fab68aab	region_local	2	1.3524374836247532e-08	0	0.5783395130938829	1.3524389547778645e-08	0	2.0	2.0	1.0	0.02428889767926321	1.1566790747249087	2.0	1	first_linear_segment_at_fitted_phi	1.1566790261877657	2.0	1	first_linear_segment_at_clustered_phi	1
exampleTumor1	m182	region1	clipp2_single_switch_path_mixture_v1	1	phased_unphased_two_state_positive_dosages_v1	endpoint_excess_dosage_penalty_biological_alias_mass_v1:alpha=3	5c247107561660669e1e40fa17e9c74b9ce7f23c4cacc5cd6479e760fab68aab	region_local	1	0.9999999995754727	1	0.9999999820400683	0.9999999995754723	1	1.0	1.0	1.0	0.9757111023207368	1.0	1.0	0	switch_boundary_at_fitted_phi	0.9999999820400683	1.0	0	first_linear_segment_at_clustered_phi	2
exampleTumor1	m182	region1	clipp2_single_switch_path_mixture_v1	1	phased_unphased_two_state_positive_dosages_v1	endpoint_excess_dosage_penalty_biological_alias_mass_v1:alpha=3	5c247107561660669e1e40fa17e9c74b9ce7f23c4cacc5cd6479e760fab68aab	region_local	2	4.245273783859403e-10	0	0.9999999820400683	4.245277258698491e-10	0	2.0	2.0	1.0	0.02428889767926321	2.0	2.0	1	switch_boundary_at_fitted_phi	1.9999999640801367	2.0	1	first_linear_segment_at_clustered_phi	1
exampleTumor1	m182	region2	clipp2_single_switch_path_mixture_v1	1	phased_unphased_two_state_positive_dosages_v1	endpoint_excess_dosage_penalty_biological_alias_mass_v1:alpha=3	5c247107561660669e1e40fa17e9c74b9ce7f23c4cacc5cd6479e760fab68aab	region_local	1	0.999999987623408	1	0.9999999744101855	0.9999999876234167	1	1.0	1.0	1.0	0.9757111023207368	0.9999999612843467	1.0	0	first_linear_segment_at_fitted_phi	0.9999999744101855	1.0	0	first_linear_segment_at_clustered_phi	2
exampleTumor1	m182	region2	clipp2_single_switch_path_mixture_v1	1	phased_unphased_two_state_positive_dosages_v1	endpoint_excess_dosage_penalty_biological_alias_mass_v1:alpha=3	5c247107561660669e1e40fa17e9c74b9ce7f23c4cacc5cd6479e760fab68aab	region_local	2	1.2376592011853303e-08	0	0.9999999744101855	1.2376583286898396e-08	0	2.0	2.0	1.0	0.02428889767926321	1.9999999225686933	2.0	1	first_linear_segment_at_fitted_phi	1.999999948820371	2.0	1	first_linear_segment_at_clustered_phi	1
exampleTumor1	m183	region1	clipp2_single_switch_path_mixture_v1	1	phased_unphased_two_state_positive_dosages_v1	endpoint_excess_dosage_penalty_biological_alias_mass_v1:alpha=3	5c247107561660669e1e40fa17e9c74b9ce7f23c4cacc5cd6479e760fab68aab	region_local	1	0.4984822587362186	1	0.9999999820400683	0.4984822930722652	1	2.0	1.0	0.46559310907204654	0.055039886808694184	1.4655931090720467	1.4655931090720467	1	second_linear_segment_at_fitted_phi	1.4655930911121149	1.465593117434067	1	second_linear_segment_at_clustered_phi	2
exampleTumor1	m183	region1	clipp2_single_switch_path_mixture_v1	1	phased_unphased_two_state_positive_dosages_v1	endpoint_excess_dosage_penalty_biological_alias_mass_v1:alpha=3	5c247107561660669e1e40fa17e9c74b9ce7f23c4cacc5cd6479e760fab68aab	region_local	2	0.4984822587362186	0	0.9999999820400683	0.49848222531055675	0	1.0	2.0	0.5344068909279536	0.055039886808694205	1.4655931090720464	1.4655931090720464	1	second_linear_segment_at_fitted_phi	1.4655930731521831	1.465593099474135	1	second_linear_segment_at_clustered_phi	2
exampleTumor1	m183	region1	clipp2_single_switch_path_mixture_v1	1	phased_unphased_two_state_positive_dosages_v1	endpoint_excess_dosage_penalty_biological_alias_mass_v1:alpha=3	5c247107561660669e1e40fa17e9c74b9ce7f23c4cacc5cd6479e760fab68aab	region_local	3	0.003035482527562797	0	0.9999999820400683	0.0030354816171780006	0	1.0	1.0	1.0	0.8899202263826116	1.0	1.0	0	switch_boundary_at_fitted_phi	0.9999999820400683	1.0	0	first_linear_segment_at_clustered_phi	8
exampleTumor1	m183	region2	clipp2_single_switch_path_mixture_v1	1	phased_unphased_two_state_positive_dosages_v1	endpoint_excess_dosage_penalty_biological_alias_mass_v1:alpha=3	5c247107561660669e1e40fa17e9c74b9ce7f23c4cacc5cd6479e760fab68aab	region_local	1	0.4927253550011462	0	0.9999999744101855	0.4927253550960726	0	1.0	2.0	0.4432498707676336	0.04300336857382123	1.5567500518046808	1.5567501120724598	1	second_linear_segment_at_fitted_phi	1.5567500780527375	1.556750117889684	1	second_linear_segment_at_clustered_phi	2
exampleTumor1	m183	region2	clipp2_single_switch_path_mixture_v1	1	phased_unphased_two_state_positive_dosages_v1	endpoint_excess_dosage_penalty_biological_alias_mass_v1:alpha=3	5c247107561660669e1e40fa17e9c74b9ce7f23c4cacc5cd6479e760fab68aab	region_local	2	0.4927253687409299	1	0.9999999744101855	0.4927253641780516	1	2.0	1.0	0.5567501292323666	0.043003368573821206	1.5567500905185239	1.5567501507863044	1	second_linear_segment_at_fitted_phi	1.556750103642552	1.5567501434794992	1	second_linear_segment_at_clustered_phi	2
exampleTumor1	m183	region2	clipp2_single_switch_path_mixture_v1	1	phased_unphased_two_state_positive_dosages_v1	endpoint_excess_dosage_penalty_biological_alias_mass_v1:alpha=3	5c247107561660669e1e40fa17e9c74b9ce7f23c4cacc5cd6479e760fab68aab	region_local	3	0.01454927625792374	0	0.9999999744101855	0.014549280725875793	0	1.0	1.0	1.0	0.9139932628523576	0.9999999612861573	1.0	0	first_linear_segment_at_fitted_phi	0.9999999744101855	1.0	0	first_linear_segment_at_clustered_phi	8
exampleTumor1	m184	region1	clipp2_single_switch_path_mixture_v1	1	phased_unphased_two_state_positive_dosages_v1	endpoint_excess_dosage_penalty_biological_alias_mass_v1:alpha=3	5c247107561660669e1e40fa17e9c74b9ce7f23c4cacc5cd6479e760fab68aab	region_local	1	5.366888657295821e-05	0	0.9999999820400683	5.366889842372296e-05	0	2.0	1.0	0.46559310907204654	0.055039886808694184	1.4655931090720467	1.4655931090720467	1	second_linear_segment_at_fitted_phi	1.4655930911121149	1.465593117434067	1	second_linear_segment_at_clustered_phi	2
exampleTumor1	m184	region1	clipp2_single_switch_path_mixture_v1	1	phased_unphased_two_state_positive_dosages_v1	endpoint_excess_dosage_penalty_biological_alias_mass_v1:alpha=3	5c247107561660669e1e40fa17e9c74b9ce7f23c4cacc5cd6479e760fab68aab	region_local	2	5.366888657295821e-05	0	0.9999999820400683	5.36689186932123e-05	0	1.0	2.0	0.5344068909279536	0.055039886808694205	1.4655931090720464	1.4655931090720464	1	second_linear_segment_at_fitted_phi	1.4655930731521831	1.465593099474135	1	second_linear_segment_at_clustered_phi	2
exampleTumor1	m184	region1	clipp2_single_switch_path_mixture_v1	1	phased_unphased_two_state_positive_dosages_v1	endpoint_excess_dosage_penalty_biological_alias_mass_v1:alpha=3	5c247107561660669e1e40fa17e9c74b9ce7f23c4cacc5cd6479e760fab68aab	region_local	3	0.999892662226854	1	0.9999999820400683	0.9998926621828831	1	1.0	1.0	1.0	0.8899202263826116	1.0	1.0	0	switch_boundary_at_fitted_phi	0.9999999820400683	1.0	0	first_linear_segment_at_clustered_phi	8
exampleTumor1	m184	region2	clipp2_single_switch_path_mixture_v1	1	phased_unphased_two_state_positive_dosages_v1	endpoint_excess_dosage_penalty_biological_alias_mass_v1:alpha=3	5c247107561660669e1e40fa17e9c74b9ce7f23c4cacc5cd6479e760fab68aab	region_local	1	0.2788896767003213	0	0.9999999744101855	0.2788896295337335	0	1.0	2.0	0.4432498707676336	0.04300336857382123	1.5567500518031767	1.5567501120721263	1	second_linear_segment_at_fitted_phi	1.5567500780527375	1.556750117889684	1	second_linear_segment_at_clustered_phi	2
exampleTumor1	m184	region2	clipp2_single_switch_path_mixture_v1	1	phased_unphased_two_state_positive_dosages_v1	endpoint_excess_dosage_penalty_biological_alias_mass_v1:alpha=3	5c247107561660669e1e40fa17e9c74b9ce7f23c4cacc5cd6479e760fab68aab	region_local	2	0.2788896220563945	0	0.9999999744101855	0.2788895934148471	0	2.0	1.0	0.5567501292323666	0.043003368573821206	1.5567500905177718	1.556750150786723	1	second_linear_segment_at_fitted_phi	1.556750103642552	1.5567501434794992	1	second_linear_segment_at_clustered_phi	2
exampleTumor1	m184	region2	clipp2_single_switch_path_mixture_v1	1	phased_unphased_two_state_positive_dosages_v1	endpoint_excess_dosage_penalty_biological_alias_mass_v1:alpha=3	5c247107561660669e1e40fa17e9c74b9ce7f23c4cacc5cd6479e760fab68aab	region_local	3	0.4422207012432842	1	0.9999999744101855	0.4422207770514193	1	1.0	1.0	1.0	0.9139932628523576	0.9999999612854052	1.0	0	first_linear_segment_at_fitted_phi	0.9999999744101855	1.0	0	first_linear_segment_at_clustered_phi	8
exampleTumor1	m185	region1	clipp2_single_switch_path_mixture_v1	1	phased_unphased_two_state_positive_dosages_v1	endpoint_excess_dosage_penalty_biological_alias_mass_v1:alpha=3	5c247107561660669e1e40fa17e9c74b9ce7f23c4cacc5cd6479e760fab68aab	region_local	1	0.22324961291812453	0	0.9999999820400683	0.22324964683791199	0	2.0	1.0	0.46559310907204654	0.055039886808694184	1.4655931090720467	1.4655931090720467	1	second_linear_segment_at_fitted_phi	1.4655930911121149	1.465593117434067	1	second_linear_segment_at_clustered_phi	2
exampleTumor1	m185	region1	clipp2_single_switch_path_mixture_v1	1	phased_unphased_two_state_positive_dosages_v1	endpoint_excess_dosage_penalty_biological_alias_mass_v1:alpha=3	5c247107561660669e1e40fa17e9c74b9ce7f23c4cacc5cd6479e760fab68aab	region_local	2	0.22324961291812453	0	0.9999999820400683	0.22324966183253306	0	1.0	2.0	0.5344068909279536	0.055039886808694205	1.4655931090720464	1.4655931090720464	1	second_linear_segment_at_fitted_phi	1.4655930731521831	1.465593099474135	1	second_linear_segment_at_clustered_phi	2
exampleTumor1	m185	region1	clipp2_single_switch_path_mixture_v1	1	phased_unphased_two_state_positive_dosages_v1	endpoint_excess_dosage_penalty_biological_alias_mass_v1:alpha=3	5c247107561660669e1e40fa17e9c74b9ce7f23c4cacc5cd6479e760fab68aab	region_local	3	0.553500774163751	1	0.9999999820400683	0.5535006913295549	1	1.0	1.0	1.0	0.8899202263826116	1.0	1.0	0	switch_boundary_at_fitted_phi	0.9999999820400683	1.0	0	first_linear_segment_at_clustered_phi	8
exampleTumor1	m185	region2	clipp2_single_switch_path_mixture_v1	1	phased_unphased_two_state_positive_dosages_v1	endpoint_excess_dosage_penalty_biological_alias_mass_v1:alpha=3	5c247107561660669e1e40fa17e9c74b9ce7f23c4cacc5cd6479e760fab68aab	region_local	1	0.49691663550644305	0	0.9999999744101855	0.496916643653338	0	1.0	2.0	0.4432498707676336	0.04300336857382123	1.5567500518043953	1.5567501120723966	1	second_linear_segment_at_fitted_phi	1.5567500780527375	1.556750117889684	1	second_linear_segment_at_clustered_phi	2
exampleTumor1	m185	region2	clipp2_single_switch_path_mixture_v1	1	phased_unphased_two_state_positive_dosages_v1	endpoint_excess_dosage_penalty_biological_alias_mass_v1:alpha=3	5c247107561660669e1e40fa17e9c74b9ce7f23c4cacc5cd6479e760fab68aab	region_local	2	0.49691668872935646	1	0.9999999744101855	0.4969166788334905	1	2.0	1.0	0.5567501292323666	0.043003368573821206	1.556750090518381	1.556750150786384	1	second_linear_segment_at_fitted_phi	1.556750103642552	1.5567501434794992	1	second_linear_segment_at_clustered_phi	2
exampleTumor1	m185	region2	clipp2_single_switch_path_mixture_v1	1	phased_unphased_two_state_positive_dosages_v1	endpoint_excess_dosage_penalty_biological_alias_mass_v1:alpha=3	5c247107561660669e1e40fa17e9c74b9ce7f23c4cacc5cd6479e760fab68aab	region_local	3	0.006166675764200481	0	0.9999999744101855	0.006166677513171556	0	1.0	1.0	1.0	0.9139932628523576	0.9999999612860145	1.0	0	first_linear_segment_at_fitted_phi	0.9999999744101855	1.0	0	first_linear_segment_at_clustered_phi	8
exampleTumor1	m186	region1	clipp2_single_switch_path_mixture_v1	1	phased_unphased_two_state_positive_dosages_v1	endpoint_excess_dosage_penalty_biological_alias_mass_v1:alpha=3	5c247107561660669e1e40fa17e9c74b9ce7f23c4cacc5cd6479e760fab68aab	region_local	1	0.999964582555035	1	0.9999999820400683	0.9999645825779265	1	1.0	1.0	1.0	0.9757111023207368	0.9999999638949322	1.0	0	first_linear_segment_at_fitted_phi	0.9999999820400683	1.0	0	first_linear_segment_at_clustered_phi	2
exampleTumor1	m186	region1	clipp2_single_switch_path_mixture_v1	1	phased_unphased_two_state_positive_dosages_v1	endpoint_excess_dosage_penalty_biological_alias_mass_v1:alpha=3	5c247107561660669e1e40fa17e9c74b9ce7f23c4cacc5cd6479e760fab68aab	region_local	2	3.5417444965152435e-05	0	0.9999999820400683	3.5417422073574547e-05	0	2.0	2.0	1.0	0.02428889767926321	1.9999999277898644	2.0	1	first_linear_segment_at_fitted_phi	1.9999999640801367	2.0	1	first_linear_segment_at_clustered_phi	1
exampleTumor1	m186	region2	clipp2_single_switch_path_mixture_v1	1	phased_unphased_two_state_positive_dosages_v1	endpoint_excess_dosage_penalty_biological_alias_mass_v1:alpha=3	5c247107561660669e1e40fa17e9c74b9ce7f23c4cacc5cd6479e760fab68aab	region_local	1	0.9999995743342749	1	0.9999999744101855	0.9999995743345547	1	1.0	1.0	1.0	0.9757111023207368	0.9999999612842733	1.0	0	first_linear_segment_at_fitted_phi	0.9999999744101855	1.0	0	first_linear_segment_at_clustered_phi	2
exampleTumor1	m186	region2	clipp2_single_switch_path_mixture_v1	1	phased_unphased_two_state_positive_dosages_v1	endpoint_excess_dosage_penalty_biological_alias_mass_v1:alpha=3	5c247107561660669e1e40fa17e9c74b9ce7f23c4cacc5cd6479e760fab68aab	region_local	2	4.2566572519321486e-07	0	0.9999999744101855	4.256654453914556e-07	0	2.0	2.0	1.0	0.02428889767926321	1.9999999225685465	2.0	1	first_linear_segment_at_fitted_phi	1.999999948820371	2.0	1	first_linear_segment_at_clustered_phi	1
exampleTumor1	m187	region1	clipp2_single_switch_path_mixture_v1	1	phased_unphased_two_state_positive_dosages_v1	endpoint_excess_dosage_penalty_biological_alias_mass_v1:alpha=3	5c247107561660669e1e40fa17e9c74b9ce7f23c4cacc5cd6479e760fab68aab	region_local	1	5.5578849891786676e-05	0	0.9999999820400683	5.55788805198292e-05	0	1.0	1.0	1.0	0.9757111023207368	0.9999999639015907	1.0	0	first_linear_segment_at_fitted_phi	0.9999999820400683	1.0	0	first_linear_segment_at_clustered_phi	2
exampleTumor1	m187	region1	clipp2_single_switch_path_mixture_v1	1	phased_unphased_two_state_positive_dosages_v1	endpoint_excess_dosage_penalty_biological_alias_mass_v1:alpha=3	5c247107561660669e1e40fa17e9c74b9ce7f23c4cacc5cd6479e760fab68aab	region_local	2	0.9999444211501083	1	0.9999999820400683	0.9999444211194802	1	2.0	2.0	1.0	0.02428889767926321	1.9999999278031815	2.0	1	first_linear_segment_at_fitted_phi	1.9999999640801367	2.0	1	first_linear_segment_at_clustered_phi	1
exampleTumor1	m187	region2	clipp2_single_switch_path_mixture_v1	1	phased_unphased_two_state_positive_dosages_v1	endpoint_excess_dosage_penalty_biological_alias_mass_v1:alpha=3	5c247107561660669e1e40fa17e9c74b9ce7f23c4cacc5cd6479e760fab68aab	region_local	1	1.7614674515664111e-06	0	0.9999999744101855	1.7614682233370088e-06	0	1.0	1.0	1.0	0.9757111023207368	0.9999999612865865	1.0	0	first_linear_segment_at_fitted_phi	0.9999999744101855	1.0	0	first_linear_segment_at_clustered_phi	2
exampleTumor1	m187	region2	clipp2_single_switch_path_mixture_v1	1	phased_unphased_two_state_positive_dosages_v1	endpoint_excess_dosage_penalty_biological_alias_mass_v1:alpha=3	5c247107561660669e1e40fa17e9c74b9ce7f23c4cacc5cd6479e760fab68aab	region_local	2	0.9999982385325484	1	0.9999999744101855	0.9999982385317767	1	2.0	2.0	1.0	0.02428889767926321	1.999999922573173	2.0	1	first_linear_segment_at_fitted_phi	1.999999948820371	2.0	1	first_linear_segment_at_clustered_phi	1
exampleTumor1	m188	region1	clipp2_single_switch_path_mixture_v1	1	phased_unphased_two_state_positive_dosages_v1	endpoint_excess_dosage_penalty_biological_alias_mass_v1:alpha=3	5c247107561660669e1e40fa17e9c74b9ce7f23c4cacc5cd6479e760fab68aab	region_local	1	0.9954868729640965	1	0.9999999820400683	0.9954868700897991	1	1.0	1.0	1.0	0.9757111023207368	1.0	1.0	0	switch_boundary_at_fitted_phi	0.9999999820400683	1.0	0	first_linear_segment_at_clustered_phi	2
exampleTumor1	m188	region1	clipp2_single_switch_path_mixture_v1	1	phased_unphased_two_state_positive_dosages_v1	endpoint_excess_dosage_penalty_biological_alias_mass_v1:alpha=3	5c247107561660669e1e40fa17e9c74b9ce7f23c4cacc5cd6479e760fab68aab	region_local	2	0.004513127035903486	0	0.9999999820400683	0.004513129910200988	0	2.0	2.0	1.0	0.02428889767926321	2.0	2.0	1	switch_boundary_at_fitted_phi	1.9999999640801367	2.0	1	first_linear_segment_at_clustered_phi	1
exampleTumor1	m188	region2	clipp2_single_switch_path_mixture_v1	1	phased_unphased_two_state_positive_dosages_v1	endpoint_excess_dosage_penalty_biological_alias_mass_v1:alpha=3	5c247107561660669e1e40fa17e9c74b9ce7f23c4cacc5cd6479e760fab68aab	region_local	1	0.9813064620507239	1	0.9999999744101855	0.9813064426310526	1	1.0	1.0	1.0	0.9757111023207368	1.0	1.0	0	switch_boundary_at_fitted_phi	0.9999999744101855	1.0	0	first_linear_segment_at_clustered_phi	2
exampleTumor1	m188	region2	clipp2_single_switch_path_mixture_v1	1	phased_unphased_two_state_positive_dosages_v1	endpoint_excess_dosage_penalty_biological_alias_mass_v1:alpha=3	5c247107561660669e1e40fa17e9c74b9ce7f23c4cacc5cd6479e760fab68aab	region_local	2	0.018693537949276053	0	0.9999999744101855	0.018693557368947473	0	2.0	2.0	1.0	0.02428889767926321	2.0	2.0	1	switch_boundary_at_fitted_phi	1.999999948820371	2.0	1	first_linear_segment_at_clustered_phi	1
exampleTumor1	m189	region1	clipp2_single_switch_path_mixture_v1	1	phased_unphased_two_state_positive_dosages_v1	endpoint_excess_dosage_penalty_biological_alias_mass_v1:alpha=3	5c247107561660669e1e40fa17e9c74b9ce7f23c4cacc5cd6479e760fab68aab	region_local	1	0.4074745921003223	1	0.9999999820400683	0.40747456925580894	1	2.0	1.0	0.46559310907204654	0.055039886808694184	1.465593072971	1.4655931258804458	1	second_linear_segment_at_fitted_phi	1.4655930911121149	1.465593117434067	1	second_linear_segment_at_clustered_phi	2
exampleTumor1	m189	region1	clipp2_single_switch_path_mixture_v1	1	phased_unphased_two_state_positive_dosages_v1	endpoint_excess_dosage_penalty_biological_alias_mass_v1:alpha=3	5c247107561660669e1e40fa17e9c74b9ce7f23c4cacc5cd6479e760fab68aab	region_local	2	0.4074745854093103	0	0.9999999820400683	0.40747456592709863	0	1.0	2.0	0.5344068909279536	0.055039886808694205	1.4655930368699532	1.4655930897793976	1	second_linear_segment_at_fitted_phi	1.4655930731521831	1.465593099474135	1	second_linear_segment_at_clustered_phi	2
exampleTumor1	m189	region1	clipp2_single_switch_path_mixture_v1	1	phased_unphased_two_state_positive_dosages_v1	endpoint_excess_dosage_penalty_biological_alias_mass_v1:alpha=3	5c247107561660669e1e40fa17e9c74b9ce7f23c4cacc5cd6479e760fab68aab	region_local	3	0.18505082249036747	0	0.9999999820400683	0.18505086481709246	0	1.0	1.0	1.0	0.8899202263826116	0.9999999638989534	1.0	0	first_linear_segment_at_fitted_phi	0.9999999820400683	1.0	0	first_linear_segment_at_clustered_phi	8
exampleTumor1	m189	region2	clipp2_single_switch_path_mixture_v1	1	phased_unphased_two_state_positive_dosages_v1	endpoint_excess_dosage_penalty_biological_alias_mass_v1:alpha=3	5c247107561660669e1e40fa17e9c74b9ce7f23c4cacc5cd6479e760fab68aab	region_local	1	0.0003594730683499271	0	0.9999999744101855	0.0003594728884477245	0	1.0	2.0	0.4432498707676336	0.04300336857382123	1.556750051801419	1.5567501120717369	1	second_linear_segment_at_fitted_phi	1.5567500780527375	1.556750117889684	1	second_linear_segment_at_clustered_phi	2
exampleTumor1	m189	region2	clipp2_single_switch_path_mixture_v1	1	phased_unphased_two_state_positive_dosages_v1	endpoint_excess_dosage_penalty_biological_alias_mass_v1:alpha=3	5c247107561660669e1e40fa17e9c74b9ce7f23c4cacc5cd6479e760fab68aab	region_local	2	0.00035947281414007215	0	0.9999999744101855	0.00035947272042238126	0	2.0	1.0	0.5567501292323666	0.043003368573821206	1.556750090516893	1.5567501507872124	1	second_linear_segment_at_fitted_phi	1.556750103642552	1.5567501434794992	1	second_linear_segment_at_clustered_phi	2
exampleTumor1	m189	region2	clipp2_single_switch_path_mixture_v1	1	phased_unphased_two_state_positive_dosages_v1	endpoint_excess_dosage_penalty_biological_alias_mass_v1:alpha=3	5c247107561660669e1e40fa17e9c74b9ce7f23c4cacc5cd6479e760fab68aab	region_local	3	0.99928105411751	1	0.9999999744101855	0.9992810543911299	1	1.0	1.0	1.0	0.9139932628523576	0.9999999612845264	1.0	0	first_linear_segment_at_fitted_phi	0.9999999744101855	1.0	0	first_linear_segment_at_clustered_phi	8
exampleTumor1	m190	region1	clipp2_single_switch_path_mixture_v1	1	phased_unphased_two_state_positive_dosages_v1	endpoint_excess_dosage_penalty_biological_alias_mass_v1:alpha=3	5c247107561660669e1e40fa17e9c74b9ce7f23c4cacc5cd6479e760fab68aab	region_local	1	0.08238666724011541	0	0.9999999820400683	0.08238666000072825	0	2.0	1.0	0.18979727272857988	0.1102685636923483	1.1897972366251008	1.189797279580922	1	second_linear_segment_at_fitted_phi	1.1897972547686484	1.189797276137326	1	second_linear_segment_at_clustered_phi	2
exampleTumor1	m190	region1	clipp2_single_switch_path_mixture_v1	1	phased_unphased_two_state_positive_dosages_v1	endpoint_excess_dosage_penalty_biological_alias_mass_v1:alpha=3	5c247107561660669e1e40fa17e9c74b9ce7f23c4cacc5cd6479e760fab68aab	region_local	2	0.0823866819422465	0	0.9999999820400683	0.0823866673144079	0	1.0	2.0	0.8102027272714202	0.1102685636923483	1.189797200521622	1.1897972434774418	1	second_linear_segment_at_fitted_phi	1.1897972368087166	1.1897972581773941	1	second_linear_segment_at_clustered_phi	2
exampleTumor1	m190	region1	clipp2_single_switch_path_mixture_v1	1	phased_unphased_two_state_positive_dosages_v1	endpoint_excess_dosage_penalty_biological_alias_mass_v1:alpha=3	5c247107561660669e1e40fa17e9c74b9ce7f23c4cacc5cd6479e760fab68aab	region_local	3	0.8352266508176381	1	0.9999999820400683	0.835226672684864	1	1.0	1.0	1.0	0.7794628726153034	0.999999963896521	1.0	0	first_linear_segment_at_fitted_phi	0.9999999820400683	1.0	0	first_linear_segment_at_clustered_phi	8
exampleTumor1	m190	region2	clipp2_single_switch_path_mixture_v1	1	phased_unphased_two_state_positive_dosages_v1	endpoint_excess_dosage_penalty_biological_alias_mass_v1:alpha=3	5c247107561660669e1e40fa17e9c74b9ce7f23c4cacc5cd6479e760fab68aab	region_local	1	0.011230667570645638	0	0.9999999744101855	0.011230665409902972	0	2.0	1.0	0.320738881115505	0.08019266527581756	1.3207388424004058	1.320738893532943	1	second_linear_segment_at_fitted_phi	1.3207388555256907	1.320738889323154	1	second_linear_segment_at_clustered_phi	2
exampleTumor1	m190	region2	clipp2_single_switch_path_mixture_v1	1	phased_unphased_two_state_positive_dosages_v1	endpoint_excess_dosage_penalty_biological_alias_mass_v1:alpha=3	5c247107561660669e1e40fa17e9c74b9ce7f23c4cacc5cd6479e760fab68aab	region_local	2	0.011230673626807212	0	0.9999999744101855	0.01123066941288942	0	1.0	2.0	0.6792611188844951	0.08019266527581756	1.3207388036853067	1.3207388548178425	1	second_linear_segment_at_fitted_phi	1.320738829935876	1.3207388637333386	1	second_linear_segment_at_clustered_phi	2
exampleTumor1	m190	region2	clipp2_single_switch_path_mixture_v1	1	phased_unphased_two_state_positive_dosages_v1	endpoint_excess_dosage_penalty_biological_alias_mass_v1:alpha=3	5c247107561660669e1e40fa17e9c74b9ce7f23c4cacc5cd6479e760fab68aab	region_local	3	0.9775386588025472	1	0.9999999744101855	0.9775386651772077	1	1.0	1.0	1.0	0.8396146694483648	0.9999999612849009	1.0	0	first_linear_segment_at_fitted_phi	0.9999999744101855	1.0	0	first_linear_segment_at_clustered_phi	8
exampleTumor1	m191	region1	clipp2_single_switch_path_mixture_v1	1	phased_unphased_two_state_positive_dosages_v1	endpoint_excess_dosage_penalty_biological_alias_mass_v1:alpha=3	5c247107561660669e1e40fa17e9c74b9ce7f23c4cacc5cd6479e760fab68aab	region_local	1	0.9998960882949548	1	0.4644698459572693	0.9998960882123545	1	1.0	1.0	1.0	0.9757111023207368	0.4644698782043026	1.0	0	first_linear_segment_at_fitted_phi	0.4644698459572693	1.0	0	first_linear_segment_at_clustered_phi	2
exampleTumor1	m191	region1	clipp2_single_switch_path_mixture_v1	1	phased_unphased_two_state_positive_dosages_v1	endpoint_excess_dosage_penalty_biological_alias_mass_v1:alpha=3	5c247107561660669e1e40fa17e9c74b9ce7f23c4cacc5cd6479e760fab68aab	region_local	2	0.00010391170504525386	0	0.4644698459572693	0.00010391178764548539	0	2.0	2.0	1.0	0.02428889767926321	0.9289397564086052	2.0	1	first_linear_segment_at_fitted_phi	0.9289396919145386	2.0	1	first_linear_segment_at_clustered_phi	1
exampleTumor1	m191	region2	clipp2_single_switch_path_mixture_v1	1	phased_unphased_two_state_positive_dosages_v1	endpoint_excess_dosage_penalty_biological_alias_mass_v1:alpha=3	5c247107561660669e1e40fa17e9c74b9ce7f23c4cacc5cd6479e760fab68aab	region_local	1	0.9993660053936378	1	0.5783395130938829	0.9993660056412925	1	1.0	1.0	1.0	0.9757111023207368	0.5783395035384664	1.0	0	first_linear_segment_at_fitted_phi	0.5783395130938829	1.0	0	first_linear_segment_at_clustered_phi	2
exampleTumor1	m191	region2	clipp2_single_switch_path_mixture_v1	1	phased_unphased_two_state_positive_dosages_v1	endpoint_excess_dosage_penalty_biological_alias_mass_v1:alpha=3	5c247107561660669e1e40fa17e9c74b9ce7f23c4cacc5cd6479e760fab68aab	region_local	2	0.0006339946063621998	0	0.5783395130938829	0.0006339943587075276	0	2.0	2.0	1.0	0.02428889767926321	1.1566790070769328	2.0	1	first_linear_segment_at_fitted_phi	1.1566790261877657	2.0	1	first_linear_segment_at_clustered_phi	1
exampleTumor1	m192	region1	clipp2_single_switch_path_mixture_v1	1	phased_unphased_two_state_positive_dosages_v1	endpoint_excess_dosage_penalty_biological_alias_mass_v1:alpha=3	5c247107561660669e1e40fa17e9c74b9ce7f23c4cacc5cd6479e760fab68aab	region_local	1	1.5932947802458895e-05	0	0.4644698459572693	1.5932965276912315e-05	0	2.0	1.0	0.46559310907204654	0.055039886808694184	0.9289397634794475	2.0	1	first_linear_segment_at_fitted_phi	0.9289396919145386	2.0	1	first_linear_segment_at_clustered_phi	2
exampleTumor1	m192	region1	clipp2_single_switch_path_mixture_v1	1	phased_unphased_two_state_positive_dosages_v1	endpoint_excess_dosage_penalty_biological_alias_mass_v1:alpha=3	5c247107561660669e1e40fa17e9c74b9ce7f23c4cacc5cd6479e760fab68aab	region_local	2	0.05824479688901746	0	0.4644698459572693	0.05824479688799965	0	1.0	2.0	0.5344068909279536	0.055039886808694205	0.46446988173972376	1.0	0	first_linear_segment_at_fitted_phi	0.4644698459572693	1.0	0	first_linear_segment_at_clustered_phi	2
exampleTumor1	m192	region1	clipp2_single_switch_path_mixture_v1	1	phased_unphased_two_state_positive_dosages_v1	endpoint_excess_dosage_penalty_biological_alias_mass_v1:alpha=3	5c247107561660669e1e40fa17e9c74b9ce7f23c4cacc5cd6479e760fab68aab	region_local	3	0.9417392701631802	1	0.4644698459572693	0.9417392701467235	1	1.0	1.0	1.0	0.8899202263826116	0.46446988173972376	1.0	0	first_linear_segment_at_fitted_phi	0.4644698459572693	1.0	0	first_linear_segment_at_clustered_phi	8
exampleTumor1	m192	region2	clipp2_single_switch_path_mixture_v1	1	phased_unphased_two_state_positive_dosages_v1	endpoint_excess_dosage_penalty_biological_alias_mass_v1:alpha=3	5c247107561660669e1e40fa17e9c74b9ce7f23c4cacc5cd6479e760fab68aab	region_local	1	0.031120201717439955	0	0.5783395130938829	0.03112020019753044	0	1.0	2.0	0.4432498707676336	0.04300336857382123	0.7134291477410168	1.2335818949337696	1	second_linear_segment_at_fitted_phi	0.7134291554201322	1.2335819000219685	1	second_linear_segment_at_clustered_phi	2
exampleTumor1	m192	region2	clipp2_single_switch_path_mixture_v1	1	phased_unphased_two_state_positive_dosages_v1	endpoint_excess_dosage_penalty_biological_alias_mass_v1:alpha=3	5c247107561660669e1e40fa17e9c74b9ce7f23c4cacc5cd6479e760fab68aab	region_local	2	9.02355523611892e-05	0	0.5783395130938829	9.023554509498401e-05	0	2.0	1.0	0.5567501292323666	0.043003368573821206	1.1350896384866918	1.9626700585443408	1	second_linear_segment_at_fitted_phi	1.1350896423262493	1.9626700521532379	1	second_linear_segment_at_clustered_phi	2
exampleTumor1	m192	region2	clipp2_single_switch_path_mixture_v1	1	phased_unphased_two_state_positive_dosages_v1	endpoint_excess_dosage_penalty_biological_alias_mass_v1:alpha=3	5c247107561660669e1e40fa17e9c74b9ce7f23c4cacc5cd6479e760fab68aab	region_local	3	0.9687895627301989	1	0.5783395130938829	0.9687895642573746	1	1.0	1.0	1.0	0.9139932628523576	0.5783395092543252	1.0	0	first_linear_segment_at_fitted_phi	0.5783395130938829	1.0	0	first_linear_segment_at_clustered_phi	8
exampleTumor1	m193	region1	clipp2_single_switch_path_mixture_v1	1	phased_unphased_two_state_positive_dosages_v1	endpoint_excess_dosage_penalty_biological_alias_mass_v1:alpha=3	5c247107561660669e1e40fa17e9c74b9ce7f23c4cacc5cd6479e760fab68aab	region_local	1	0.44566318353166073	0	0.9999999820400683	0.4456632045367161	1	2.0	1.0	0.46559310907204654	0.055039886808694184	1.4655931090720467	1.4655931090720467	1	second_linear_segment_at_fitted_phi	1.4655930911121149	1.465593117434067	1	second_linear_segment_at_clustered_phi	2
exampleTumor1	m193	region1	clipp2_single_switch_path_mixture_v1	1	phased_unphased_two_state_positive_dosages_v1	endpoint_excess_dosage_penalty_biological_alias_mass_v1:alpha=3	5c247107561660669e1e40fa17e9c74b9ce7f23c4cacc5cd6479e760fab68aab	region_local	2	0.4456631835316639	1	0.9999999820400683	0.44566318579529435	0	1.0	2.0	0.5344068909279536	0.055039886808694205	1.4655931090720464	1.4655931090720464	1	second_linear_segment_at_fitted_phi	1.4655930731521831	1.465593099474135	1	second_linear_segment_at_clustered_phi	2
exampleTumor1	m193	region1	clipp2_single_switch_path_mixture_v1	1	phased_unphased_two_state_positive_dosages_v1	endpoint_excess_dosage_penalty_biological_alias_mass_v1:alpha=3	5c247107561660669e1e40fa17e9c74b9ce7f23c4cacc5cd6479e760fab68aab	region_local	3	0.10867363293667526	0	0.9999999820400683	0.10867360966798952	0	1.0	1.0	1.0	0.8899202263826116	1.0	1.0	0	switch_boundary_at_fitted_phi	0.9999999820400683	1.0	0	first_linear_segment_at_clustered_phi	8
exampleTumor1	m193	region2	clipp2_single_switch_path_mixture_v1	1	phased_unphased_two_state_positive_dosages_v1	endpoint_excess_dosage_penalty_biological_alias_mass_v1:alpha=3	5c247107561660669e1e40fa17e9c74b9ce7f23c4cacc5cd6479e760fab68aab	region_local	1	0.4493683615637046	1	0.9999999744101855	0.4493683401971644	1	1.0	2.0	0.4432498707676336	0.04300336857382123	1.5567500518042718	1.5567501120723692	1	second_linear_segment_at_fitted_phi	1.5567500780527375	1.556750117889684	1	second_linear_segment_at_clustered_phi	2
exampleTumor1	m193	region2	clipp2_single_switch_path_mixture_v1	1	phased_unphased_two_state_positive_dosages_v1	endpoint_excess_dosage_penalty_biological_alias_mass_v1:alpha=3	5c247107561660669e1e40fa17e9c74b9ce7f23c4cacc5cd6479e760fab68aab	region_local	2	0.4493683200391576	0	0.9999999744101855	0.44936831274960587	0	2.0	1.0	0.5567501292323666	0.043003368573821206	1.5567500905183194	1.556750150786418	1	second_linear_segment_at_fitted_phi	1.556750103642552	1.5567501434794992	1	second_linear_segment_at_clustered_phi	2
exampleTumor1	m193	region2	clipp2_single_switch_path_mixture_v1	1	phased_unphased_two_state_positive_dosages_v1	endpoint_excess_dosage_penalty_biological_alias_mass_v1:alpha=3	5c247107561660669e1e40fa17e9c74b9ce7f23c4cacc5cd6479e760fab68aab	region_local	3	0.10126331839713784	0	0.9999999744101855	0.1012633470532298	0	1.0	1.0	1.0	0.9139932628523576	0.9999999612859528	1.0	0	first_linear_segment_at_fitted_phi	0.9999999744101855	1.0	0	first_linear_segment_at_clustered_phi	8
exampleTumor1	m194	region1	clipp2_single_switch_path_mixture_v1	1	phased_unphased_two_state_positive_dosages_v1	endpoint_excess_dosage_penalty_biological_alias_mass_v1:alpha=3	5c247107561660669e1e40fa17e9c74b9ce7f23c4cacc5cd6479e760fab68aab	region_local	1	0.9906535164311625	1	0.4644698459572693	0.9906535228188824	1	1.0	1.0	1.0	0.9757111023207368	0.46446982223202016	1.0	0	first_linear_segment_at_fitted_phi	0.4644698459572693	1.0	0	first_linear_segment_at_clustered_phi	2
exampleTumor1	m194	region1	clipp2_single_switch_path_mixture_v1	1	phased_unphased_two_state_positive_dosages_v1	endpoint_excess_dosage_penalty_biological_alias_mass_v1:alpha=3	5c247107561660669e1e40fa17e9c74b9ce7f23c4cacc5cd6479e760fab68aab	region_local	2	0.009346483568837561	0	0.4644698459572693	0.009346477181117623	0	2.0	2.0	1.0	0.02428889767926321	0.9289396444640403	2.0	1	first_linear_segment_at_fitted_phi	0.9289396919145386	2.0	1	first_linear_segment_at_clustered_phi	1
exampleTumor1	m194	region2	clipp2_single_switch_path_mixture_v1	1	phased_unphased_two_state_positive_dosages_v1	endpoint_excess_dosage_penalty_biological_alias_mass_v1:alpha=3	5c247107561660669e1e40fa17e9c74b9ce7f23c4cacc5cd6479e760fab68aab	region_local	1	0.9996919803408884	1	0.5783395130938829	0.9996919803520103	1	1.0	1.0	1.0	0.9757111023207368	0.5783395121398639	1.0	0	first_linear_segment_at_fitted_phi	0.5783395130938829	1.0	0	first_linear_segment_at_clustered_phi	2
exampleTumor1	m194	region2	clipp2_single_switch_path_mixture_v1	1	phased_unphased_two_state_positive_dosages_v1	endpoint_excess_dosage_penalty_biological_alias_mass_v1:alpha=3	5c247107561660669e1e40fa17e9c74b9ce7f23c4cacc5cd6479e760fab68aab	region_local	2	0.00030801965911155747	0	0.5783395130938829	0.0003080196479896342	0	2.0	2.0	1.0	0.02428889767926321	1.1566790242797278	2.0	1	first_linear_segment_at_fitted_phi	1.1566790261877657	2.0	1	first_linear_segment_at_clustered_phi	1
exampleTumor1	m195	region1	clipp2_single_switch_path_mixture_v1	1	phased_unphased_two_state_positive_dosages_v1	endpoint_excess_dosage_penalty_biological_alias_mass_v1:alpha=3	5c247107561660669e1e40fa17e9c74b9ce7f23c4cacc5cd6479e760fab68aab	region_local	1	0.99996497241775	1	0.9999999820400683	0.9999649724397237	1	1.0	1.0	1.0	0.9757111023207368	0.999999963894863	1.0	0	first_linear_segment_at_fitted_phi	0.9999999820400683	1.0	0	first_linear_segment_at_clustered_phi	2
exampleTumor1	m195	region1	clipp2_single_switch_path_mixture_v1	1	phased_unphased_two_state_positive_dosages_v1	endpoint_excess_dosage_penalty_biological_alias_mass_v1:alpha=3	5c247107561660669e1e40fa17e9c74b9ce7f23c4cacc5cd6479e760fab68aab	region_local	2	3.502758225008156e-05	0	0.9999999820400683	3.502756027626396e-05	0	2.0	2.0	1.0	0.02428889767926321	1.999999927789726	2.0	1	first_linear_segment_at_fitted_phi	1.9999999640801367	2.0	1	first_linear_segment_at_clustered_phi	1
exampleTumor1	m195	region2	clipp2_single_switch_path_mixture_v1	1	phased_unphased_two_state_positive_dosages_v1	endpoint_excess_dosage_penalty_biological_alias_mass_v1:alpha=3	5c247107561660669e1e40fa17e9c74b9ce7f23c4cacc5cd6479e760fab68aab	region_local	1	0.9999999998364363	1	0.9999999744101855	0.9999999998364361	1	1.0	1.0	1.0	0.9757111023207368	1.0	1.0	0	switch_boundary_at_fitted_phi	0.9999999744101855	1.0	0	first_linear_segment_at_clustered_phi	2
exampleTumor1	m195	region2	clipp2_single_switch_path_mixture_v1	1	phased_unphased_two_state_positive_dosages_v1	endpoint_excess_dosage_penalty_biological_alias_mass_v1:alpha=3	5c247107561660669e1e40fa17e9c74b9ce7f23c4cacc5cd6479e760fab68aab	region_local	2	1.6356374898809694e-10	0	0.9999999744101855	1.6356397986026988e-10	0	2.0	2.0	1.0	0.02428889767926321	2.0	2.0	1	switch_boundary_at_fitted_phi	1.999999948820371	2.0	1	first_linear_segment_at_clustered_phi	1
exampleTumor1	m196	region1	clipp2_single_switch_path_mixture_v1	1	phased_unphased_two_state_positive_dosages_v1	endpoint_excess_dosage_penalty_biological_alias_mass_v1:alpha=3	5c247107561660669e1e40fa17e9c74b9ce7f23c4cacc5cd6479e760fab68aab	region_local	1	6.871214199008076e-06	0	0.9999999820400683	6.8712181161654014e-06	0	1.0	1.0	1.0	0.9757111023207368	0.9999999639022815	1.0	0	first_linear_segment_at_fitted_phi	0.9999999820400683	1.0	0	first_linear_segment_at_clustered_phi	2
exampleTumor1	m196	region1	clipp2_single_switch_path_mixture_v1	1	phased_unphased_two_state_positive_dosages_v1	endpoint_excess_dosage_penalty_biological_alias_mass_v1:alpha=3	5c247107561660669e1e40fa17e9c74b9ce7f23c4cacc5cd6479e760fab68aab	region_local	2	0.999993128785801	1	0.9999999820400683	0.9999931287818837	1	2.0	2.0	1.0	0.02428889767926321	1.999999927804563	2.0	1	first_linear_segment_at_fitted_phi	1.9999999640801367	2.0	1	first_linear_segment_at_clustered_phi	1
exampleTumor1	m196	region2	clipp2_single_switch_path_mixture_v1	1	phased_unphased_two_state_positive_dosages_v1	endpoint_excess_dosage_penalty_biological_alias_mass_v1:alpha=3	5c247107561660669e1e40fa17e9c74b9ce7f23c4cacc5cd6479e760fab68aab	region_local	1	1.513844440759406e-08	0	0.9999999744101855	1.513843231776503e-08	0	1.0	1.0	1.0	0.9757111023207368	1.0	1.0	0	switch_boundary_at_fitted_phi	0.9999999744101855	1.0	0	first_linear_segment_at_clustered_phi	2
exampleTumor1	m196	region2	clipp2_single_switch_path_mixture_v1	1	phased_unphased_two_state_positive_dosages_v1	endpoint_excess_dosage_penalty_biological_alias_mass_v1:alpha=3	5c247107561660669e1e40fa17e9c74b9ce7f23c4cacc5cd6479e760fab68aab	region_local	2	0.9999999848615556	1	0.9999999744101855	0.9999999848615677	1	2.0	2.0	1.0	0.02428889767926321	2.0	2.0	1	switch_boundary_at_fitted_phi	1.999999948820371	2.0	1	first_linear_segment_at_clustered_phi	1
exampleTumor1	m197	region1	clipp2_single_switch_path_mixture_v1	1	phased_unphased_two_state_positive_dosages_v1	endpoint_excess_dosage_penalty_biological_alias_mass_v1:alpha=3	5c247107561660669e1e40fa17e9c74b9ce7f23c4cacc5cd6479e760fab68aab	region_local	1	0.022365777296606305	0	0.9999999820400683	0.02236577946441299	0	2.0	1.0	0.18979727272857988	0.1102685636923483	1.1897972727285797	1.1897972727285797	1	second_linear_segment_at_fitted_phi	1.1897972547686484	1.189797276137326	1	second_linear_segment_at_clustered_phi	2
exampleTumor1	m197	region1	clipp2_single_switch_path_mixture_v1	1	phased_unphased_two_state_positive_dosages_v1	endpoint_excess_dosage_penalty_biological_alias_mass_v1:alpha=3	5c247107561660669e1e40fa17e9c74b9ce7f23c4cacc5cd6479e760fab68aab	region_local	2	0.022365777296606305	0	0.9999999820400683	0.02236578443281618	0	1.0	2.0	0.8102027272714202	0.1102685636923483	1.1897972727285797	1.1897972727285797	1	second_linear_segment_at_fitted_phi	1.1897972368087166	1.1897972581773941	1	second_linear_segment_at_clustered_phi	2
exampleTumor1	m197	region1	clipp2_single_switch_path_mixture_v1	1	phased_unphased_two_state_positive_dosages_v1	endpoint_excess_dosage_penalty_biological_alias_mass_v1:alpha=3	5c247107561660669e1e40fa17e9c74b9ce7f23c4cacc5cd6479e760fab68aab	region_local	3	0.9552684454067875	1	0.9999999820400683	0.9552684361027709	1	1.0	1.0	1.0	0.7794628726153034	1.0	1.0	0	switch_boundary_at_fitted_phi	0.9999999820400683	1.0	0	first_linear_segment_at_clustered_phi	8
exampleTumor1	m197	region2	clipp2_single_switch_path_mixture_v1	1	phased_unphased_two_state_positive_dosages_v1	endpoint_excess_dosage_penalty_biological_alias_mass_v1:alpha=3	5c247107561660669e1e40fa17e9c74b9ce7f23c4cacc5cd6479e760fab68aab	region_local	1	0.02714609863850669	0	0.9999999744101855	0.027146094169989053	0	2.0	1.0	0.320738881115505	0.08019266527581756	1.3207388424003965	1.3207388935329463	1	second_linear_segment_at_fitted_phi	1.3207388555256907	1.320738889323154	1	second_linear_segment_at_clustered_phi	2
exampleTumor1	m197	region2	clipp2_single_switch_path_mixture_v1	1	phased_unphased_two_state_positive_dosages_v1	endpoint_excess_dosage_penalty_biological_alias_mass_v1:alpha=3	5c247107561660669e1e40fa17e9c74b9ce7f23c4cacc5cd6479e760fab68aab	region_local	2	0.027146109447774416	0	0.9999999744101855	0.027146101314670514	0	1.0	2.0	0.6792611188844951	0.08019266527581756	1.3207388036852876	1.3207388548178358	1	second_linear_segment_at_fitted_phi	1.320738829935876	1.3207388637333386	1	second_linear_segment_at_clustered_phi	2
exampleTumor1	m197	region2	clipp2_single_switch_path_mixture_v1	1	phased_unphased_two_state_positive_dosages_v1	endpoint_excess_dosage_penalty_biological_alias_mass_v1:alpha=3	5c247107561660669e1e40fa17e9c74b9ce7f23c4cacc5cd6479e760fab68aab	region_local	3	0.9457077919137189	1	0.9999999744101855	0.9457078045153405	1	1.0	1.0	1.0	0.8396146694483648	0.9999999612848914	1.0	0	first_linear_segment_at_fitted_phi	0.9999999744101855	1.0	0	first_linear_segment_at_clustered_phi	8
exampleTumor1	m198	region1	clipp2_single_switch_path_mixture_v1	1	phased_unphased_two_state_positive_dosages_v1	endpoint_excess_dosage_penalty_biological_alias_mass_v1:alpha=3	5c247107561660669e1e40fa17e9c74b9ce7f23c4cacc5cd6479e760fab68aab	region_local	1	0.0696839430777641	0	0.9999999820400683	0.06968389977346394	0	1.0	1.0	1.0	0.9757111023207368	1.0	1.0	0	switch_boundary_at_fitted_phi	0.9999999820400683	1.0	0	first_linear_segment_at_clustered_phi	2
exampleTumor1	m198	region1	clipp2_single_switch_path_mixture_v1	1	phased_unphased_two_state_positive_dosages_v1	endpoint_excess_dosage_penalty_biological_alias_mass_v1:alpha=3	5c247107561660669e1e40fa17e9c74b9ce7f23c4cacc5cd6479e760fab68aab	region_local	2	0.9303160569222358	1	0.9999999820400683	0.9303161002265361	1	2.0	2.0	1.0	0.02428889767926321	2.0	2.0	1	switch_boundary_at_fitted_phi	1.9999999640801367	2.0	1	first_linear_segment_at_clustered_phi	1
exampleTumor1	m198	region2	clipp2_single_switch_path_mixture_v1	1	phased_unphased_two_state_positive_dosages_v1	endpoint_excess_dosage_penalty_biological_alias_mass_v1:alpha=3	5c247107561660669e1e40fa17e9c74b9ce7f23c4cacc5cd6479e760fab68aab	region_local	1	4.032195765039795e-05	0	0.9999999744101855	4.03219737805573e-05	0	1.0	1.0	1.0	0.9757111023207368	0.9999999612863223	1.0	0	first_linear_segment_at_fitted_phi	0.9999999744101855	1.0	0	first_linear_segment_at_clustered_phi	2
exampleTumor1	m198	region2	clipp2_single_switch_path_mixture_v1	1	phased_unphased_two_state_positive_dosages_v1	endpoint_excess_dosage_penalty_biological_alias_mass_v1:alpha=3	5c247107561660669e1e40fa17e9c74b9ce7f23c4cacc5cd6479e760fab68aab	region_local	2	0.9999596780423496	1	0.9999999744101855	0.9999596780262194	1	2.0	2.0	1.0	0.02428889767926321	1.9999999225726446	2.0	1	first_linear_segment_at_fitted_phi	1.999999948820371	2.0	1	first_linear_segment_at_clustered_phi	1
exampleTumor1	m199	region1	clipp2_single_switch_path_mixture_v1	1	phased_unphased_two_state_positive_dosages_v1	endpoint_excess_dosage_penalty_biological_alias_mass_v1:alpha=3	5c247107561660669e1e40fa17e9c74b9ce7f23c4cacc5cd6479e760fab68aab	region_local	1	0.48318505172261556	1	0.9999999820400683	0.4831850733966808	1	2.0	1.0	0.46559310907204654	0.055039886808694184	1.4655931090720467	1.4655931090720467	1	second_linear_segment_at_fitted_phi	1.4655930911121149	1.465593117434067	1	second_linear_segment_at_clustered_phi	2
exampleTumor1	m199	region1	clipp2_single_switch_path_mixture_v1	1	phased_unphased_two_state_positive_dosages_v1	endpoint_excess_dosage_penalty_biological_alias_mass_v1:alpha=3	5c247107561660669e1e40fa17e9c74b9ce7f23c4cacc5cd6479e760fab68aab	region_local	2	0.48318505172261556	0	0.9999999820400683	0.4831850387113535	0	1.0	2.0	0.5344068909279536	0.055039886808694205	1.4655931090720464	1.4655931090720464	1	second_linear_segment_at_fitted_phi	1.4655930731521831	1.465593099474135	1	second_linear_segment_at_clustered_phi	2
exampleTumor1	m199	region1	clipp2_single_switch_path_mixture_v1	1	phased_unphased_two_state_positive_dosages_v1	endpoint_excess_dosage_penalty_biological_alias_mass_v1:alpha=3	5c247107561660669e1e40fa17e9c74b9ce7f23c4cacc5cd6479e760fab68aab	region_local	3	0.03362989655476885	0	0.9999999820400683	0.03362988789196569	0	1.0	1.0	1.0	0.8899202263826116	1.0	1.0	0	switch_boundary_at_fitted_phi	0.9999999820400683	1.0	0	first_linear_segment_at_clustered_phi	8
exampleTumor1	m199	region2	clipp2_single_switch_path_mixture_v1	1	phased_unphased_two_state_positive_dosages_v1	endpoint_excess_dosage_penalty_biological_alias_mass_v1:alpha=3	5c247107561660669e1e40fa17e9c74b9ce7f23c4cacc5cd6479e760fab68aab	region_local	1	0.4999084104439289	1	0.9999999744101855	0.49990835505349573	0	1.0	2.0	0.4432498707676336	0.04300336857382123	1.5567501292323664	1.5567501292323664	1	second_linear_segment_at_fitted_phi	1.5567500780527375	1.556750117889684	1	second_linear_segment_at_clustered_phi	2
exampleTumor1	m199	region2	clipp2_single_switch_path_mixture_v1	1	phased_unphased_two_state_positive_dosages_v1	endpoint_excess_dosage_penalty_biological_alias_mass_v1:alpha=3	5c247107561660669e1e40fa17e9c74b9ce7f23c4cacc5cd6479e760fab68aab	region_local	2	0.4999084104439289	0	0.9999999744101855	0.4999084659279208	1	2.0	1.0	0.5567501292323666	0.043003368573821206	1.5567501292323667	1.5567501292323667	1	second_linear_segment_at_fitted_phi	1.556750103642552	1.5567501434794992	1	second_linear_segment_at_clustered_phi	2
exampleTumor1	m199	region2	clipp2_single_switch_path_mixture_v1	1	phased_unphased_two_state_positive_dosages_v1	endpoint_excess_dosage_penalty_biological_alias_mass_v1:alpha=3	5c247107561660669e1e40fa17e9c74b9ce7f23c4cacc5cd6479e760fab68aab	region_local	3	0.00018317911214215025	0	0.9999999744101855	0.0001831790185833957	0	1.0	1.0	1.0	0.9139932628523576	1.0	1.0	0	switch_boundary_at_fitted_phi	0.9999999744101855	1.0	0	first_linear_segment_at_clustered_phi	8
exampleTumor1	m200	region1	clipp2_single_switch_path_mixture_v1	1	phased_unphased_two_state_positive_dosages_v1	endpoint_excess_dosage_penalty_biological_alias_mass_v1:alpha=3	5c247107561660669e1e40fa17e9c74b9ce7f23c4cacc5cd6479e760fab68aab	region_local	1	0.9901964442469467	1	0.4644698459572693	0.9901964487902563	1	1.0	1.0	1.0	0.9757111023207368	0.46446982873891596	1.0	0	first_linear_segment_at_fitted_phi	0.4644698459572693	1.0	0	first_linear_segment_at_clustered_phi	2
exampleTumor1	m200	region1	clipp2_single_switch_path_mixture_v1	1	phased_unphased_two_state_positive_dosages_v1	endpoint_excess_dosage_penalty_biological_alias_mass_v1:alpha=3	5c247107561660669e1e40fa17e9c74b9ce7f23c4cacc5cd6479e760fab68aab	region_local	2	0.009803555753053216	0	0.4644698459572693	0.00980355120974379	0	2.0	2.0	1.0	0.02428889767926321	0.9289396574778319	2.0	1	first_linear_segment_at_fitted_phi	0.9289396919145386	2.0	1	first_linear_segment_at_clustered_phi	1
exampleTumor1	m200	region2	clipp2_single_switch_path_mixture_v1	1	phased_unphased_two_state_positive_dosages_v1	endpoint_excess_dosage_penalty_biological_alias_mass_v1:alpha=3	5c247107561660669e1e40fa17e9c74b9ce7f23c4cacc5cd6479e760fab68aab	region_local	1	0.9999938059797207	1	0.5783395130938829	0.9999938059788215	1	1.0	1.0	1.0	0.9757111023207368	0.5783395164295684	1.0	0	first_linear_segment_at_fitted_phi	0.5783395130938829	1.0	0	first_linear_segment_at_clustered_phi	2
exampleTumor1	m200	region2	clipp2_single_switch_path_mixture_v1	1	phased_unphased_two_state_positive_dosages_v1	endpoint_excess_dosage_penalty_biological_alias_mass_v1:alpha=3	5c247107561660669e1e40fa17e9c74b9ce7f23c4cacc5cd6479e760fab68aab	region_local	2	6.1940202794002145e-06	0	0.5783395130938829	6.1940211785127606e-06	0	2.0	2.0	1.0	0.02428889767926321	1.1566790328591368	2.0	1	first_linear_segment_at_fitted_phi	1.1566790261877657	2.0	1	first_linear_segment_at_clustered_phi	1
exampleTumor1	m201	region1	clipp2_single_switch_path_mixture_v1	1	phased_unphased_two_state_positive_dosages_v1	endpoint_excess_dosage_penalty_biological_alias_mass_v1:alpha=3	5c247107561660669e1e40fa17e9c74b9ce7f23c4cacc5cd6479e760fab68aab	region_local	1	5.557884989190435e-05	0	0.9999999820400683	5.55788805198292e-05	0	1.0	1.0	1.0	0.9757111023207368	0.99999996390166	1.0	0	first_linear_segment_at_fitted_phi	0.9999999820400683	1.0	0	first_linear_segment_at_clustered_phi	2
exampleTumor1	m201	region1	clipp2_single_switch_path_mixture_v1	1	phased_unphased_two_state_positive_dosages_v1	endpoint_excess_dosage_penalty_biological_alias_mass_v1:alpha=3	5c247107561660669e1e40fa17e9c74b9ce7f23c4cacc5cd6479e760fab68aab	region_local	2	0.9999444211501081	1	0.9999999820400683	0.9999444211194802	1	2.0	2.0	1.0	0.02428889767926321	1.99999992780332	2.0	1	first_linear_segment_at_fitted_phi	1.9999999640801367	2.0	1	first_linear_segment_at_clustered_phi	1
exampleTumor1	m201	region2	clipp2_single_switch_path_mixture_v1	1	phased_unphased_two_state_positive_dosages_v1	endpoint_excess_dosage_penalty_biological_alias_mass_v1:alpha=3	5c247107561660669e1e40fa17e9c74b9ce7f23c4cacc5cd6479e760fab68aab	region_local	1	4.097301384339581e-07	0	0.9999999744101855	4.0972982643578295e-07	0	1.0	1.0	1.0	0.9757111023207368	1.0	1.0	0	switch_boundary_at_fitted_phi	0.9999999744101855	1.0	0	first_linear_segment_at_clustered_phi	2
exampleTumor1	m201	region2	clipp2_single_switch_path_mixture_v1	1	phased_unphased_two_state_positive_dosages_v1	endpoint_excess_dosage_penalty_biological_alias_mass_v1:alpha=3	5c247107561660669e1e40fa17e9c74b9ce7f23c4cacc5cd6479e760fab68aab	region_local	2	0.9999995902698615	1	0.9999999744101855	0.9999995902701736	1	2.0	2.0	1.0	0.02428889767926321	2.0	2.0	1	switch_boundary_at_fitted_phi	1.999999948820371	2.0	1	first_linear_segment_at_clustered_phi	1
exampleTumor1	m202	region1	clipp2_single_switch_path_mixture_v1	1	phased_unphased_two_state_positive_dosages_v1	endpoint_excess_dosage_penalty_biological_alias_mass_v1:alpha=3	5c247107561660669e1e40fa17e9c74b9ce7f23c4cacc5cd6479e760fab68aab	region_local	1	0.0006066206832018755	0	0.9999999820400683	0.0006066208070628423	0	2.0	1.0	0.46559310907204654	0.055039886808694184	1.4655931090720467	1.4655931090720467	1	second_linear_segment_at_fitted_phi	1.4655930911121149	1.465593117434067	1	second_linear_segment_at_clustered_phi	2
exampleTumor1	m202	region1	clipp2_single_switch_path_mixture_v1	1	phased_unphased_two_state_positive_dosages_v1	endpoint_excess_dosage_penalty_biological_alias_mass_v1:alpha=3	5c247107561660669e1e40fa17e9c74b9ce7f23c4cacc5cd6479e760fab68aab	region_local	2	0.0006066206832018798	0	0.9999999820400683	0.0006066209741806433	0	1.0	2.0	0.5344068909279536	0.055039886808694205	1.4655931090720464	1.4655931090720464	1	second_linear_segment_at_fitted_phi	1.4655930731521831	1.465593099474135	1	second_linear_segment_at_clustered_phi	2
exampleTumor1	m202	region1	clipp2_single_switch_path_mixture_v1	1	phased_unphased_two_state_positive_dosages_v1	endpoint_excess_dosage_penalty_biological_alias_mass_v1:alpha=3	5c247107561660669e1e40fa17e9c74b9ce7f23c4cacc5cd6479e760fab68aab	region_local	3	0.9987867586335963	1	0.9999999820400683	0.9987867582187566	1	1.0	1.0	1.0	0.8899202263826116	1.0	1.0	0	switch_boundary_at_fitted_phi	0.9999999820400683	1.0	0	first_linear_segment_at_clustered_phi	8
exampleTumor1	m202	region2	clipp2_single_switch_path_mixture_v1	1	phased_unphased_two_state_positive_dosages_v1	endpoint_excess_dosage_penalty_biological_alias_mass_v1:alpha=3	5c247107561660669e1e40fa17e9c74b9ce7f23c4cacc5cd6479e760fab68aab	region_local	1	0.0009437397270921278	0	0.9999999744101855	0.0009437392751131872	0	1.0	2.0	0.4432498707676336	0.04300336857382123	1.556750051801701	1.5567501120717995	1	second_linear_segment_at_fitted_phi	1.5567500780527375	1.556750117889684	1	second_linear_segment_at_clustered_phi	2
exampleTumor1	m202	region2	clipp2_single_switch_path_mixture_v1	1	phased_unphased_two_state_positive_dosages_v1	endpoint_excess_dosage_penalty_biological_alias_mass_v1:alpha=3	5c247107561660669e1e40fa17e9c74b9ce7f23c4cacc5cd6479e760fab68aab	region_local	2	0.000943739122471584	0	0.9999999744101855	0.00094373887547507	0	2.0	1.0	0.5567501292323666	0.043003368573821206	1.556750090517034	1.5567501507871337	1	second_linear_segment_at_fitted_phi	1.556750103642552	1.5567501434794992	1	second_linear_segment_at_clustered_phi	2
exampleTumor1	m202	region2	clipp2_single_switch_path_mixture_v1	1	phased_unphased_two_state_positive_dosages_v1	endpoint_excess_dosage_penalty_biological_alias_mass_v1:alpha=3	5c247107561660669e1e40fa17e9c74b9ce7f23c4cacc5cd6479e760fab68aab	region_local	3	0.9981125211504364	1	0.9999999744101855	0.9981125218494118	1	1.0	1.0	1.0	0.9139932628523576	0.9999999612846674	1.0	0	first_linear_segment_at_fitted_phi	0.9999999744101855	1.0	0	first_linear_segment_at_clustered_phi	8
exampleTumor1	m203	region1	clipp2_single_switch_path_mixture_v1	1	phased_unphased_two_state_positive_dosages_v1	endpoint_excess_dosage_penalty_biological_alias_mass_v1:alpha=3	5c247107561660669e1e40fa17e9c74b9ce7f23c4cacc5cd6479e760fab68aab	region_local	1	0.0005313591148192065	0	0.9999999820400683	0.0005313589781161471	0	2.0	1.0	0.46559310907204654	0.055039886808694184	1.4655930729678674	1.4655931258819044	1	second_linear_segment_at_fitted_phi	1.4655930911121149	1.465593117434067	1	second_linear_segment_at_clustered_phi	2
exampleTumor1	m203	region1	clipp2_single_switch_path_mixture_v1	1	phased_unphased_two_state_positive_dosages_v1	endpoint_excess_dosage_penalty_biological_alias_mass_v1:alpha=3	5c247107561660669e1e40fa17e9c74b9ce7f23c4cacc5cd6479e760fab68aab	region_local	2	0.000531359439703941	0	0.9999999820400683	0.000531359139729167	0	1.0	2.0	0.5344068909279536	0.055039886808694205	1.465593036863688	1.4655930897777236	1	second_linear_segment_at_fitted_phi	1.4655930731521831	1.465593099474135	1	second_linear_segment_at_clustered_phi	2
exampleTumor1	m203	region1	clipp2_single_switch_path_mixture_v1	1	phased_unphased_two_state_positive_dosages_v1	endpoint_excess_dosage_penalty_biological_alias_mass_v1:alpha=3	5c247107561660669e1e40fa17e9c74b9ce7f23c4cacc5cd6479e760fab68aab	region_local	3	0.9989372814454769	1	0.9999999820400683	0.9989372818821547	1	1.0	1.0	1.0	0.8899202263826116	0.9999999638958208	1.0	0	first_linear_segment_at_fitted_phi	0.9999999820400683	1.0	0	first_linear_segment_at_clustered_phi	8
exampleTumor1	m203	region2	clipp2_single_switch_path_mixture_v1	1	phased_unphased_two_state_positive_dosages_v1	endpoint_excess_dosage_penalty_biological_alias_mass_v1:alpha=3	5c247107561660669e1e40fa17e9c74b9ce7f23c4cacc5cd6479e760fab68aab	region_local	1	8.790010939057363e-05	0	0.9999999744101855	8.790006319805941e-05	0	1.0	2.0	0.4432498707676336	0.04300336857382123	1.5567500518013093	1.5567501120717127	1	second_linear_segment_at_fitted_phi	1.5567500780527375	1.556750117889684	1	second_linear_segment_at_clustered_phi	2
exampleTumor1	m203	region2	clipp2_single_switch_path_mixture_v1	1	phased_unphased_two_state_positive_dosages_v1	endpoint_excess_dosage_penalty_biological_alias_mass_v1:alpha=3	5c247107561660669e1e40fa17e9c74b9ce7f23c4cacc5cd6479e760fab68aab	region_local	2	8.790003919786894e-05	0	0.9999999744101855	8.79000168027834e-05	0	2.0	1.0	0.5567501292323666	0.043003368573821206	1.556750090516838	1.5567501507872428	1	second_linear_segment_at_fitted_phi	1.556750103642552	1.5567501434794992	1	second_linear_segment_at_clustered_phi	2
exampleTumor1	m203	region2	clipp2_single_switch_path_mixture_v1	1	phased_unphased_two_state_positive_dosages_v1	endpoint_excess_dosage_penalty_biological_alias_mass_v1:alpha=3	5c247107561660669e1e40fa17e9c74b9ce7f23c4cacc5cd6479e760fab68aab	region_local	3	0.9998241998514116	1	0.9999999744101855	0.9998241999199993	1	1.0	1.0	1.0	0.9139932628523576	0.9999999612844716	1.0	0	first_linear_segment_at_fitted_phi	0.9999999744101855	1.0	0	first_linear_segment_at_clustered_phi	8
exampleTumor1	m204	region1	clipp2_single_switch_path_mixture_v1	1	phased_unphased_two_state_positive_dosages_v1	endpoint_excess_dosage_penalty_biological_alias_mass_v1:alpha=3	5c247107561660669e1e40fa17e9c74b9ce7f23c4cacc5cd6479e760fab68aab	region_local	1	0.12016097309083158	0	0.9999999820400683	0.1201609622124729	0	2.0	1.0	0.18979727272857988	0.1102685636923483	1.189797236626081	1.1897972795807361	1	second_linear_segment_at_fitted_phi	1.1897972547686484	1.189797276137326	1	second_linear_segment_at_clustered_phi	2
exampleTumor1	m204	region1	clipp2_single_switch_path_mixture_v1	1	phased_unphased_two_state_positive_dosages_v1	endpoint_excess_dosage_penalty_biological_alias_mass_v1:alpha=3	5c247107561660669e1e40fa17e9c74b9ce7f23c4cacc5cd6479e760fab68aab	region_local	2	0.12016098523807	0	0.9999999820400683	0.1201609682553676	0	1.0	2.0	0.8102027272714202	0.1102685636923483	1.1897972005235817	1.1897972434782356	1	second_linear_segment_at_fitted_phi	1.1897972368087166	1.1897972581773941	1	second_linear_segment_at_clustered_phi	2
exampleTumor1	m204	region1	clipp2_single_switch_path_mixture_v1	1	phased_unphased_two_state_positive_dosages_v1	endpoint_excess_dosage_penalty_biological_alias_mass_v1:alpha=3	5c247107561660669e1e40fa17e9c74b9ce7f23c4cacc5cd6479e760fab68aab	region_local	3	0.7596780416710985	1	0.9999999820400683	0.7596780695321596	1	1.0	1.0	1.0	0.7794628726153034	0.9999999638975009	1.0	0	first_linear_segment_at_fitted_phi	0.9999999820400683	1.0	0	first_linear_segment_at_clustered_phi	8
exampleTumor1	m204	region2	clipp2_single_switch_path_mixture_v1	1	phased_unphased_two_state_positive_dosages_v1	endpoint_excess_dosage_penalty_biological_alias_mass_v1:alpha=3	5c247107561660669e1e40fa17e9c74b9ce7f23c4cacc5cd6479e760fab68aab	region_local	1	0.009268460409024527	0	0.9999999744101855	0.00926845910261741	0	2.0	1.0	0.320738881115505	0.08019266527581756	1.320738842399908	1.3207388935331028	1	second_linear_segment_at_fitted_phi	1.3207388555256907	1.320738889323154	1	second_linear_segment_at_clustered_phi	2
exampleTumor1	m204	region2	clipp2_single_switch_path_mixture_v1	1	phased_unphased_two_state_positive_dosages_v1	endpoint_excess_dosage_penalty_biological_alias_mass_v1:alpha=3	5c247107561660669e1e40fa17e9c74b9ce7f23c4cacc5cd6479e760fab68aab	region_local	2	0.009268464922497888	0	0.9999999744101855	0.009268462085883602	0	1.0	2.0	0.6792611188844951	0.08019266527581756	1.3207388036843106	1.3207388548175039	1	second_linear_segment_at_fitted_phi	1.320738829935876	1.3207388637333386	1	second_linear_segment_at_clustered_phi	2
exampleTumor1	m204	region2	clipp2_single_switch_path_mixture_v1	1	phased_unphased_two_state_positive_dosages_v1	endpoint_excess_dosage_penalty_biological_alias_mass_v1:alpha=3	5c247107561660669e1e40fa17e9c74b9ce7f23c4cacc5cd6479e760fab68aab	region_local	3	0.9814630746684776	1	0.9999999744101855	0.981463078811499	1	1.0	1.0	1.0	0.8396146694483648	0.9999999612844029	1.0	0	first_linear_segment_at_fitted_phi	0.9999999744101855	1.0	0	first_linear_segment_at_clustered_phi	8
exampleTumor1	m205	region1	clipp2_single_switch_path_mixture_v1	1	phased_unphased_two_state_positive_dosages_v1	endpoint_excess_dosage_penalty_biological_alias_mass_v1:alpha=3	5c247107561660669e1e40fa17e9c74b9ce7f23c4cacc5cd6479e760fab68aab	region_local	1	6.880105205948529e-07	0	0.4644698459572693	6.880115384427549e-07	0	2.0	1.0	0.46559310907204654	0.055039886808694184	0.9289397717016428	2.0	1	first_linear_segment_at_fitted_phi	0.9289396919145386	2.0	1	first_linear_segment_at_clustered_phi	2
exampleTumor1	m205	region1	clipp2_single_switch_path_mixture_v1	1	phased_unphased_two_state_positive_dosages_v1	endpoint_excess_dosage_penalty_biological_alias_mass_v1:alpha=3	5c247107561660669e1e40fa17e9c74b9ce7f23c4cacc5cd6479e760fab68aab	region_local	2	0.05824568484144072	0	0.4644698459572693	0.058245684841381436	0	1.0	2.0	0.5344068909279536	0.055039886808694205	0.4644698858508214	1.0	0	first_linear_segment_at_fitted_phi	0.4644698459572693	1.0	0	first_linear_segment_at_clustered_phi	2
exampleTumor1	m205	region1	clipp2_single_switch_path_mixture_v1	1	phased_unphased_two_state_positive_dosages_v1	endpoint_excess_dosage_penalty_biological_alias_mass_v1:alpha=3	5c247107561660669e1e40fa17e9c74b9ce7f23c4cacc5cd6479e760fab68aab	region_local	3	0.9417536271480387	1	0.4644698459572693	0.9417536271470801	1	1.0	1.0	1.0	0.8899202263826116	0.4644698858508214	1.0	0	first_linear_segment_at_fitted_phi	0.4644698459572693	1.0	0	first_linear_segment_at_clustered_phi	8
exampleTumor1	m205	region2	clipp2_single_switch_path_mixture_v1	1	phased_unphased_two_state_positive_dosages_v1	endpoint_excess_dosage_penalty_biological_alias_mass_v1:alpha=3	5c247107561660669e1e40fa17e9c74b9ce7f23c4cacc5cd6479e760fab68aab	region_local	1	0.02029001373470786	0	0.5783395130938829	0.020290012477054857	0	1.0	2.0	0.4432498707676336	0.04300336857382123	0.7134291478060855	1.2335818949768842	1	second_linear_segment_at_fitted_phi	0.7134291554201322	1.2335819000219685	1	second_linear_segment_at_clustered_phi	2
exampleTumor1	m205	region2	clipp2_single_switch_path_mixture_v1	1	phased_unphased_two_state_positive_dosages_v1	endpoint_excess_dosage_penalty_biological_alias_mass_v1:alpha=3	5c247107561660669e1e40fa17e9c74b9ce7f23c4cacc5cd6479e760fab68aab	region_local	2	1.2785127492075555e-05	0	0.5783395130938829	1.2785126430052275e-05	0	2.0	1.0	0.5567501292323666	0.043003368573821206	1.1350896385192262	1.9626700584901862	1	second_linear_segment_at_fitted_phi	1.1350896423262493	1.9626700521532379	1	second_linear_segment_at_clustered_phi	2
exampleTumor1	m205	region2	clipp2_single_switch_path_mixture_v1	1	phased_unphased_two_state_positive_dosages_v1	endpoint_excess_dosage_penalty_biological_alias_mass_v1:alpha=3	5c247107561660669e1e40fa17e9c74b9ce7f23c4cacc5cd6479e760fab68aab	region_local	3	0.9796972011378001	1	0.5783395130938829	0.9796972023965151	1	1.0	1.0	1.0	0.9139932628523576	0.5783395092868595	1.0	0	first_linear_segment_at_fitted_phi	0.5783395130938829	1.0	0	first_linear_segment_at_clustered_phi	8
exampleTumor1	m206	region1	clipp2_single_switch_path_mixture_v1	1	phased_unphased_two_state_positive_dosages_v1	endpoint_excess_dosage_penalty_biological_alias_mass_v1:alpha=3	5c247107561660669e1e40fa17e9c74b9ce7f23c4cacc5cd6479e760fab68aab	region_local	1	0.09912493158089468	0	0.9999999820400683	0.09912495255291598	0	2.0	1.0	0.46559310907204654	0.055039886808694184	1.4655931090720467	1.4655931090720467	1	second_linear_segment_at_fitted_phi	1.4655930911121149	1.465593117434067	1	second_linear_segment_at_clustered_phi	2
exampleTumor1	m206	region1	clipp2_single_switch_path_mixture_v1	1	phased_unphased_two_state_positive_dosages_v1	endpoint_excess_dosage_penalty_biological_alias_mass_v1:alpha=3	5c247107561660669e1e40fa17e9c74b9ce7f23c4cacc5cd6479e760fab68aab	region_local	2	0.09912493158089468	0	0.9999999820400683	0.09912496262248975	0	1.0	2.0	0.5344068909279536	0.055039886808694205	1.4655931090720464	1.4655931090720464	1	second_linear_segment_at_fitted_phi	1.4655930731521831	1.465593099474135	1	second_linear_segment_at_clustered_phi	2
exampleTumor1	m206	region1	clipp2_single_switch_path_mixture_v1	1	phased_unphased_two_state_positive_dosages_v1	endpoint_excess_dosage_penalty_biological_alias_mass_v1:alpha=3	5c247107561660669e1e40fa17e9c74b9ce7f23c4cacc5cd6479e760fab68aab	region_local	3	0.8017501368382106	1	0.9999999820400683	0.8017500848245942	1	1.0	1.0	1.0	0.8899202263826116	1.0	1.0	0	switch_boundary_at_fitted_phi	0.9999999820400683	1.0	0	first_linear_segment_at_clustered_phi	8
exampleTumor1	m206	region2	clipp2_single_switch_path_mixture_v1	1	phased_unphased_two_state_positive_dosages_v1	endpoint_excess_dosage_penalty_biological_alias_mass_v1:alpha=3	5c247107561660669e1e40fa17e9c74b9ce7f23c4cacc5cd6479e760fab68aab	region_local	1	0.4866007797505769	1	0.9999999744101855	0.4866007756813552	1	1.0	2.0	0.4432498707676336	0.04300336857382123	1.5567500518044726	1.5567501120724139	1	second_linear_segment_at_fitted_phi	1.5567500780527375	1.556750117889684	1	second_linear_segment_at_clustered_phi	2
exampleTumor1	m206	region2	clipp2_single_switch_path_mixture_v1	1	phased_unphased_two_state_positive_dosages_v1	endpoint_excess_dosage_penalty_biological_alias_mass_v1:alpha=3	5c247107561660669e1e40fa17e9c74b9ce7f23c4cacc5cd6479e760fab68aab	region_local	2	0.4866007792475927	0	0.9999999744101855	0.48660077534887447	0	2.0	1.0	0.5567501292323666	0.043003368573821206	1.5567500905184195	1.5567501507863621	1	second_linear_segment_at_fitted_phi	1.556750103642552	1.5567501434794992	1	second_linear_segment_at_clustered_phi	2
exampleTumor1	m206	region2	clipp2_single_switch_path_mixture_v1	1	phased_unphased_two_state_positive_dosages_v1	endpoint_excess_dosage_penalty_biological_alias_mass_v1:alpha=3	5c247107561660669e1e40fa17e9c74b9ce7f23c4cacc5cd6479e760fab68aab	region_local	3	0.026798441001830483	0	0.9999999744101855	0.026798448969770388	0	1.0	1.0	1.0	0.9139932628523576	0.9999999612860531	1.0	0	first_linear_segment_at_fitted_phi	0.9999999744101855	1.0	0	first_linear_segment_at_clustered_phi	8
exampleTumor1	m207	region1	clipp2_single_switch_path_mixture_v1	1	phased_unphased_two_state_positive_dosages_v1	endpoint_excess_dosage_penalty_biological_alias_mass_v1:alpha=3	5c247107561660669e1e40fa17e9c74b9ce7f23c4cacc5cd6479e760fab68aab	region_local	1	0.027670536336310333	0	0.9999999820400683	0.02767052165487699	0	1.0	1.0	1.0	0.9757111023207368	1.0	1.0	0	switch_boundary_at_fitted_phi	0.9999999820400683	1.0	0	first_linear_segment_at_clustered_phi	2
exampleTumor1	m207	region1	clipp2_single_switch_path_mixture_v1	1	phased_unphased_two_state_positive_dosages_v1	endpoint_excess_dosage_penalty_biological_alias_mass_v1:alpha=3	5c247107561660669e1e40fa17e9c74b9ce7f23c4cacc5cd6479e760fab68aab	region_local	2	0.9723294636636898	1	0.9999999820400683	0.9723294783451231	1	2.0	2.0	1.0	0.02428889767926321	2.0	2.0	1	switch_boundary_at_fitted_phi	1.9999999640801367	2.0	1	first_linear_segment_at_clustered_phi	1
exampleTumor1	m207	region2	clipp2_single_switch_path_mixture_v1	1	phased_unphased_two_state_positive_dosages_v1	endpoint_excess_dosage_penalty_biological_alias_mass_v1:alpha=3	5c247107561660669e1e40fa17e9c74b9ce7f23c4cacc5cd6479e760fab68aab	region_local	1	7.750814213911573e-06	0	0.9999999744101855	7.750817388395918e-06	0	1.0	1.0	1.0	0.9757111023207368	0.9999999612864581	1.0	0	first_linear_segment_at_fitted_phi	0.9999999744101855	1.0	0	first_linear_segment_at_clustered_phi	2
exampleTumor1	m207	region2	clipp2_single_switch_path_mixture_v1	1	phased_unphased_two_state_positive_dosages_v1	endpoint_excess_dosage_penalty_biological_alias_mass_v1:alpha=3	5c247107561660669e1e40fa17e9c74b9ce7f23c4cacc5cd6479e760fab68aab	region_local	2	0.9999922491857861	1	0.9999999744101855	0.9999922491826116	1	2.0	2.0	1.0	0.02428889767926321	1.9999999225729161	2.0	1	first_linear_segment_at_fitted_phi	1.999999948820371	2.0	1	first_linear_segment_at_clustered_phi	1
exampleTumor1	m208	region1	clipp2_single_switch_path_mixture_v1	1	phased_unphased_two_state_positive_dosages_v1	endpoint_excess_dosage_penalty_biological_alias_mass_v1:alpha=3	5c247107561660669e1e40fa17e9c74b9ce7f23c4cacc5cd6479e760fab68aab	region_local	1	0.0030484507661748816	0	0.4644698459572693	0.003048449582797514	0	2.0	1.0	0.46559310907204654	0.055039886808694184	0.9289396671196007	2.0	1	first_linear_segment_at_fitted_phi	0.9289396919145386	2.0	1	first_linear_segment_at_clustered_phi	2
exampleTumor1	m208	region1	clipp2_single_switch_path_mixture_v1	1	phased_unphased_two_state_positive_dosages_v1	endpoint_excess_dosage_penalty_biological_alias_mass_v1:alpha=3	5c247107561660669e1e40fa17e9c74b9ce7f23c4cacc5cd6479e760fab68aab	region_local	2	0.05806816569036836	0	0.4644698459572693	0.058068165759295416	0	1.0	2.0	0.5344068909279536	0.055039886808694205	0.46446983355980037	1.0	0	first_linear_segment_at_fitted_phi	0.4644698459572693	1.0	0	first_linear_segment_at_clustered_phi	2
exampleTumor1	m208	region1	clipp2_single_switch_path_mixture_v1	1	phased_unphased_two_state_positive_dosages_v1	endpoint_excess_dosage_penalty_biological_alias_mass_v1:alpha=3	5c247107561660669e1e40fa17e9c74b9ce7f23c4cacc5cd6479e760fab68aab	region_local	3	0.9388833835434568	1	0.4644698459572693	0.9388833846579071	1	1.0	1.0	1.0	0.8899202263826116	0.46446983355980037	1.0	0	first_linear_segment_at_fitted_phi	0.4644698459572693	1.0	0	first_linear_segment_at_clustered_phi	8
exampleTumor1	m208	region2	clipp2_single_switch_path_mixture_v1	1	phased_unphased_two_state_positive_dosages_v1	endpoint_excess_dosage_penalty_biological_alias_mass_v1:alpha=3	5c247107561660669e1e40fa17e9c74b9ce7f23c4cacc5cd6479e760fab68aab	region_local	1	0.013483266904922256	0	0.5783395130938829	0.013483269641226243	0	1.0	2.0	0.4432498707676336	0.04300336857382123	0.7134291796907604	1.2335819161037405	1	second_linear_segment_at_fitted_phi	0.7134291554201322	1.2335819000219685	1	second_linear_segment_at_clustered_phi	2
exampleTumor1	m208	region2	clipp2_single_switch_path_mixture_v1	1	phased_unphased_two_state_positive_dosages_v1	endpoint_excess_dosage_penalty_biological_alias_mass_v1:alpha=3	5c247107561660669e1e40fa17e9c74b9ce7f23c4cacc5cd6479e760fab68aab	region_local	2	7.557212957822276e-06	0	0.5783395130938829	7.557214477427731e-06	0	2.0	1.0	0.5567501292323666	0.043003368573821206	1.1350896544615634	1.9626700319535058	1	second_linear_segment_at_fitted_phi	1.1350896423262493	1.9626700521532379	1	second_linear_segment_at_clustered_phi	2
exampleTumor1	m208	region2	clipp2_single_switch_path_mixture_v1	1	phased_unphased_two_state_positive_dosages_v1	endpoint_excess_dosage_penalty_biological_alias_mass_v1:alpha=3	5c247107561660669e1e40fa17e9c74b9ce7f23c4cacc5cd6479e760fab68aab	region_local	3	0.98650917588212	1	0.5783395130938829	0.9865091731442964	1	1.0	1.0	1.0	0.9139932628523576	0.578339525229197	1.0	0	first_linear_segment_at_fitted_phi	0.5783395130938829	1.0	0	first_linear_segment_at_clustered_phi	8
exampleTumor1	m209	region1	clipp2_single_switch_path_mixture_v1	1	phased_unphased_two_state_positive_dosages_v1	endpoint_excess_dosage_penalty_biological_alias_mass_v1:alpha=3	5c247107561660669e1e40fa17e9c74b9ce7f23c4cacc5cd6479e760fab68aab	region_local	1	0.18246296220653388	0	0.9999999820400683	0.1824629790368244	0	2.0	1.0	0.18979727272857988	0.1102685636923483	1.1897972727285797	1.1897972727285797	1	second_linear_segment_at_fitted_phi	1.1897972547686484	1.189797276137326	1	second_linear_segment_at_clustered_phi	2
exampleTumor1	m209	region1	clipp2_single_switch_path_mixture_v1	1	phased_unphased_two_state_positive_dosages_v1	endpoint_excess_dosage_penalty_biological_alias_mass_v1:alpha=3	5c247107561660669e1e40fa17e9c74b9ce7f23c4cacc5cd6479e760fab68aab	region_local	2	0.18246296220653388	0	0.9999999820400683	0.1824629796781218	0	1.0	2.0	0.8102027272714202	0.1102685636923483	1.1897972727285797	1.1897972727285797	1	second_linear_segment_at_fitted_phi	1.1897972368087166	1.1897972581773941	1	second_linear_segment_at_clustered_phi	2
exampleTumor1	m209	region1	clipp2_single_switch_path_mixture_v1	1	phased_unphased_two_state_positive_dosages_v1	endpoint_excess_dosage_penalty_biological_alias_mass_v1:alpha=3	5c247107561660669e1e40fa17e9c74b9ce7f23c4cacc5cd6479e760fab68aab	region_local	3	0.6350740755869323	1	0.9999999820400683	0.6350740412850537	1	1.0	1.0	1.0	0.7794628726153034	1.0	1.0	0	switch_boundary_at_fitted_phi	0.9999999820400683	1.0	0	first_linear_segment_at_clustered_phi	8
exampleTumor1	m209	region2	clipp2_single_switch_path_mixture_v1	1	phased_unphased_two_state_positive_dosages_v1	endpoint_excess_dosage_penalty_biological_alias_mass_v1:alpha=3	5c247107561660669e1e40fa17e9c74b9ce7f23c4cacc5cd6479e760fab68aab	region_local	1	0.206352712420935	0	0.9999999744101855	0.20635269133610476	0	2.0	1.0	0.320738881115505	0.08019266527581756	1.3207388424010666	1.3207388935327313	1	second_linear_segment_at_fitted_phi	1.3207388555256907	1.320738889323154	1	second_linear_segment_at_clustered_phi	2
exampleTumor1	m209	region2	clipp2_single_switch_path_mixture_v1	1	phased_unphased_two_state_positive_dosages_v1	endpoint_excess_dosage_penalty_biological_alias_mass_v1:alpha=3	5c247107561660669e1e40fa17e9c74b9ce7f23c4cacc5cd6479e760fab68aab	region_local	2	0.20635273427188203	0	0.9999999744101855	0.2063527057793418	0	1.0	2.0	0.6792611188844951	0.08019266527581756	1.3207388036866279	1.320738854818291	1	second_linear_segment_at_fitted_phi	1.320738829935876	1.3207388637333386	1	second_linear_segment_at_clustered_phi	2
exampleTumor1	m209	region2	clipp2_single_switch_path_mixture_v1	1	phased_unphased_two_state_positive_dosages_v1	endpoint_excess_dosage_penalty_biological_alias_mass_v1:alpha=3	5c247107561660669e1e40fa17e9c74b9ce7f23c4cacc5cd6479e760fab68aab	region_local	3	0.5872945533071829	1	0.9999999744101855	0.5872946028845534	1	1.0	1.0	1.0	0.8396146694483648	0.9999999612855615	1.0	0	first_linear_segment_at_fitted_phi	0.9999999744101855	1.0	0	first_linear_segment_at_clustered_phi	8
exampleTumor1	m210	region1	clipp2_single_switch_path_mixture_v1	1	phased_unphased_two_state_positive_dosages_v1	endpoint_excess_dosage_penalty_biological_alias_mass_v1:alpha=3	5c247107561660669e1e40fa17e9c74b9ce7f23c4cacc5cd6479e760fab68aab	region_local	1	0.0018763083612923022	0	0.9999999820400683	0.0018763092155336682	0	1.0	1.0	1.0	0.9757111023207368	0.9999999638997118	1.0	0	first_linear_segment_at_fitted_phi	0.9999999820400683	1.0	0	first_linear_segment_at_clustered_phi	2
exampleTumor1	m210	region1	clipp2_single_switch_path_mixture_v1	1	phased_unphased_two_state_positive_dosages_v1	endpoint_excess_dosage_penalty_biological_alias_mass_v1:alpha=3	5c247107561660669e1e40fa17e9c74b9ce7f23c4cacc5cd6479e760fab68aab	region_local	2	0.9981236916387077	1	0.9999999820400683	0.9981236907844664	1	2.0	2.0	1.0	0.02428889767926321	1.9999999277994236	2.0	1	first_linear_segment_at_fitted_phi	1.9999999640801367	2.0	1	first_linear_segment_at_clustered_phi	1
exampleTumor1	m210	region2	clipp2_single_switch_path_mixture_v1	1	phased_unphased_two_state_positive_dosages_v1	endpoint_excess_dosage_penalty_biological_alias_mass_v1:alpha=3	5c247107561660669e1e40fa17e9c74b9ce7f23c4cacc5cd6479e760fab68aab	region_local	1	7.1593626877306e-08	0	0.9999999744101855	7.159356704203064e-08	0	1.0	1.0	1.0	0.9757111023207368	1.0	1.0	0	switch_boundary_at_fitted_phi	0.9999999744101855	1.0	0	first_linear_segment_at_clustered_phi	2
exampleTumor1	m210	region2	clipp2_single_switch_path_mixture_v1	1	phased_unphased_two_state_positive_dosages_v1	endpoint_excess_dosage_penalty_biological_alias_mass_v1:alpha=3	5c247107561660669e1e40fa17e9c74b9ce7f23c4cacc5cd6479e760fab68aab	region_local	2	0.9999999284063732	1	0.9999999744101855	0.9999999284064329	1	2.0	2.0	1.0	0.02428889767926321	2.0	2.0	1	switch_boundary_at_fitted_phi	1.999999948820371	2.0	1	first_linear_segment_at_clustered_phi	1
exampleTumor1	m211	region1	clipp2_single_switch_path_mixture_v1	1	phased_unphased_two_state_positive_dosages_v1	endpoint_excess_dosage_penalty_biological_alias_mass_v1:alpha=3	5c247107561660669e1e40fa17e9c74b9ce7f23c4cacc5cd6479e760fab68aab	region_local	1	0.00024802723439300186	0	0.4644698459572693	0.0002480272796690804	0	2.0	1.0	0.46559310907204654	0.055039886808694184	0.9289397031360063	2.0	1	first_linear_segment_at_fitted_phi	0.9289396919145386	2.0	1	first_linear_segment_at_clustered_phi	2
exampleTumor1	m211	region1	clipp2_single_switch_path_mixture_v1	1	phased_unphased_two_state_positive_dosages_v1	endpoint_excess_dosage_penalty_biological_alias_mass_v1:alpha=3	5c247107561660669e1e40fa17e9c74b9ce7f23c4cacc5cd6479e760fab68aab	region_local	2	0.058231278389046716	0	0.4644698459572693	0.05823127838640959	0	1.0	2.0	0.5344068909279536	0.055039886808694205	0.46446985156800313	1.0	0	first_linear_segment_at_fitted_phi	0.4644698459572693	1.0	0	first_linear_segment_at_clustered_phi	2
exampleTumor1	m211	region1	clipp2_single_switch_path_mixture_v1	1	phased_unphased_two_state_positive_dosages_v1	endpoint_excess_dosage_penalty_biological_alias_mass_v1:alpha=3	5c247107561660669e1e40fa17e9c74b9ce7f23c4cacc5cd6479e760fab68aab	region_local	3	0.9415206943765603	1	0.4644698459572693	0.9415206943339214	1	1.0	1.0	1.0	0.8899202263826116	0.46446985156800313	1.0	0	first_linear_segment_at_fitted_phi	0.4644698459572693	1.0	0	first_linear_segment_at_clustered_phi	8
exampleTumor1	m211	region2	clipp2_single_switch_path_mixture_v1	1	phased_unphased_two_state_positive_dosages_v1	endpoint_excess_dosage_penalty_biological_alias_mass_v1:alpha=3	5c247107561660669e1e40fa17e9c74b9ce7f23c4cacc5cd6479e760fab68aab	region_local	1	0.06817724671757998	0	0.5783395130938829	0.06817723831061329	0	1.0	2.0	0.4432498707676336	0.04300336857382123	0.7134291236015622	1.2335818789389126	1	second_linear_segment_at_fitted_phi	0.7134291554201322	1.2335819000219685	1	second_linear_segment_at_clustered_phi	2
exampleTumor1	m211	region2	clipp2_single_switch_path_mixture_v1	1	phased_unphased_two_state_positive_dosages_v1	endpoint_excess_dosage_penalty_biological_alias_mass_v1:alpha=3	5c247107561660669e1e40fa17e9c74b9ce7f23c4cacc5cd6479e760fab68aab	region_local	2	0.0015690636092241083	0	0.5783395130938829	0.0015690630356686118	0	2.0	1.0	0.5567501292323666	0.043003368573821206	1.1350896264169643	1.9626700786349018	1	second_linear_segment_at_fitted_phi	1.1350896423262493	1.9626700521532379	1	second_linear_segment_at_clustered_phi	2
exampleTumor1	m211	region2	clipp2_single_switch_path_mixture_v1	1	phased_unphased_two_state_positive_dosages_v1	endpoint_excess_dosage_penalty_biological_alias_mass_v1:alpha=3	5c247107561660669e1e40fa17e9c74b9ce7f23c4cacc5cd6479e760fab68aab	region_local	3	0.9302536896731959	1	0.5783395130938829	0.930253698653718	1	1.0	1.0	1.0	0.9139932628523576	0.5783394971845979	1.0	0	first_linear_segment_at_fitted_phi	0.5783395130938829	1.0	0	first_linear_segment_at_clustered_phi	8
exampleTumor1	m212	region1	clipp2_single_switch_path_mixture_v1	1	phased_unphased_two_state_positive_dosages_v1	endpoint_excess_dosage_penalty_biological_alias_mass_v1:alpha=3	5c247107561660669e1e40fa17e9c74b9ce7f23c4cacc5cd6479e760fab68aab	region_local	1	0.0012185058306008675	0	0.4644698459572693	0.0012185046611326417	0	2.0	1.0	0.46559310907204654	0.055039886808694184	0.9289396406134776	2.0	1	first_linear_segment_at_fitted_phi	0.9289396919145386	2.0	1	first_linear_segment_at_clustered_phi	2
exampleTumor1	m212	region1	clipp2_single_switch_path_mixture_v1	1	phased_unphased_two_state_positive_dosages_v1	endpoint_excess_dosage_penalty_biological_alias_mass_v1:alpha=3	5c247107561660669e1e40fa17e9c74b9ce7f23c4cacc5cd6479e760fab68aab	region_local	2	0.058174752159695996	0	0.4644698459572693	0.05817475222781252	0	1.0	2.0	0.5344068909279536	0.055039886808694205	0.4644698203067388	1.0	0	first_linear_segment_at_fitted_phi	0.4644698459572693	1.0	0	first_linear_segment_at_clustered_phi	2
exampleTumor1	m212	region1	clipp2_single_switch_path_mixture_v1	1	phased_unphased_two_state_positive_dosages_v1	endpoint_excess_dosage_penalty_biological_alias_mass_v1:alpha=3	5c247107561660669e1e40fa17e9c74b9ce7f23c4cacc5cd6479e760fab68aab	region_local	3	0.9406067420097032	1	0.4644698459572693	0.9406067431110549	1	1.0	1.0	1.0	0.8899202263826116	0.4644698203067388	1.0	0	first_linear_segment_at_fitted_phi	0.4644698459572693	1.0	0	first_linear_segment_at_clustered_phi	8
exampleTumor1	m212	region2	clipp2_single_switch_path_mixture_v1	1	phased_unphased_two_state_positive_dosages_v1	endpoint_excess_dosage_penalty_biological_alias_mass_v1:alpha=3	5c247107561660669e1e40fa17e9c74b9ce7f23c4cacc5cd6479e760fab68aab	region_local	1	0.05276369922232558	0	0.5783395130938829	0.05276369550969959	0	1.0	2.0	0.4432498707676336	0.04300336857382123	0.713429139488637	1.2335818894657242	1	second_linear_segment_at_fitted_phi	0.7134291554201322	1.2335819000219685	1	second_linear_segment_at_clustered_phi	2
exampleTumor1	m212	region2	clipp2_single_switch_path_mixture_v1	1	phased_unphased_two_state_positive_dosages_v1	endpoint_excess_dosage_penalty_biological_alias_mass_v1:alpha=3	5c247107561660669e1e40fa17e9c74b9ce7f23c4cacc5cd6479e760fab68aab	region_local	2	0.000797900065227726	0	0.5783395130938829	0.000797899930998736	0	2.0	1.0	0.5567501292323666	0.043003368573821206	1.1350896343605017	1.9626700654125546	1	second_linear_segment_at_fitted_phi	1.1350896423262493	1.9626700521532379	1	second_linear_segment_at_clustered_phi	2
exampleTumor1	m212	region2	clipp2_single_switch_path_mixture_v1	1	phased_unphased_two_state_positive_dosages_v1	endpoint_excess_dosage_penalty_biological_alias_mass_v1:alpha=3	5c247107561660669e1e40fa17e9c74b9ce7f23c4cacc5cd6479e760fab68aab	region_local	3	0.9464384007124467	1	0.5783395130938829	0.9464384045593017	1	1.0	1.0	1.0	0.9139932628523576	0.5783395051281353	1.0	0	first_linear_segment_at_fitted_phi	0.5783395130938829	1.0	0	first_linear_segment_at_clustered_phi	8
exampleTumor1	m213	region1	clipp2_single_switch_path_mixture_v1	1	phased_unphased_two_state_positive_dosages_v1	endpoint_excess_dosage_penalty_biological_alias_mass_v1:alpha=3	5c247107561660669e1e40fa17e9c74b9ce7f23c4cacc5cd6479e760fab68aab	region_local	1	0.01693627792937257	0	0.4644698459572693	0.01693627206816944	0	2.0	1.0	0.46559310907204654	0.055039886808694184	0.9289396657085913	2.0	1	first_linear_segment_at_fitted_phi	0.9289396919145386	2.0	1	first_linear_segment_at_clustered_phi	2
exampleTumor1	m213	region1	clipp2_single_switch_path_mixture_v1	1	phased_unphased_two_state_positive_dosages_v1	endpoint_excess_dosage_penalty_biological_alias_mass_v1:alpha=3	5c247107561660669e1e40fa17e9c74b9ce7f23c4cacc5cd6479e760fab68aab	region_local	2	0.057259259129752126	0	0.4644698459572693	0.057259259471142146	0	1.0	2.0	0.5344068909279536	0.055039886808694205	0.46446983285429566	1.0	0	first_linear_segment_at_fitted_phi	0.4644698459572693	1.0	0	first_linear_segment_at_clustered_phi	2
exampleTumor1	m213	region1	clipp2_single_switch_path_mixture_v1	1	phased_unphased_two_state_positive_dosages_v1	endpoint_excess_dosage_penalty_biological_alias_mass_v1:alpha=3	5c247107561660669e1e40fa17e9c74b9ce7f23c4cacc5cd6479e760fab68aab	region_local	3	0.9258044629408754	1	0.4644698459572693	0.9258044684606884	1	1.0	1.0	1.0	0.8899202263826116	0.46446983285429566	1.0	0	first_linear_segment_at_fitted_phi	0.4644698459572693	1.0	0	first_linear_segment_at_clustered_phi	8
exampleTumor1	m213	region2	clipp2_single_switch_path_mixture_v1	1	phased_unphased_two_state_positive_dosages_v1	endpoint_excess_dosage_penalty_biological_alias_mass_v1:alpha=3	5c247107561660669e1e40fa17e9c74b9ce7f23c4cacc5cd6479e760fab68aab	region_local	1	0.0035431632358391427	0	0.5783395130938829	0.003543164759596698	0	1.0	2.0	0.4432498707676336	0.04300336857382123	0.713429188036532	1.2335819216336672	1	second_linear_segment_at_fitted_phi	0.7134291554201322	1.2335819000219685	1	second_linear_segment_at_clustered_phi	2
exampleTumor1	m213	region2	clipp2_single_switch_path_mixture_v1	1	phased_unphased_two_state_positive_dosages_v1	endpoint_excess_dosage_penalty_biological_alias_mass_v1:alpha=3	5c247107561660669e1e40fa17e9c74b9ce7f23c4cacc5cd6479e760fab68aab	region_local	2	3.1269223117573634e-08	0	0.5783395130938829	3.12692316042737e-08	0	2.0	1.0	0.5567501292323666	0.043003368573821206	1.1350896586344494	1.9626700250075655	1	second_linear_segment_at_fitted_phi	1.1350896423262493	1.9626700521532379	1	second_linear_segment_at_clustered_phi	2
exampleTumor1	m213	region2	clipp2_single_switch_path_mixture_v1	1	phased_unphased_two_state_positive_dosages_v1	endpoint_excess_dosage_penalty_biological_alias_mass_v1:alpha=3	5c247107561660669e1e40fa17e9c74b9ce7f23c4cacc5cd6479e760fab68aab	region_local	3	0.9964568054949378	1	0.5783395130938829	0.9964568039711716	1	1.0	1.0	1.0	0.9139932628523576	0.5783395294020828	1.0	0	first_linear_segment_at_fitted_phi	0.5783395130938829	1.0	0	first_linear_segment_at_clustered_phi	8
exampleTumor1	m214	region1	clipp2_single_switch_path_mixture_v1	1	phased_unphased_two_state_positive_dosages_v1	endpoint_excess_dosage_penalty_biological_alias_mass_v1:alpha=3	5c247107561660669e1e40fa17e9c74b9ce7f23c4cacc5cd6479e760fab68aab	region_local	1	0.4653867006351542	1	0.9999999820400683	0.46538668363959734	1	2.0	1.0	0.46559310907204654	0.055039886808694184	1.4655930729726863	1.4655931258796606	1	second_linear_segment_at_fitted_phi	1.4655930911121149	1.465593117434067	1	second_linear_segment_at_clustered_phi	2
exampleTumor1	m214	region1	clipp2_single_switch_path_mixture_v1	1	phased_unphased_two_state_positive_dosages_v1	endpoint_excess_dosage_penalty_biological_alias_mass_v1:alpha=3	5c247107561660669e1e40fa17e9c74b9ce7f23c4cacc5cd6479e760fab68aab	region_local	2	0.4653866742017239	0	0.9999999820400683	0.4653866704886079	0	1.0	2.0	0.5344068909279536	0.055039886808694205	1.4655930368733259	1.465593089780299	1	second_linear_segment_at_fitted_phi	1.4655930731521831	1.465593099474135	1	second_linear_segment_at_clustered_phi	2
exampleTumor1	m214	region1	clipp2_single_switch_path_mixture_v1	1	phased_unphased_two_state_positive_dosages_v1	endpoint_excess_dosage_penalty_biological_alias_mass_v1:alpha=3	5c247107561660669e1e40fa17e9c74b9ce7f23c4cacc5cd6479e760fab68aab	region_local	3	0.0692266251631219	0	0.9999999820400683	0.06922664587179463	0	1.0	1.0	1.0	0.8899202263826116	0.9999999639006397	1.0	0	first_linear_segment_at_fitted_phi	0.9999999820400683	1.0	0	first_linear_segment_at_clustered_phi	8
exampleTumor1	m214	region2	clipp2_single_switch_path_mixture_v1	1	phased_unphased_two_state_positive_dosages_v1	endpoint_excess_dosage_penalty_biological_alias_mass_v1:alpha=3	5c247107561660669e1e40fa17e9c74b9ce7f23c4cacc5cd6479e760fab68aab	region_local	1	0.49521641637994845	0	0.9999999744101855	0.4952164219332724	0	1.0	2.0	0.4432498707676336	0.04300336857382123	1.5567500518040884	1.5567501120723286	1	second_linear_segment_at_fitted_phi	1.5567500780527375	1.556750117889684	1	second_linear_segment_at_clustered_phi	2
exampleTumor1	m214	region2	clipp2_single_switch_path_mixture_v1	1	phased_unphased_two_state_positive_dosages_v1	endpoint_excess_dosage_penalty_biological_alias_mass_v1:alpha=3	5c247107561660669e1e40fa17e9c74b9ce7f23c4cacc5cd6479e760fab68aab	region_local	2	0.4952164571056297	1	0.9999999744101855	0.49521644885269644	1	2.0	1.0	0.5567501292323666	0.043003368573821206	1.5567500905182277	1.5567501507864694	1	second_linear_segment_at_fitted_phi	1.556750103642552	1.5567501434794992	1	second_linear_segment_at_clustered_phi	2
exampleTumor1	m214	region2	clipp2_single_switch_path_mixture_v1	1	phased_unphased_two_state_positive_dosages_v1	endpoint_excess_dosage_penalty_biological_alias_mass_v1:alpha=3	5c247107561660669e1e40fa17e9c74b9ce7f23c4cacc5cd6479e760fab68aab	region_local	3	0.009567126514421842	0	0.9999999744101855	0.009567129214031182	0	1.0	1.0	1.0	0.9139932628523576	0.999999961285861	1.0	0	first_linear_segment_at_fitted_phi	0.9999999744101855	1.0	0	first_linear_segment_at_clustered_phi	8
exampleTumor1	m215	region1	clipp2_single_switch_path_mixture_v1	1	phased_unphased_two_state_positive_dosages_v1	endpoint_excess_dosage_penalty_biological_alias_mass_v1:alpha=3	5c247107561660669e1e40fa17e9c74b9ce7f23c4cacc5cd6479e760fab68aab	region_local	1	0.0036631362814986417	0	0.9999999820400683	0.003663135516343291	0	2.0	1.0	0.46559310907204654	0.055039886808694184	1.4655930729671343	1.4655931258822454	1	second_linear_segment_at_fitted_phi	1.4655930911121149	1.465593117434067	1	second_linear_segment_at_clustered_phi	2
exampleTumor1	m215	region1	clipp2_single_switch_path_mixture_v1	1	phased_unphased_two_state_positive_dosages_v1	endpoint_excess_dosage_penalty_biological_alias_mass_v1:alpha=3	5c247107561660669e1e40fa17e9c74b9ce7f23c4cacc5cd6479e760fab68aab	region_local	2	0.00366313780722388	0	0.9999999820400683	0.0036631362752958144	0	1.0	2.0	0.5344068909279536	0.055039886808694205	1.465593036862222	1.465593089777332	1	second_linear_segment_at_fitted_phi	1.4655930731521831	1.465593099474135	1	second_linear_segment_at_clustered_phi	2
exampleTumor1	m215	region1	clipp2_single_switch_path_mixture_v1	1	phased_unphased_two_state_positive_dosages_v1	endpoint_excess_dosage_penalty_biological_alias_mass_v1:alpha=3	5c247107561660669e1e40fa17e9c74b9ce7f23c4cacc5cd6479e760fab68aab	region_local	3	0.9926737259112774	1	0.9999999820400683	0.992673728208361	1	1.0	1.0	1.0	0.8899202263826116	0.9999999638950878	1.0	0	first_linear_segment_at_fitted_phi	0.9999999820400683	1.0	0	first_linear_segment_at_clustered_phi	8
exampleTumor1	m215	region2	clipp2_single_switch_path_mixture_v1	1	phased_unphased_two_state_positive_dosages_v1	endpoint_excess_dosage_penalty_biological_alias_mass_v1:alpha=3	5c247107561660669e1e40fa17e9c74b9ce7f23c4cacc5cd6479e760fab68aab	region_local	1	0.000657867228201782	0	0.9999999744101855	0.0006578669194889415	0	1.0	2.0	0.4432498707676336	0.04300336857382123	1.5567500518013098	1.5567501120717129	1	second_linear_segment_at_fitted_phi	1.5567500780527375	1.556750117889684	1	second_linear_segment_at_clustered_phi	2
exampleTumor1	m215	region2	clipp2_single_switch_path_mixture_v1	1	phased_unphased_two_state_positive_dosages_v1	endpoint_excess_dosage_penalty_biological_alias_mass_v1:alpha=3	5c247107561660669e1e40fa17e9c74b9ce7f23c4cacc5cd6479e760fab68aab	region_local	2	0.0006578668013977556	0	0.9999999744101855	0.0006578666373842567	0	2.0	1.0	0.5567501292323666	0.043003368573821206	1.556750090516838	1.5567501507872428	1	second_linear_segment_at_fitted_phi	1.556750103642552	1.5567501434794992	1	second_linear_segment_at_clustered_phi	2
exampleTumor1	m215	region2	clipp2_single_switch_path_mixture_v1	1	phased_unphased_two_state_positive_dosages_v1	endpoint_excess_dosage_penalty_biological_alias_mass_v1:alpha=3	5c247107561660669e1e40fa17e9c74b9ce7f23c4cacc5cd6479e760fab68aab	region_local	3	0.9986842659704005	1	0.9999999744101855	0.9986842664431268	1	1.0	1.0	1.0	0.9139932628523576	0.9999999612844717	1.0	0	first_linear_segment_at_fitted_phi	0.9999999744101855	1.0	0	first_linear_segment_at_clustered_phi	8
exampleTumor1	m216	region1	clipp2_single_switch_path_mixture_v1	1	phased_unphased_two_state_positive_dosages_v1	endpoint_excess_dosage_penalty_biological_alias_mass_v1:alpha=3	5c247107561660669e1e40fa17e9c74b9ce7f23c4cacc5cd6479e760fab68aab	region_local	1	0.4149181148686521	1	0.9999999820400683	0.41491809248347733	1	2.0	1.0	0.46559310907204654	0.055039886808694184	1.4655930729705622	1.4655931258806496	1	second_linear_segment_at_fitted_phi	1.4655930911121149	1.465593117434067	1	second_linear_segment_at_clustered_phi	2
exampleTumor1	m216	region1	clipp2_single_switch_path_mixture_v1	1	phased_unphased_two_state_positive_dosages_v1	endpoint_excess_dosage_penalty_biological_alias_mass_v1:alpha=3	5c247107561660669e1e40fa17e9c74b9ce7f23c4cacc5cd6479e760fab68aab	region_local	2	0.4149180980581487	0	0.9999999820400683	0.4149180841205205	0	1.0	2.0	0.5344068909279536	0.055039886808694205	1.4655930368690775	1.4655930897791636	1	second_linear_segment_at_fitted_phi	1.4655930731521831	1.465593099474135	1	second_linear_segment_at_clustered_phi	2
exampleTumor1	m216	region1	clipp2_single_switch_path_mixture_v1	1	phased_unphased_two_state_positive_dosages_v1	endpoint_excess_dosage_penalty_biological_alias_mass_v1:alpha=3	5c247107561660669e1e40fa17e9c74b9ce7f23c4cacc5cd6479e760fab68aab	region_local	3	0.17016378707319918	0	0.9999999820400683	0.17016382339600217	0	1.0	1.0	1.0	0.8899202263826116	0.9999999638985155	1.0	0	first_linear_segment_at_fitted_phi	0.9999999820400683	1.0	0	first_linear_segment_at_clustered_phi	8
exampleTumor1	m216	region2	clipp2_single_switch_path_mixture_v1	1	phased_unphased_two_state_positive_dosages_v1	endpoint_excess_dosage_penalty_biological_alias_mass_v1:alpha=3	5c247107561660669e1e40fa17e9c74b9ce7f23c4cacc5cd6479e760fab68aab	region_local	1	0.4967773081661943	0	0.9999999744101855	0.49677730968521233	0	1.0	2.0	0.4432498707676336	0.04300336857382123	1.5567500518051987	1.5567501120725746	1	second_linear_segment_at_fitted_phi	1.5567500780527375	1.556750117889684	1	second_linear_segment_at_clustered_phi	2
exampleTumor1	m216	region2	clipp2_single_switch_path_mixture_v1	1	phased_unphased_two_state_positive_dosages_v1	endpoint_excess_dosage_penalty_biological_alias_mass_v1:alpha=3	5c247107561660669e1e40fa17e9c74b9ce7f23c4cacc5cd6479e760fab68aab	region_local	2	0.4967773237504693	1	0.9999999744101855	0.49677731998645536	1	2.0	1.0	0.5567501292323666	0.043003368573821206	1.5567500905187828	1.55675015078616	1	second_linear_segment_at_fitted_phi	1.556750103642552	1.5567501434794992	1	second_linear_segment_at_clustered_phi	2
exampleTumor1	m216	region2	clipp2_single_switch_path_mixture_v1	1	phased_unphased_two_state_positive_dosages_v1	endpoint_excess_dosage_penalty_biological_alias_mass_v1:alpha=3	5c247107561660669e1e40fa17e9c74b9ce7f23c4cacc5cd6479e760fab68aab	region_local	3	0.00644536808333629	0	0.9999999744101855	0.006445370328332396	0	1.0	1.0	1.0	0.9139932628523576	0.9999999612864162	1.0	0	first_linear_segment_at_fitted_phi	0.9999999744101855	1.0	0	first_linear_segment_at_clustered_phi	8
exampleTumor1	m217	region1	clipp2_single_switch_path_mixture_v1	1	phased_unphased_two_state_positive_dosages_v1	endpoint_excess_dosage_penalty_biological_alias_mass_v1:alpha=3	5c247107561660669e1e40fa17e9c74b9ce7f23c4cacc5cd6479e760fab68aab	region_local	1	0.024586856114933	0	0.9999999820400683	0.024586861766814325	0	2.0	1.0	0.46559310907204654	0.055039886808694184	1.4655931090720467	1.4655931090720467	1	second_linear_segment_at_fitted_phi	1.4655930911121149	1.465593117434067	1	second_linear_segment_at_clustered_phi	2
exampleTumor1	m217	region1	clipp2_single_switch_path_mixture_v1	1	phased_unphased_two_state_positive_dosages_v1	endpoint_excess_dosage_penalty_biological_alias_mass_v1:alpha=3	5c247107561660669e1e40fa17e9c74b9ce7f23c4cacc5cd6479e760fab68aab	region_local	2	0.024586856114933178	0	0.9999999820400683	0.02458686541202376	0	1.0	2.0	0.5344068909279536	0.055039886808694205	1.4655931090720464	1.4655931090720464	1	second_linear_segment_at_fitted_phi	1.4655930731521831	1.465593099474135	1	second_linear_segment_at_clustered_phi	2
exampleTumor1	m217	region1	clipp2_single_switch_path_mixture_v1	1	phased_unphased_two_state_positive_dosages_v1	endpoint_excess_dosage_penalty_biological_alias_mass_v1:alpha=3	5c247107561660669e1e40fa17e9c74b9ce7f23c4cacc5cd6479e760fab68aab	region_local	3	0.9508262877701339	1	0.9999999820400683	0.9508262728211619	1	1.0	1.0	1.0	0.8899202263826116	1.0	1.0	0	switch_boundary_at_fitted_phi	0.9999999820400683	1.0	0	first_linear_segment_at_clustered_phi	8
exampleTumor1	m217	region2	clipp2_single_switch_path_mixture_v1	1	phased_unphased_two_state_positive_dosages_v1	endpoint_excess_dosage_penalty_biological_alias_mass_v1:alpha=3	5c247107561660669e1e40fa17e9c74b9ce7f23c4cacc5cd6479e760fab68aab	region_local	1	0.0020657957211866512	0	0.9999999744101855	0.0020657947872356587	0	1.0	2.0	0.4432498707676336	0.04300336857382123	1.5567500518016721	1.556750112071793	1	second_linear_segment_at_fitted_phi	1.5567500780527375	1.556750117889684	1	second_linear_segment_at_clustered_phi	2
exampleTumor1	m217	region2	clipp2_single_switch_path_mixture_v1	1	phased_unphased_two_state_positive_dosages_v1	endpoint_excess_dosage_penalty_biological_alias_mass_v1:alpha=3	5c247107561660669e1e40fa17e9c74b9ce7f23c4cacc5cd6479e760fab68aab	region_local	2	0.00206579452672506	0	0.9999999744101855	0.002065793997728557	0	2.0	1.0	0.5567501292323666	0.043003368573821206	1.5567500905170195	1.556750150787142	1	second_linear_segment_at_fitted_phi	1.556750103642552	1.5567501434794992	1	second_linear_segment_at_clustered_phi	2
exampleTumor1	m217	region2	clipp2_single_switch_path_mixture_v1	1	phased_unphased_two_state_positive_dosages_v1	endpoint_excess_dosage_penalty_biological_alias_mass_v1:alpha=3	5c247107561660669e1e40fa17e9c74b9ce7f23c4cacc5cd6479e760fab68aab	region_local	3	0.9958684097520883	1	0.9999999744101855	0.9958684112150358	1	1.0	1.0	1.0	0.9139932628523576	0.999999961284653	1.0	0	first_linear_segment_at_fitted_phi	0.9999999744101855	1.0	0	first_linear_segment_at_clustered_phi	8
exampleTumor1	m218	region1	clipp2_single_switch_path_mixture_v1	1	phased_unphased_two_state_positive_dosages_v1	endpoint_excess_dosage_penalty_biological_alias_mass_v1:alpha=3	5c247107561660669e1e40fa17e9c74b9ce7f23c4cacc5cd6479e760fab68aab	region_local	1	0.0002840208545587915	0	0.9999999820400683	0.000284020921095014	0	2.0	1.0	0.46559310907204654	0.055039886808694184	1.4655931090720467	1.4655931090720467	1	second_linear_segment_at_fitted_phi	1.4655930911121149	1.465593117434067	1	second_linear_segment_at_clustered_phi	2
exampleTumor1	m218	region1	clipp2_single_switch_path_mixture_v1	1	phased_unphased_two_state_positive_dosages_v1	endpoint_excess_dosage_penalty_biological_alias_mass_v1:alpha=3	5c247107561660669e1e40fa17e9c74b9ce7f23c4cacc5cd6479e760fab68aab	region_local	2	0.0002840208545587915	0	0.9999999820400683	0.0002840210117023181	0	1.0	2.0	0.5344068909279536	0.055039886808694205	1.4655931090720464	1.4655931090720464	1	second_linear_segment_at_fitted_phi	1.4655930731521831	1.465593099474135	1	second_linear_segment_at_clustered_phi	2
exampleTumor1	m218	region1	clipp2_single_switch_path_mixture_v1	1	phased_unphased_two_state_positive_dosages_v1	endpoint_excess_dosage_penalty_biological_alias_mass_v1:alpha=3	5c247107561660669e1e40fa17e9c74b9ce7f23c4cacc5cd6479e760fab68aab	region_local	3	0.9994319582908824	1	0.9999999820400683	0.9994319580672028	1	1.0	1.0	1.0	0.8899202263826116	1.0	1.0	0	switch_boundary_at_fitted_phi	0.9999999820400683	1.0	0	first_linear_segment_at_clustered_phi	8
exampleTumor1	m218	region2	clipp2_single_switch_path_mixture_v1	1	phased_unphased_two_state_positive_dosages_v1	endpoint_excess_dosage_penalty_biological_alias_mass_v1:alpha=3	5c247107561660669e1e40fa17e9c74b9ce7f23c4cacc5cd6479e760fab68aab	region_local	1	0.001494721587555944	0	0.9999999744101855	0.0014947208298845655	0	1.0	2.0	0.4432498707676336	0.04300336857382123	1.5567500518020208	1.5567501120718703	1	second_linear_segment_at_fitted_phi	1.5567500780527375	1.556750117889684	1	second_linear_segment_at_clustered_phi	2
exampleTumor1	m218	region2	clipp2_single_switch_path_mixture_v1	1	phased_unphased_two_state_positive_dosages_v1	endpoint_excess_dosage_penalty_biological_alias_mass_v1:alpha=3	5c247107561660669e1e40fa17e9c74b9ce7f23c4cacc5cd6479e760fab68aab	region_local	2	0.001494720623045713	0	0.9999999744101855	0.001494720192366309	0	2.0	1.0	0.5567501292323666	0.043003368573821206	1.5567500905171938	1.5567501507870447	1	second_linear_segment_at_fitted_phi	1.556750103642552	1.5567501434794992	1	second_linear_segment_at_clustered_phi	2
exampleTumor1	m218	region2	clipp2_single_switch_path_mixture_v1	1	phased_unphased_two_state_positive_dosages_v1	endpoint_excess_dosage_penalty_biological_alias_mass_v1:alpha=3	5c247107561660669e1e40fa17e9c74b9ce7f23c4cacc5cd6479e760fab68aab	region_local	3	0.9970105577893983	1	0.9999999744101855	0.9970105589777492	1	1.0	1.0	1.0	0.9139932628523576	0.9999999612848273	1.0	0	first_linear_segment_at_fitted_phi	0.9999999744101855	1.0	0	first_linear_segment_at_clustered_phi	8
exampleTumor1	m219	region1	clipp2_single_switch_path_mixture_v1	1	phased_unphased_two_state_positive_dosages_v1	endpoint_excess_dosage_penalty_biological_alias_mass_v1:alpha=3	5c247107561660669e1e40fa17e9c74b9ce7f23c4cacc5cd6479e760fab68aab	region_local	1	0.0006319282441843868	0	0.9999999820400683	0.0006319285862323493	0	1.0	1.0	1.0	0.9757111023207368	0.9999999639010438	1.0	0	first_linear_segment_at_fitted_phi	0.9999999820400683	1.0	0	first_linear_segment_at_clustered_phi	2
exampleTumor1	m219	region1	clipp2_single_switch_path_mixture_v1	1	phased_unphased_two_state_positive_dosages_v1	endpoint_excess_dosage_penalty_biological_alias_mass_v1:alpha=3	5c247107561660669e1e40fa17e9c74b9ce7f23c4cacc5cd6479e760fab68aab	region_local	2	0.9993680717558157	1	0.9999999820400683	0.9993680714137676	1	2.0	2.0	1.0	0.02428889767926321	1.9999999278020877	2.0	1	first_linear_segment_at_fitted_phi	1.9999999640801367	2.0	1	first_linear_segment_at_clustered_phi	1
exampleTumor1	m219	region2	clipp2_single_switch_path_mixture_v1	1	phased_unphased_two_state_positive_dosages_v1	endpoint_excess_dosage_penalty_biological_alias_mass_v1:alpha=3	5c247107561660669e1e40fa17e9c74b9ce7f23c4cacc5cd6479e760fab68aab	region_local	1	2.082608351670121e-06	0	0.9999999744101855	2.082609303810322e-06	0	1.0	1.0	1.0	0.9757111023207368	0.999999961286695	1.0	0	first_linear_segment_at_fitted_phi	0.9999999744101855	1.0	0	first_linear_segment_at_clustered_phi	2
exampleTumor1	m219	region2	clipp2_single_switch_path_mixture_v1	1	phased_unphased_two_state_positive_dosages_v1	endpoint_excess_dosage_penalty_biological_alias_mass_v1:alpha=3	5c247107561660669e1e40fa17e9c74b9ce7f23c4cacc5cd6479e760fab68aab	region_local	2	0.9999979173916483	1	0.9999999744101855	0.9999979173906962	1	2.0	2.0	1.0	0.02428889767926321	1.99999992257339	2.0	1	first_linear_segment_at_fitted_phi	1.999999948820371	2.0	1	first_linear_segment_at_clustered_phi	1
exampleTumor1	m220	region1	clipp2_single_switch_path_mixture_v1	1	phased_unphased_two_state_positive_dosages_v1	endpoint_excess_dosage_penalty_biological_alias_mass_v1:alpha=3	5c247107561660669e1e40fa17e9c74b9ce7f23c4cacc5cd6479e760fab68aab	region_local	1	0.43082676686726273	1	0.9999999820400683	0.4308267457640522	1	2.0	1.0	0.46559310907204654	0.055039886808694184	1.4655930729711142	1.4655931258803923	1	second_linear_segment_at_fitted_phi	1.4655930911121149	1.465593117434067	1	second_linear_segment_at_clustered_phi	2
exampleTumor1	m220	region1	clipp2_single_switch_path_mixture_v1	1	phased_unphased_two_state_positive_dosages_v1	endpoint_excess_dosage_penalty_biological_alias_mass_v1:alpha=3	5c247107561660669e1e40fa17e9c74b9ce7f23c4cacc5cd6479e760fab68aab	region_local	2	0.43082674715087765	0	0.9999999820400683	0.43082673595531085	0	1.0	2.0	0.5344068909279536	0.055039886808694205	1.465593036870182	1.4655930897794587	1	second_linear_segment_at_fitted_phi	1.4655930731521831	1.465593099474135	1	second_linear_segment_at_clustered_phi	2
exampleTumor1	m220	region1	clipp2_single_switch_path_mixture_v1	1	phased_unphased_two_state_positive_dosages_v1	endpoint_excess_dosage_penalty_biological_alias_mass_v1:alpha=3	5c247107561660669e1e40fa17e9c74b9ce7f23c4cacc5cd6479e760fab68aab	region_local	3	0.1383464859818596	0	0.9999999820400683	0.13834651828063696	0	1.0	1.0	1.0	0.8899202263826116	0.9999999638990678	1.0	0	first_linear_segment_at_fitted_phi	0.9999999820400683	1.0	0	first_linear_segment_at_clustered_phi	8
exampleTumor1	m220	region2	clipp2_single_switch_path_mixture_v1	1	phased_unphased_two_state_positive_dosages_v1	endpoint_excess_dosage_penalty_biological_alias_mass_v1:alpha=3	5c247107561660669e1e40fa17e9c74b9ce7f23c4cacc5cd6479e760fab68aab	region_local	1	0.499918593173048	1	0.9999999744101855	0.4999185447556961	0	1.0	2.0	0.4432498707676336	0.04300336857382123	1.5567501292323664	1.5567501292323664	1	second_linear_segment_at_fitted_phi	1.5567500780527375	1.556750117889684	1	second_linear_segment_at_clustered_phi	2
exampleTumor1	m220	region2	clipp2_single_switch_path_mixture_v1	1	phased_unphased_two_state_positive_dosages_v1	endpoint_excess_dosage_penalty_biological_alias_mass_v1:alpha=3	5c247107561660669e1e40fa17e9c74b9ce7f23c4cacc5cd6479e760fab68aab	region_local	2	0.4999185931730409	0	0.9999999744101855	0.4999186416874	1	2.0	1.0	0.5567501292323666	0.043003368573821206	1.5567501292323667	1.5567501292323667	1	second_linear_segment_at_fitted_phi	1.556750103642552	1.5567501434794992	1	second_linear_segment_at_clustered_phi	2
exampleTumor1	m220	region2	clipp2_single_switch_path_mixture_v1	1	phased_unphased_two_state_positive_dosages_v1	endpoint_excess_dosage_penalty_biological_alias_mass_v1:alpha=3	5c247107561660669e1e40fa17e9c74b9ce7f23c4cacc5cd6479e760fab68aab	region_local	3	0.00016281365391109618	0	0.9999999744101855	0.00016281355690394667	0	1.0	1.0	1.0	0.9139932628523576	1.0	1.0	0	switch_boundary_at_fitted_phi	0.9999999744101855	1.0	0	first_linear_segment_at_clustered_phi	8
exampleTumor1	m221	region1	clipp2_single_switch_path_mixture_v1	1	phased_unphased_two_state_positive_dosages_v1	endpoint_excess_dosage_penalty_biological_alias_mass_v1:alpha=3	5c247107561660669e1e40fa17e9c74b9ce7f23c4cacc5cd6479e760fab68aab	region_local	1	0.0016523184789622744	0	0.9999999820400683	0.0016523181641254683	0	2.0	1.0	0.46559310907204654	0.055039886808694184	1.4655930729667395	1.4655931258824293	1	second_linear_segment_at_fitted_phi	1.4655930911121149	1.465593117434067	1	second_linear_segment_at_clustered_phi	2
exampleTumor1	m221	region1	clipp2_single_switch_path_mixture_v1	1	phased_unphased_two_state_positive_dosages_v1	endpoint_excess_dosage_penalty_biological_alias_mass_v1:alpha=3	5c247107561660669e1e40fa17e9c74b9ce7f23c4cacc5cd6479e760fab68aab	region_local	2	0.0016523192407989886	0	0.9999999820400683	0.0016523185430872662	0	1.0	2.0	0.5344068909279536	0.055039886808694205	1.4655930368614323	1.4655930897771208	1	second_linear_segment_at_fitted_phi	1.4655930731521831	1.465593099474135	1	second_linear_segment_at_clustered_phi	2
exampleTumor1	m221	region1	clipp2_single_switch_path_mixture_v1	1	phased_unphased_two_state_positive_dosages_v1	endpoint_excess_dosage_penalty_biological_alias_mass_v1:alpha=3	5c247107561660669e1e40fa17e9c74b9ce7f23c4cacc5cd6479e760fab68aab	region_local	3	0.9966953622802387	1	0.9999999820400683	0.9966953632927873	1	1.0	1.0	1.0	0.8899202263826116	0.9999999638946929	1.0	0	first_linear_segment_at_fitted_phi	0.9999999820400683	1.0	0	first_linear_segment_at_clustered_phi	8
exampleTumor1	m221	region2	clipp2_single_switch_path_mixture_v1	1	phased_unphased_two_state_positive_dosages_v1	endpoint_excess_dosage_penalty_biological_alias_mass_v1:alpha=3	5c247107561660669e1e40fa17e9c74b9ce7f23c4cacc5cd6479e760fab68aab	region_local	1	0.00024594241354324286	0	0.9999999744101855	0.0002459423007862486	0	1.0	2.0	0.4432498707676336	0.04300336857382123	1.5567500518010136	1.556750112071647	1	second_linear_segment_at_fitted_phi	1.5567500780527375	1.556750117889684	1	second_linear_segment_at_clustered_phi	2
exampleTumor1	m221	region2	clipp2_single_switch_path_mixture_v1	1	phased_unphased_two_state_positive_dosages_v1	endpoint_excess_dosage_penalty_biological_alias_mass_v1:alpha=3	5c247107561660669e1e40fa17e9c74b9ce7f23c4cacc5cd6479e760fab68aab	region_local	2	0.00024594224487752003	0	0.9999999744101855	0.0002459421893036756	0	2.0	1.0	0.5567501292323666	0.043003368573821206	1.5567500905166902	1.5567501507873251	1	second_linear_segment_at_fitted_phi	1.556750103642552	1.5567501434794992	1	second_linear_segment_at_clustered_phi	2
exampleTumor1	m221	region2	clipp2_single_switch_path_mixture_v1	1	phased_unphased_two_state_positive_dosages_v1	endpoint_excess_dosage_penalty_biological_alias_mass_v1:alpha=3	5c247107561660669e1e40fa17e9c74b9ce7f23c4cacc5cd6479e760fab68aab	region_local	3	0.9995081153415792	1	0.9999999744101855	0.99950811550991	1	1.0	1.0	1.0	0.9139932628523576	0.9999999612843237	1.0	0	first_linear_segment_at_fitted_phi	0.9999999744101855	1.0	0	first_linear_segment_at_clustered_phi	8
exampleTumor1	m222	region1	clipp2_single_switch_path_mixture_v1	1	phased_unphased_two_state_positive_dosages_v1	endpoint_excess_dosage_penalty_biological_alias_mass_v1:alpha=3	5c247107561660669e1e40fa17e9c74b9ce7f23c4cacc5cd6479e760fab68aab	region_local	1	0.3851280920155153	0	0.9999999820400683	0.3851282337896322	0	1.0	1.0	1.0	0.9757111023207368	0.999999963899051	1.0	0	first_linear_segment_at_fitted_phi	0.9999999820400683	1.0	0	first_linear_segment_at_clustered_phi	2
exampleTumor1	m222	region1	clipp2_single_switch_path_mixture_v1	1	phased_unphased_two_state_positive_dosages_v1	endpoint_excess_dosage_penalty_biological_alias_mass_v1:alpha=3	5c247107561660669e1e40fa17e9c74b9ce7f23c4cacc5cd6479e760fab68aab	region_local	2	0.6148719079844848	1	0.9999999820400683	0.6148717662103678	1	2.0	2.0	1.0	0.02428889767926321	1.999999927798102	2.0	1	first_linear_segment_at_fitted_phi	1.9999999640801367	2.0	1	first_linear_segment_at_clustered_phi	1
exampleTumor1	m222	region2	clipp2_single_switch_path_mixture_v1	1	phased_unphased_two_state_positive_dosages_v1	endpoint_excess_dosage_penalty_biological_alias_mass_v1:alpha=3	5c247107561660669e1e40fa17e9c74b9ce7f23c4cacc5cd6479e760fab68aab	region_local	1	5.040422541038061e-06	0	0.9999999744101855	5.040424557453126e-06	0	1.0	1.0	1.0	0.9757111023207368	0.9999999612863035	1.0	0	first_linear_segment_at_fitted_phi	0.9999999744101855	1.0	0	first_linear_segment_at_clustered_phi	2
exampleTumor1	m222	region2	clipp2_single_switch_path_mixture_v1	1	phased_unphased_two_state_positive_dosages_v1	endpoint_excess_dosage_penalty_biological_alias_mass_v1:alpha=3	5c247107561660669e1e40fa17e9c74b9ce7f23c4cacc5cd6479e760fab68aab	region_local	2	0.999994959577459	1	0.9999999744101855	0.9999949595754426	1	2.0	2.0	1.0	0.02428889767926321	1.999999922572607	2.0	1	first_linear_segment_at_fitted_phi	1.999999948820371	2.0	1	first_linear_segment_at_clustered_phi	1
exampleTumor1	m223	region1	clipp2_single_switch_path_mixture_v1	1	phased_unphased_two_state_positive_dosages_v1	endpoint_excess_dosage_penalty_biological_alias_mass_v1:alpha=3	5c247107561660669e1e40fa17e9c74b9ce7f23c4cacc5cd6479e760fab68aab	region_local	1	6.201832130844952e-05	0	0.4644698459572693	6.201835660047796e-05	0	2.0	1.0	0.46559310907204654	0.055039886808694184	0.9289397268893976	2.0	1	first_linear_segment_at_fitted_phi	0.9289396919145386	2.0	1	first_linear_segment_at_clustered_phi	2
exampleTumor1	m223	region1	clipp2_single_switch_path_mixture_v1	1	phased_unphased_two_state_positive_dosages_v1	endpoint_excess_dosage_penalty_biological_alias_mass_v1:alpha=3	5c247107561660669e1e40fa17e9c74b9ce7f23c4cacc5cd6479e760fab68aab	region_local	2	0.05824211261302962	0	0.4644698459572693	0.05824211261097399	0	1.0	2.0	0.5344068909279536	0.055039886808694205	0.4644698634446988	1.0	0	first_linear_segment_at_fitted_phi	0.4644698459572693	1.0	0	first_linear_segment_at_clustered_phi	2
exampleTumor1	m223	region1	clipp2_single_switch_path_mixture_v1	1	phased_unphased_two_state_positive_dosages_v1	endpoint_excess_dosage_penalty_biological_alias_mass_v1:alpha=3	5c247107561660669e1e40fa17e9c74b9ce7f23c4cacc5cd6479e760fab68aab	region_local	3	0.9416958690656619	1	0.4644698459572693	0.9416958690324254	1	1.0	1.0	1.0	0.8899202263826116	0.4644698634446988	1.0	0	first_linear_segment_at_fitted_phi	0.4644698459572693	1.0	0	first_linear_segment_at_clustered_phi	8
exampleTumor1	m223	region2	clipp2_single_switch_path_mixture_v1	1	phased_unphased_two_state_positive_dosages_v1	endpoint_excess_dosage_penalty_biological_alias_mass_v1:alpha=3	5c247107561660669e1e40fa17e9c74b9ce7f23c4cacc5cd6479e760fab68aab	region_local	1	0.05603420896400364	0	0.5783395130938829	0.05603420317223529	0	1.0	2.0	0.4432498707676336	0.04300336857382123	0.7134291321536324	1.2335818846055335	1	second_linear_segment_at_fitted_phi	0.7134291554201322	1.2335819000219685	1	second_linear_segment_at_clustered_phi	2
exampleTumor1	m223	region2	clipp2_single_switch_path_mixture_v1	1	phased_unphased_two_state_positive_dosages_v1	endpoint_excess_dosage_penalty_biological_alias_mass_v1:alpha=3	5c247107561660669e1e40fa17e9c74b9ce7f23c4cacc5cd6479e760fab68aab	region_local	2	0.0008105410069034214	0	0.5783395130938829	0.000810540797685042	0	2.0	1.0	0.5567501292323666	0.043003368573821206	1.1350896306929994	1.9626700715172642	1	second_linear_segment_at_fitted_phi	1.1350896423262493	1.9626700521532379	1	second_linear_segment_at_clustered_phi	2
exampleTumor1	m223	region2	clipp2_single_switch_path_mixture_v1	1	phased_unphased_two_state_positive_dosages_v1	endpoint_excess_dosage_penalty_biological_alias_mass_v1:alpha=3	5c247107561660669e1e40fa17e9c74b9ce7f23c4cacc5cd6479e760fab68aab	region_local	3	0.943155250029093	1	0.5783395130938829	0.9431552560300797	1	1.0	1.0	1.0	0.9139932628523576	0.578339501460633	1.0	0	first_linear_segment_at_fitted_phi	0.5783395130938829	1.0	0	first_linear_segment_at_clustered_phi	8
exampleTumor1	m224	region1	clipp2_single_switch_path_mixture_v1	1	phased_unphased_two_state_positive_dosages_v1	endpoint_excess_dosage_penalty_biological_alias_mass_v1:alpha=3	5c247107561660669e1e40fa17e9c74b9ce7f23c4cacc5cd6479e760fab68aab	region_local	1	0.001898610335079903	0	0.20466086196598293	0.0018986145336837845	0	2.0	1.0	0.46559310907204654	0.055039886808694184	0.4093218977156665	2.0	1	first_linear_segment_at_fitted_phi	0.40932172393196586	2.0	1	first_linear_segment_at_clustered_phi	2
exampleTumor1	m224	region1	clipp2_single_switch_path_mixture_v1	1	phased_unphased_two_state_positive_dosages_v1	endpoint_excess_dosage_penalty_biological_alias_mass_v1:alpha=3	5c247107561660669e1e40fa17e9c74b9ce7f23c4cacc5cd6479e760fab68aab	region_local	2	0.05813513897981429	0	0.20466086196598293	0.05813513873526356	0	1.0	2.0	0.5344068909279536	0.055039886808694205	0.20466094885783326	1.0	0	first_linear_segment_at_fitted_phi	0.20466086196598293	1.0	0	first_linear_segment_at_clustered_phi	2
exampleTumor1	m224	region1	clipp2_single_switch_path_mixture_v1	1	phased_unphased_two_state_positive_dosages_v1	endpoint_excess_dosage_penalty_biological_alias_mass_v1:alpha=3	5c247107561660669e1e40fa17e9c74b9ce7f23c4cacc5cd6479e760fab68aab	region_local	3	0.9399662506851059	1	0.20466086196598293	0.9399662467310527	1	1.0	1.0	1.0	0.8899202263826116	0.20466094885783326	1.0	0	first_linear_segment_at_fitted_phi	0.20466086196598293	1.0	0	first_linear_segment_at_clustered_phi	8
exampleTumor1	m224	region2	clipp2_single_switch_path_mixture_v1	1	phased_unphased_two_state_positive_dosages_v1	endpoint_excess_dosage_penalty_biological_alias_mass_v1:alpha=3	5c247107561660669e1e40fa17e9c74b9ce7f23c4cacc5cd6479e760fab68aab	region_local	1	0.04492945102530926	0	0.26801886587083323	0.04492945104097186	0	1.0	2.0	0.4432498707676336	0.04300336857382123	0.26801879719117505	1.0	0	first_linear_segment_at_fitted_phi	0.26801886587083323	1.0	0	first_linear_segment_at_clustered_phi	2
exampleTumor1	m224	region2	clipp2_single_switch_path_mixture_v1	1	phased_unphased_two_state_positive_dosages_v1	endpoint_excess_dosage_penalty_biological_alias_mass_v1:alpha=3	5c247107561660669e1e40fa17e9c74b9ce7f23c4cacc5cd6479e760fab68aab	region_local	2	0.00014034460491863852	0	0.26801886587083323	0.0001403442563665742	0	2.0	1.0	0.5567501292323666	0.043003368573821206	0.5360375943823501	2.0	1	first_linear_segment_at_fitted_phi	0.5360377317416665	2.0	1	first_linear_segment_at_clustered_phi	2
exampleTumor1	m224	region2	clipp2_single_switch_path_mixture_v1	1	phased_unphased_two_state_positive_dosages_v1	endpoint_excess_dosage_penalty_biological_alias_mass_v1:alpha=3	5c247107561660669e1e40fa17e9c74b9ce7f23c4cacc5cd6479e760fab68aab	region_local	3	0.9549302043697722	1	0.26801886587083323	0.9549302047026615	1	1.0	1.0	1.0	0.9139932628523576	0.26801879719117505	1.0	0	first_linear_segment_at_fitted_phi	0.26801886587083323	1.0	0	first_linear_segment_at_clustered_phi	8
exampleTumor1	m225	region1	clipp2_single_switch_path_mixture_v1	1	phased_unphased_two_state_positive_dosages_v1	endpoint_excess_dosage_penalty_biological_alias_mass_v1:alpha=3	5c247107561660669e1e40fa17e9c74b9ce7f23c4cacc5cd6479e760fab68aab	region_local	1	0.9994264547708462	1	0.4644698459572693	0.9994264545626333	1	1.0	1.0	1.0	0.9757111023207368	0.4644698601454507	1.0	0	first_linear_segment_at_fitted_phi	0.4644698459572693	1.0	0	first_linear_segment_at_clustered_phi	2
exampleTumor1	m225	region1	clipp2_single_switch_path_mixture_v1	1	phased_unphased_two_state_positive_dosages_v1	endpoint_excess_dosage_penalty_biological_alias_mass_v1:alpha=3	5c247107561660669e1e40fa17e9c74b9ce7f23c4cacc5cd6479e760fab68aab	region_local	2	0.0005735452291537151	0	0.4644698459572693	0.0005735454373666605	0	2.0	2.0	1.0	0.02428889767926321	0.9289397202909014	2.0	1	first_linear_segment_at_fitted_phi	0.9289396919145386	2.0	1	first_linear_segment_at_clustered_phi	1
exampleTumor1	m225	region2	clipp2_single_switch_path_mixture_v1	1	phased_unphased_two_state_positive_dosages_v1	endpoint_excess_dosage_penalty_biological_alias_mass_v1:alpha=3	5c247107561660669e1e40fa17e9c74b9ce7f23c4cacc5cd6479e760fab68aab	region_local	1	0.9999163608850737	1	0.5783395130938829	0.9999163608628093	1	1.0	1.0	1.0	0.9757111023207368	0.5783395204644289	1.0	0	first_linear_segment_at_fitted_phi	0.5783395130938829	1.0	0	first_linear_segment_at_clustered_phi	2
exampleTumor1	m225	region2	clipp2_single_switch_path_mixture_v1	1	phased_unphased_two_state_positive_dosages_v1	endpoint_excess_dosage_penalty_biological_alias_mass_v1:alpha=3	5c247107561660669e1e40fa17e9c74b9ce7f23c4cacc5cd6479e760fab68aab	region_local	2	8.363911492631296e-05	0	0.5783395130938829	8.363913719065783e-05	0	2.0	2.0	1.0	0.02428889767926321	1.1566790409288579	2.0	1	first_linear_segment_at_fitted_phi	1.1566790261877657	2.0	1	first_linear_segment_at_clustered_phi	1
exampleTumor1	m226	region1	clipp2_single_switch_path_mixture_v1	1	phased_unphased_two_state_positive_dosages_v1	endpoint_excess_dosage_penalty_biological_alias_mass_v1:alpha=3	5c247107561660669e1e40fa17e9c74b9ce7f23c4cacc5cd6479e760fab68aab	region_local	1	0.9999976861214288	1	0.9999999820400683	0.9999976861231002	1	1.0	1.0	1.0	0.9757111023207368	0.9999999638950805	1.0	0	first_linear_segment_at_fitted_phi	0.9999999820400683	1.0	0	first_linear_segment_at_clustered_phi	2
exampleTumor1	m226	region1	clipp2_single_switch_path_mixture_v1	1	phased_unphased_two_state_positive_dosages_v1	endpoint_excess_dosage_penalty_biological_alias_mass_v1:alpha=3	5c247107561660669e1e40fa17e9c74b9ce7f23c4cacc5cd6479e760fab68aab	region_local	2	2.313878571236466e-06	0	0.9999999820400683	2.3138768997050797e-06	0	2.0	2.0	1.0	0.02428889767926321	1.999999927790161	2.0	1	first_linear_segment_at_fitted_phi	1.9999999640801367	2.0	1	first_linear_segment_at_clustered_phi	1
exampleTumor1	m226	region2	clipp2_single_switch_path_mixture_v1	1	phased_unphased_two_state_positive_dosages_v1	endpoint_excess_dosage_penalty_biological_alias_mass_v1:alpha=3	5c247107561660669e1e40fa17e9c74b9ce7f23c4cacc5cd6479e760fab68aab	region_local	1	0.9999653834341828	1	0.9999999744101855	0.9999653833943234	1	1.0	1.0	1.0	0.9757111023207368	1.0	1.0	0	switch_boundary_at_fitted_phi	0.9999999744101855	1.0	0	first_linear_segment_at_clustered_phi	2
exampleTumor1	m226	region2	clipp2_single_switch_path_mixture_v1	1	phased_unphased_two_state_positive_dosages_v1	endpoint_excess_dosage_penalty_biological_alias_mass_v1:alpha=3	5c247107561660669e1e40fa17e9c74b9ce7f23c4cacc5cd6479e760fab68aab	region_local	2	3.4616565817155494e-05	0	0.9999999744101855	3.461660567662512e-05	0	2.0	2.0	1.0	0.02428889767926321	2.0	2.0	1	switch_boundary_at_fitted_phi	1.999999948820371	2.0	1	first_linear_segment_at_clustered_phi	1
exampleTumor1	m227	region1	clipp2_single_switch_path_mixture_v1	1	phased_unphased_two_state_positive_dosages_v1	endpoint_excess_dosage_penalty_biological_alias_mass_v1:alpha=3	5c247107561660669e1e40fa17e9c74b9ce7f23c4cacc5cd6479e760fab68aab	region_local	1	0.0399790864249625	0	0.9999999820400683	0.0399790896360063	0	2.0	1.0	0.18979727272857988	0.1102685636923483	1.1897972727285797	1.1897972727285797	1	second_linear_segment_at_fitted_phi	1.1897972547686484	1.189797276137326	1	second_linear_segment_at_clustered_phi	2
exampleTumor1	m227	region1	clipp2_single_switch_path_mixture_v1	1	phased_unphased_two_state_positive_dosages_v1	endpoint_excess_dosage_penalty_biological_alias_mass_v1:alpha=3	5c247107561660669e1e40fa17e9c74b9ce7f23c4cacc5cd6479e760fab68aab	region_local	2	0.0399790864249625	0	0.9999999820400683	0.03997909593052	0	1.0	2.0	0.8102027272714202	0.1102685636923483	1.1897972727285797	1.1897972727285797	1	second_linear_segment_at_fitted_phi	1.1897972368087166	1.1897972581773941	1	second_linear_segment_at_clustered_phi	2
exampleTumor1	m227	region1	clipp2_single_switch_path_mixture_v1	1	phased_unphased_two_state_positive_dosages_v1	endpoint_excess_dosage_penalty_biological_alias_mass_v1:alpha=3	5c247107561660669e1e40fa17e9c74b9ce7f23c4cacc5cd6479e760fab68aab	region_local	3	0.9200418271500751	1	0.9999999820400683	0.9200418144334738	1	1.0	1.0	1.0	0.7794628726153034	1.0	1.0	0	switch_boundary_at_fitted_phi	0.9999999820400683	1.0	0	first_linear_segment_at_clustered_phi	8
exampleTumor1	m227	region2	clipp2_single_switch_path_mixture_v1	1	phased_unphased_two_state_positive_dosages_v1	endpoint_excess_dosage_penalty_biological_alias_mass_v1:alpha=3	5c247107561660669e1e40fa17e9c74b9ce7f23c4cacc5cd6479e760fab68aab	region_local	1	0.017231127530442886	0	0.9999999744101855	0.01723112522490534	0	2.0	1.0	0.320738881115505	0.08019266527581756	1.3207388424000182	1.3207388935330675	1	second_linear_segment_at_fitted_phi	1.3207388555256907	1.320738889323154	1	second_linear_segment_at_clustered_phi	2
exampleTumor1	m227	region2	clipp2_single_switch_path_mixture_v1	1	phased_unphased_two_state_positive_dosages_v1	endpoint_excess_dosage_penalty_biological_alias_mass_v1:alpha=3	5c247107561660669e1e40fa17e9c74b9ce7f23c4cacc5cd6479e760fab68aab	region_local	2	0.017231134486564027	0	0.9999999744101855	0.017231129822699094	0	1.0	2.0	0.6792611188844951	0.08019266527581756	1.320738803684531	1.3207388548175787	1	second_linear_segment_at_fitted_phi	1.320738829935876	1.3207388637333386	1	second_linear_segment_at_clustered_phi	2
exampleTumor1	m227	region2	clipp2_single_switch_path_mixture_v1	1	phased_unphased_two_state_positive_dosages_v1	endpoint_excess_dosage_penalty_biological_alias_mass_v1:alpha=3	5c247107561660669e1e40fa17e9c74b9ce7f23c4cacc5cd6479e760fab68aab	region_local	3	0.9655377379829931	1	0.9999999744101855	0.9655377449523956	1	1.0	1.0	1.0	0.8396146694483648	0.9999999612845131	1.0	0	first_linear_segment_at_fitted_phi	0.9999999744101855	1.0	0	first_linear_segment_at_clustered_phi	8
exampleTumor1	m228	region1	clipp2_single_switch_path_mixture_v1	1	phased_unphased_two_state_positive_dosages_v1	endpoint_excess_dosage_penalty_biological_alias_mass_v1:alpha=3	5c247107561660669e1e40fa17e9c74b9ce7f23c4cacc5cd6479e760fab68aab	region_local	1	0.9999009782159615	1	0.4644698459572693	0.9999009781480099	1	1.0	1.0	1.0	0.9757111023207368	0.46446987180691585	1.0	0	first_linear_segment_at_fitted_phi	0.4644698459572693	1.0	0	first_linear_segment_at_clustered_phi	2
exampleTumor1	m228	region1	clipp2_single_switch_path_mixture_v1	1	phased_unphased_two_state_positive_dosages_v1	endpoint_excess_dosage_penalty_biological_alias_mass_v1:alpha=3	5c247107561660669e1e40fa17e9c74b9ce7f23c4cacc5cd6479e760fab68aab	region_local	2	9.902178403861929e-05	0	0.4644698459572693	9.902185199013778e-05	0	2.0	2.0	1.0	0.02428889767926321	0.9289397436138317	2.0	1	first_linear_segment_at_fitted_phi	0.9289396919145386	2.0	1	first_linear_segment_at_clustered_phi	1
exampleTumor1	m228	region2	clipp2_single_switch_path_mixture_v1	1	phased_unphased_two_state_positive_dosages_v1	endpoint_excess_dosage_penalty_biological_alias_mass_v1:alpha=3	5c247107561660669e1e40fa17e9c74b9ce7f23c4cacc5cd6479e760fab68aab	region_local	1	0.9999796877432795	1	0.5783395130938829	0.9999796877308178	1	1.0	1.0	1.0	0.9757111023207368	0.5783395316443075	1.0	0	first_linear_segment_at_fitted_phi	0.5783395130938829	1.0	0	first_linear_segment_at_clustered_phi	2
exampleTumor1	m228	region2	clipp2_single_switch_path_mixture_v1	1	phased_unphased_two_state_positive_dosages_v1	endpoint_excess_dosage_penalty_biological_alias_mass_v1:alpha=3	5c247107561660669e1e40fa17e9c74b9ce7f23c4cacc5cd6479e760fab68aab	region_local	2	2.0312256720538895e-05	0	0.5783395130938829	2.031226918219997e-05	0	2.0	2.0	1.0	0.02428889767926321	1.156679063288615	2.0	1	first_linear_segment_at_fitted_phi	1.1566790261877657	2.0	1	first_linear_segment_at_clustered_phi	1
exampleTumor1	m229	region1	clipp2_single_switch_path_mixture_v1	1	phased_unphased_two_state_positive_dosages_v1	endpoint_excess_dosage_penalty_biological_alias_mass_v1:alpha=3	5c247107561660669e1e40fa17e9c74b9ce7f23c4cacc5cd6479e760fab68aab	region_local	1	0.999996672899074	1	0.9999999820400683	0.9999966729015723	1	1.0	1.0	1.0	0.9757111023207368	0.9999999638952772	1.0	0	first_linear_segment_at_fitted_phi	0.9999999820400683	1.0	0	first_linear_segment_at_clustered_phi	2
exampleTumor1	m229	region1	clipp2_single_switch_path_mixture_v1	1	phased_unphased_two_state_positive_dosages_v1	endpoint_excess_dosage_penalty_biological_alias_mass_v1:alpha=3	5c247107561660669e1e40fa17e9c74b9ce7f23c4cacc5cd6479e760fab68aab	region_local	2	3.3271009259802727e-06	0	0.9999999820400683	3.3270984276588703e-06	0	2.0	2.0	1.0	0.02428889767926321	1.9999999277905545	2.0	1	first_linear_segment_at_fitted_phi	1.9999999640801367	2.0	1	first_linear_segment_at_clustered_phi	1
exampleTumor1	m229	region2	clipp2_single_switch_path_mixture_v1	1	phased_unphased_two_state_positive_dosages_v1	endpoint_excess_dosage_penalty_biological_alias_mass_v1:alpha=3	5c247107561660669e1e40fa17e9c74b9ce7f23c4cacc5cd6479e760fab68aab	region_local	1	0.9999999981278453	1	0.9999999744101855	0.9999999981278468	1	1.0	1.0	1.0	0.9757111023207368	0.9999999612842846	1.0	0	first_linear_segment_at_fitted_phi	0.9999999744101855	1.0	0	first_linear_segment_at_clustered_phi	2
exampleTumor1	m229	region2	clipp2_single_switch_path_mixture_v1	1	phased_unphased_two_state_positive_dosages_v1	endpoint_excess_dosage_penalty_biological_alias_mass_v1:alpha=3	5c247107561660669e1e40fa17e9c74b9ce7f23c4cacc5cd6479e760fab68aab	region_local	2	1.87215464935061e-09	0	0.9999999744101855	1.8721532225471384e-09	0	2.0	2.0	1.0	0.02428889767926321	1.9999999225685692	2.0	1	first_linear_segment_at_fitted_phi	1.999999948820371	2.0	1	first_linear_segment_at_clustered_phi	1
exampleTumor1	m230	region1	clipp2_single_switch_path_mixture_v1	1	phased_unphased_two_state_positive_dosages_v1	endpoint_excess_dosage_penalty_biological_alias_mass_v1:alpha=3	5c247107561660669e1e40fa17e9c74b9ce7f23c4cacc5cd6479e760fab68aab	region_local	1	0.014989086446036267	0	0.9999999820400683	0.01498909062563142	0	2.0	1.0	0.46559310907204654	0.055039886808694184	1.4655931090720467	1.4655931090720467	1	second_linear_segment_at_fitted_phi	1.4655930911121149	1.465593117434067	1	second_linear_segment_at_clustered_phi	2
exampleTumor1	m230	region1	clipp2_single_switch_path_mixture_v1	1	phased_unphased_two_state_positive_dosages_v1	endpoint_excess_dosage_penalty_biological_alias_mass_v1:alpha=3	5c247107561660669e1e40fa17e9c74b9ce7f23c4cacc5cd6479e760fab68aab	region_local	2	0.014989086446036267	0	0.9999999820400683	0.014989093461169226	0	1.0	2.0	0.5344068909279536	0.055039886808694205	1.4655931090720464	1.4655931090720464	1	second_linear_segment_at_fitted_phi	1.4655930731521831	1.465593099474135	1	second_linear_segment_at_clustered_phi	2
exampleTumor1	m230	region1	clipp2_single_switch_path_mixture_v1	1	phased_unphased_two_state_positive_dosages_v1	endpoint_excess_dosage_penalty_biological_alias_mass_v1:alpha=3	5c247107561660669e1e40fa17e9c74b9ce7f23c4cacc5cd6479e760fab68aab	region_local	3	0.9700218271079274	1	0.9999999820400683	0.9700218159131994	1	1.0	1.0	1.0	0.8899202263826116	1.0	1.0	0	switch_boundary_at_fitted_phi	0.9999999820400683	1.0	0	first_linear_segment_at_clustered_phi	8
exampleTumor1	m230	region2	clipp2_single_switch_path_mixture_v1	1	phased_unphased_two_state_positive_dosages_v1	endpoint_excess_dosage_penalty_biological_alias_mass_v1:alpha=3	5c247107561660669e1e40fa17e9c74b9ce7f23c4cacc5cd6479e760fab68aab	region_local	1	2.0724356271958057e-06	0	0.9999999744101855	2.0724382970640333e-06	0	1.0	2.0	0.4432498707676336	0.04300336857382123	1.5567501292323664	1.5567501292323664	1	second_linear_segment_at_fitted_phi	1.5567500780527375	1.556750117889684	1	second_linear_segment_at_clustered_phi	2
exampleTumor1	m230	region2	clipp2_single_switch_path_mixture_v1	1	phased_unphased_two_state_positive_dosages_v1	endpoint_excess_dosage_penalty_biological_alias_mass_v1:alpha=3	5c247107561660669e1e40fa17e9c74b9ce7f23c4cacc5cd6479e760fab68aab	region_local	2	2.072435627195776e-06	0	0.9999999744101855	2.0724367809737002e-06	0	2.0	1.0	0.5567501292323666	0.043003368573821206	1.5567501292323667	1.5567501292323667	1	second_linear_segment_at_fitted_phi	1.556750103642552	1.5567501434794992	1	second_linear_segment_at_clustered_phi	2
exampleTumor1	m230	region2	clipp2_single_switch_path_mixture_v1	1	phased_unphased_two_state_positive_dosages_v1	endpoint_excess_dosage_penalty_biological_alias_mass_v1:alpha=3	5c247107561660669e1e40fa17e9c74b9ce7f23c4cacc5cd6479e760fab68aab	region_local	3	0.9999958551287456	1	0.9999999744101855	0.999995855124922	1	1.0	1.0	1.0	0.9139932628523576	1.0	1.0	0	switch_boundary_at_fitted_phi	0.9999999744101855	1.0	0	first_linear_segment_at_clustered_phi	8
exampleTumor1	m231	region1	clipp2_single_switch_path_mixture_v1	1	phased_unphased_two_state_positive_dosages_v1	endpoint_excess_dosage_penalty_biological_alias_mass_v1:alpha=3	5c247107561660669e1e40fa17e9c74b9ce7f23c4cacc5cd6479e760fab68aab	region_local	1	0.4976033704297001	1	0.9999999820400683	0.49760340765326777	1	2.0	1.0	0.46559310907204654	0.055039886808694184	1.4655931090720467	1.4655931090720467	1	second_linear_segment_at_fitted_phi	1.4655930911121149	1.465593117434067	1	second_linear_segment_at_clustered_phi	2
exampleTumor1	m231	region1	clipp2_single_switch_path_mixture_v1	1	phased_unphased_two_state_positive_dosages_v1	endpoint_excess_dosage_penalty_biological_alias_mass_v1:alpha=3	5c247107561660669e1e40fa17e9c74b9ce7f23c4cacc5cd6479e760fab68aab	region_local	2	0.4976033704297001	0	0.9999999820400683	0.49760333431301457	0	1.0	2.0	0.5344068909279536	0.055039886808694205	1.4655931090720464	1.4655931090720464	1	second_linear_segment_at_fitted_phi	1.4655930731521831	1.465593099474135	1	second_linear_segment_at_clustered_phi	2
exampleTumor1	m231	region1	clipp2_single_switch_path_mixture_v1	1	phased_unphased_two_state_positive_dosages_v1	endpoint_excess_dosage_penalty_biological_alias_mass_v1:alpha=3	5c247107561660669e1e40fa17e9c74b9ce7f23c4cacc5cd6479e760fab68aab	region_local	3	0.004793259140599892	0	0.9999999820400683	0.004793258033717681	0	1.0	1.0	1.0	0.8899202263826116	1.0	1.0	0	switch_boundary_at_fitted_phi	0.9999999820400683	1.0	0	first_linear_segment_at_clustered_phi	8
exampleTumor1	m231	region2	clipp2_single_switch_path_mixture_v1	1	phased_unphased_two_state_positive_dosages_v1	endpoint_excess_dosage_penalty_biological_alias_mass_v1:alpha=3	5c247107561660669e1e40fa17e9c74b9ce7f23c4cacc5cd6479e760fab68aab	region_local	1	0.48575664049531125	1	0.9999999744101855	0.485756631848849	1	1.0	2.0	0.4432498707676336	0.04300336857382123	1.5567500518050637	1.5567501120725449	1	second_linear_segment_at_fitted_phi	1.5567500780527375	1.556750117889684	1	second_linear_segment_at_clustered_phi	2
exampleTumor1	m231	region2	clipp2_single_switch_path_mixture_v1	1	phased_unphased_two_state_positive_dosages_v1	endpoint_excess_dosage_penalty_biological_alias_mass_v1:alpha=3	5c247107561660669e1e40fa17e9c74b9ce7f23c4cacc5cd6479e760fab68aab	region_local	2	0.48575661752655114	0	0.9999999744101855	0.4857566166664366	0	2.0	1.0	0.5567501292323666	0.043003368573821206	1.5567500905187153	1.5567501507861978	1	second_linear_segment_at_fitted_phi	1.556750103642552	1.5567501434794992	1	second_linear_segment_at_clustered_phi	2
exampleTumor1	m231	region2	clipp2_single_switch_path_mixture_v1	1	phased_unphased_two_state_positive_dosages_v1	endpoint_excess_dosage_penalty_biological_alias_mass_v1:alpha=3	5c247107561660669e1e40fa17e9c74b9ce7f23c4cacc5cd6479e760fab68aab	region_local	3	0.028486741978137664	0	0.9999999744101855	0.028486751484714495	0	1.0	1.0	1.0	0.9139932628523576	0.9999999612863486	1.0	0	first_linear_segment_at_fitted_phi	0.9999999744101855	1.0	0	first_linear_segment_at_clustered_phi	8
exampleTumor1	m232	region1	clipp2_single_switch_path_mixture_v1	1	phased_unphased_two_state_positive_dosages_v1	endpoint_excess_dosage_penalty_biological_alias_mass_v1:alpha=3	5c247107561660669e1e40fa17e9c74b9ce7f23c4cacc5cd6479e760fab68aab	region_local	1	0.9999941018599747	1	0.4644698459572693	0.9999941018527374	1	1.0	1.0	1.0	0.9757111023207368	0.46446988909388176	1.0	0	first_linear_segment_at_fitted_phi	0.4644698459572693	1.0	0	first_linear_segment_at_clustered_phi	2
exampleTumor1	m232	region1	clipp2_single_switch_path_mixture_v1	1	phased_unphased_two_state_positive_dosages_v1	endpoint_excess_dosage_penalty_biological_alias_mass_v1:alpha=3	5c247107561660669e1e40fa17e9c74b9ce7f23c4cacc5cd6479e760fab68aab	region_local	2	5.898140025320307e-06	0	0.4644698459572693	5.8981472626559415e-06	0	2.0	2.0	1.0	0.02428889767926321	0.9289397781877635	2.0	1	first_linear_segment_at_fitted_phi	0.9289396919145386	2.0	1	first_linear_segment_at_clustered_phi	1
exampleTumor1	m232	region2	clipp2_single_switch_path_mixture_v1	1	phased_unphased_two_state_positive_dosages_v1	endpoint_excess_dosage_penalty_biological_alias_mass_v1:alpha=3	5c247107561660669e1e40fa17e9c74b9ce7f23c4cacc5cd6479e760fab68aab	region_local	1	0.999966376801063	1	0.5783395130938829	0.9999663768081911	1	1.0	1.0	1.0	0.9757111023207368	0.5783395083175392	1.0	0	first_linear_segment_at_fitted_phi	0.5783395130938829	1.0	0	first_linear_segment_at_clustered_phi	2
exampleTumor1	m232	region2	clipp2_single_switch_path_mixture_v1	1	phased_unphased_two_state_positive_dosages_v1	endpoint_excess_dosage_penalty_biological_alias_mass_v1:alpha=3	5c247107561660669e1e40fa17e9c74b9ce7f23c4cacc5cd6479e760fab68aab	region_local	2	3.362319893704333e-05	0	0.5783395130938829	3.362319180885585e-05	0	2.0	2.0	1.0	0.02428889767926321	1.1566790166350784	2.0	1	first_linear_segment_at_fitted_phi	1.1566790261877657	2.0	1	first_linear_segment_at_clustered_phi	1
exampleTumor1	m233	region1	clipp2_single_switch_path_mixture_v1	1	phased_unphased_two_state_positive_dosages_v1	endpoint_excess_dosage_penalty_biological_alias_mass_v1:alpha=3	5c247107561660669e1e40fa17e9c74b9ce7f23c4cacc5cd6479e760fab68aab	region_local	1	0.9999856077867019	1	0.4644698459572693	0.9999856077734548	1	1.0	1.0	1.0	0.9757111023207368	0.464469876938098	1.0	0	first_linear_segment_at_fitted_phi	0.4644698459572693	1.0	0	first_linear_segment_at_clustered_phi	2
exampleTumor1	m233	region1	clipp2_single_switch_path_mixture_v1	1	phased_unphased_two_state_positive_dosages_v1	endpoint_excess_dosage_penalty_biological_alias_mass_v1:alpha=3	5c247107561660669e1e40fa17e9c74b9ce7f23c4cacc5cd6479e760fab68aab	region_local	2	1.439221329814239e-05	0	0.4644698459572693	1.4392226545211436e-05	0	2.0	2.0	1.0	0.02428889767926321	0.928939753876196	2.0	1	first_linear_segment_at_fitted_phi	0.9289396919145386	2.0	1	first_linear_segment_at_clustered_phi	1
exampleTumor1	m233	region2	clipp2_single_switch_path_mixture_v1	1	phased_unphased_two_state_positive_dosages_v1	endpoint_excess_dosage_penalty_biological_alias_mass_v1:alpha=3	5c247107561660669e1e40fa17e9c74b9ce7f23c4cacc5cd6479e760fab68aab	region_local	1	0.9999892360998505	1	0.5783395130938829	0.9999892360958638	1	1.0	1.0	1.0	0.9757111023207368	0.5783395225507162	1.0	0	first_linear_segment_at_fitted_phi	0.5783395130938829	1.0	0	first_linear_segment_at_clustered_phi	2
exampleTumor1	m233	region2	clipp2_single_switch_path_mixture_v1	1	phased_unphased_two_state_positive_dosages_v1	endpoint_excess_dosage_penalty_biological_alias_mass_v1:alpha=3	5c247107561660669e1e40fa17e9c74b9ce7f23c4cacc5cd6479e760fab68aab	region_local	2	1.0763900149500018e-05	0	0.5783395130938829	1.076390413618866e-05	0	2.0	2.0	1.0	0.02428889767926321	1.1566790451014324	2.0	1	first_linear_segment_at_fitted_phi	1.1566790261877657	2.0	1	first_linear_segment_at_clustered_phi	1
exampleTumor1	m234	region1	clipp2_single_switch_path_mixture_v1	1	phased_unphased_two_state_positive_dosages_v1	endpoint_excess_dosage_penalty_biological_alias_mass_v1:alpha=3	5c247107561660669e1e40fa17e9c74b9ce7f23c4cacc5cd6479e760fab68aab	region_local	1	0.062122703886987554	0	0.9999999820400683	0.06212271821213918	0	2.0	1.0	0.46559310907204654	0.055039886808694184	1.4655931090720467	1.4655931090720467	1	second_linear_segment_at_fitted_phi	1.4655930911121149	1.465593117434067	1	second_linear_segment_at_clustered_phi	2
exampleTumor1	m234	region1	clipp2_single_switch_path_mixture_v1	1	phased_unphased_two_state_positive_dosages_v1	endpoint_excess_dosage_penalty_biological_alias_mass_v1:alpha=3	5c247107561660669e1e40fa17e9c74b9ce7f23c4cacc5cd6479e760fab68aab	region_local	2	0.062122703886987554	0	0.9999999820400683	0.062122725737566845	0	1.0	2.0	0.5344068909279536	0.055039886808694205	1.4655931090720464	1.4655931090720464	1	second_linear_segment_at_fitted_phi	1.4655930731521831	1.465593099474135	1	second_linear_segment_at_clustered_phi	2
exampleTumor1	m234	region1	clipp2_single_switch_path_mixture_v1	1	phased_unphased_two_state_positive_dosages_v1	endpoint_excess_dosage_penalty_biological_alias_mass_v1:alpha=3	5c247107561660669e1e40fa17e9c74b9ce7f23c4cacc5cd6479e760fab68aab	region_local	3	0.8757545922260249	1	0.9999999820400683	0.875754556050294	1	1.0	1.0	1.0	0.8899202263826116	1.0	1.0	0	switch_boundary_at_fitted_phi	0.9999999820400683	1.0	0	first_linear_segment_at_clustered_phi	8
exampleTumor1	m234	region2	clipp2_single_switch_path_mixture_v1	1	phased_unphased_two_state_positive_dosages_v1	endpoint_excess_dosage_penalty_biological_alias_mass_v1:alpha=3	5c247107561660669e1e40fa17e9c74b9ce7f23c4cacc5cd6479e760fab68aab	region_local	1	0.21380287708768833	0	0.9999999744101855	0.21380282960405764	0	1.0	2.0	0.4432498707676336	0.04300336857382123	1.556750051802957	1.5567501120720777	1	second_linear_segment_at_fitted_phi	1.5567500780527375	1.556750117889684	1	second_linear_segment_at_clustered_phi	2
exampleTumor1	m234	region2	clipp2_single_switch_path_mixture_v1	1	phased_unphased_two_state_positive_dosages_v1	endpoint_excess_dosage_penalty_biological_alias_mass_v1:alpha=3	5c247107561660669e1e40fa17e9c74b9ce7f23c4cacc5cd6479e760fab68aab	region_local	2	0.21380282629433686	0	0.9999999744101855	0.21380279603044972	0	2.0	1.0	0.5567501292323666	0.043003368573821206	1.5567500905176619	1.5567501507867842	1	second_linear_segment_at_fitted_phi	1.556750103642552	1.5567501434794992	1	second_linear_segment_at_clustered_phi	2
exampleTumor1	m234	region2	clipp2_single_switch_path_mixture_v1	1	phased_unphased_two_state_positive_dosages_v1	endpoint_excess_dosage_penalty_biological_alias_mass_v1:alpha=3	5c247107561660669e1e40fa17e9c74b9ce7f23c4cacc5cd6479e760fab68aab	region_local	3	0.5723942966179748	1	0.9999999744101855	0.5723943743654927	1	1.0	1.0	1.0	0.9139932628523576	0.9999999612852953	1.0	0	first_linear_segment_at_fitted_phi	0.9999999744101855	1.0	0	first_linear_segment_at_clustered_phi	8
exampleTumor1	m235	region1	clipp2_single_switch_path_mixture_v1	1	phased_unphased_two_state_positive_dosages_v1	endpoint_excess_dosage_penalty_biological_alias_mass_v1:alpha=3	5c247107561660669e1e40fa17e9c74b9ce7f23c4cacc5cd6479e760fab68aab	region_local	1	0.011990899536003073	0	0.20466086196598293	0.011990887900969123	0	2.0	1.0	0.46559310907204654	0.055039886808694184	0.409321650362227	2.0	1	first_linear_segment_at_fitted_phi	0.40932172393196586	2.0	1	first_linear_segment_at_clustered_phi	2
exampleTumor1	m235	region1	clipp2_single_switch_path_mixture_v1	1	phased_unphased_two_state_positive_dosages_v1	endpoint_excess_dosage_penalty_biological_alias_mass_v1:alpha=3	5c247107561660669e1e40fa17e9c74b9ce7f23c4cacc5cd6479e760fab68aab	region_local	2	0.05754730627925347	0	0.20466086196598293	0.057547306956944454	0	1.0	2.0	0.5344068909279536	0.055039886808694205	0.2046608251811135	1.0	0	first_linear_segment_at_fitted_phi	0.20466086196598293	1.0	0	first_linear_segment_at_clustered_phi	2
exampleTumor1	m235	region1	clipp2_single_switch_path_mixture_v1	1	phased_unphased_two_state_positive_dosages_v1	endpoint_excess_dosage_penalty_biological_alias_mass_v1:alpha=3	5c247107561660669e1e40fa17e9c74b9ce7f23c4cacc5cd6479e760fab68aab	region_local	3	0.9304617941847435	1	0.20466086196598293	0.9304618051420864	1	1.0	1.0	1.0	0.8899202263826116	0.2046608251811135	1.0	0	first_linear_segment_at_fitted_phi	0.20466086196598293	1.0	0	first_linear_segment_at_clustered_phi	8
exampleTumor1	m235	region2	clipp2_single_switch_path_mixture_v1	1	phased_unphased_two_state_positive_dosages_v1	endpoint_excess_dosage_penalty_biological_alias_mass_v1:alpha=3	5c247107561660669e1e40fa17e9c74b9ce7f23c4cacc5cd6479e760fab68aab	region_local	1	0.044874421164521935	0	0.26801886587083323	0.04487442141538742	0	1.0	2.0	0.4432498707676336	0.04300336857382123	0.2680187394599296	1.0	0	first_linear_segment_at_fitted_phi	0.26801886587083323	1.0	0	first_linear_segment_at_clustered_phi	2
exampleTumor1	m235	region2	clipp2_single_switch_path_mixture_v1	1	phased_unphased_two_state_positive_dosages_v1	endpoint_excess_dosage_penalty_biological_alias_mass_v1:alpha=3	5c247107561660669e1e40fa17e9c74b9ce7f23c4cacc5cd6479e760fab68aab	region_local	2	0.001364978700990904	0	0.26801886587083323	0.0013649731182325882	0	2.0	1.0	0.5567501292323666	0.043003368573821206	0.5360374789198592	2.0	1	first_linear_segment_at_fitted_phi	0.5360377317416665	2.0	1	first_linear_segment_at_clustered_phi	2
exampleTumor1	m235	region2	clipp2_single_switch_path_mixture_v1	1	phased_unphased_two_state_positive_dosages_v1	endpoint_excess_dosage_penalty_biological_alias_mass_v1:alpha=3	5c247107561660669e1e40fa17e9c74b9ce7f23c4cacc5cd6479e760fab68aab	region_local	3	0.9537606001344872	1	0.26801886587083323	0.9537606054663801	1	1.0	1.0	1.0	0.9139932628523576	0.2680187394599296	1.0	0	first_linear_segment_at_fitted_phi	0.26801886587083323	1.0	0	first_linear_segment_at_clustered_phi	8
exampleTumor1	m236	region1	clipp2_single_switch_path_mixture_v1	1	phased_unphased_two_state_positive_dosages_v1	endpoint_excess_dosage_penalty_biological_alias_mass_v1:alpha=3	5c247107561660669e1e40fa17e9c74b9ce7f23c4cacc5cd6479e760fab68aab	region_local	1	0.9999906415464128	1	0.9999999820400683	0.9999906415395453	1	1.0	1.0	1.0	0.9757111023207368	1.0	1.0	0	switch_boundary_at_fitted_phi	0.9999999820400683	1.0	0	first_linear_segment_at_clustered_phi	2
exampleTumor1	m236	region1	clipp2_single_switch_path_mixture_v1	1	phased_unphased_two_state_positive_dosages_v1	endpoint_excess_dosage_penalty_biological_alias_mass_v1:alpha=3	5c247107561660669e1e40fa17e9c74b9ce7f23c4cacc5cd6479e760fab68aab	region_local	2	9.358453587157554e-06	0	0.9999999820400683	9.358460454747442e-06	0	2.0	2.0	1.0	0.02428889767926321	2.0	2.0	1	switch_boundary_at_fitted_phi	1.9999999640801367	2.0	1	first_linear_segment_at_clustered_phi	1
exampleTumor1	m236	region2	clipp2_single_switch_path_mixture_v1	1	phased_unphased_two_state_positive_dosages_v1	endpoint_excess_dosage_penalty_biological_alias_mass_v1:alpha=3	5c247107561660669e1e40fa17e9c74b9ce7f23c4cacc5cd6479e760fab68aab	region_local	1	0.999999345438976	1	0.9999999744101855	0.9999993454394	1	1.0	1.0	1.0	0.9757111023207368	0.9999999612843877	1.0	0	first_linear_segment_at_fitted_phi	0.9999999744101855	1.0	0	first_linear_segment_at_clustered_phi	2
exampleTumor1	m236	region2	clipp2_single_switch_path_mixture_v1	1	phased_unphased_two_state_positive_dosages_v1	endpoint_excess_dosage_penalty_biological_alias_mass_v1:alpha=3	5c247107561660669e1e40fa17e9c74b9ce7f23c4cacc5cd6479e760fab68aab	region_local	2	6.545610240926746e-07	0	0.9999999744101855	6.545606000712298e-07	0	2.0	2.0	1.0	0.02428889767926321	1.9999999225687755	2.0	1	first_linear_segment_at_fitted_phi	1.999999948820371	2.0	1	first_linear_segment_at_clustered_phi	1
exampleTumor1	m237	region1	clipp2_single_switch_path_mixture_v1	1	phased_unphased_two_state_positive_dosages_v1	endpoint_excess_dosage_penalty_biological_alias_mass_v1:alpha=3	5c247107561660669e1e40fa17e9c74b9ce7f23c4cacc5cd6479e760fab68aab	region_local	1	0.007056907548432191	0	0.9999999820400683	0.007056905887703605	0	2.0	1.0	0.46559310907204654	0.055039886808694184	1.4655930729676996	1.4655931258819823	1	second_linear_segment_at_fitted_phi	1.4655930911121149	1.465593117434067	1	second_linear_segment_at_clustered_phi	2
exampleTumor1	m237	region1	clipp2_single_switch_path_mixture_v1	1	phased_unphased_two_state_positive_dosages_v1	endpoint_excess_dosage_penalty_biological_alias_mass_v1:alpha=3	5c247107561660669e1e40fa17e9c74b9ce7f23c4cacc5cd6479e760fab68aab	region_local	2	0.007056910310000161	0	0.9999999820400683	0.007056907261431801	0	1.0	2.0	0.5344068909279536	0.055039886808694205	1.4655930368633525	1.465593089777634	1	second_linear_segment_at_fitted_phi	1.4655930731521831	1.465593099474135	1	second_linear_segment_at_clustered_phi	2
exampleTumor1	m237	region1	clipp2_single_switch_path_mixture_v1	1	phased_unphased_two_state_positive_dosages_v1	endpoint_excess_dosage_penalty_biological_alias_mass_v1:alpha=3	5c247107561660669e1e40fa17e9c74b9ce7f23c4cacc5cd6479e760fab68aab	region_local	3	0.9858861821415676	1	0.9999999820400683	0.9858861868508646	1	1.0	1.0	1.0	0.8899202263826116	0.999999963895653	1.0	0	first_linear_segment_at_fitted_phi	0.9999999820400683	1.0	0	first_linear_segment_at_clustered_phi	8
exampleTumor1	m237	region2	clipp2_single_switch_path_mixture_v1	1	phased_unphased_two_state_positive_dosages_v1	endpoint_excess_dosage_penalty_biological_alias_mass_v1:alpha=3	5c247107561660669e1e40fa17e9c74b9ce7f23c4cacc5cd6479e760fab68aab	region_local	1	0.0018708211375277684	0	0.9999999744101855	0.0018708203260952854	0	1.0	2.0	0.4432498707676336	0.04300336857382123	1.5567500518012707	1.5567501120717042	1	second_linear_segment_at_fitted_phi	1.5567500780527375	1.556750117889684	1	second_linear_segment_at_clustered_phi	2
exampleTumor1	m237	region2	clipp2_single_switch_path_mixture_v1	1	phased_unphased_two_state_positive_dosages_v1	endpoint_excess_dosage_penalty_biological_alias_mass_v1:alpha=3	5c247107561660669e1e40fa17e9c74b9ce7f23c4cacc5cd6479e760fab68aab	region_local	2	0.0018708200795881744	0	0.9999999744101855	0.0018708196268292124	0	2.0	1.0	0.5567501292323666	0.043003368573821206	1.5567500905168186	1.5567501507872537	1	second_linear_segment_at_fitted_phi	1.556750103642552	1.5567501434794992	1	second_linear_segment_at_clustered_phi	2
exampleTumor1	m237	region2	clipp2_single_switch_path_mixture_v1	1	phased_unphased_two_state_positive_dosages_v1	endpoint_excess_dosage_penalty_biological_alias_mass_v1:alpha=3	5c247107561660669e1e40fa17e9c74b9ce7f23c4cacc5cd6479e760fab68aab	region_local	3	0.996258358782884	1	0.9999999744101855	0.9962583600470755	1	1.0	1.0	1.0	0.9139932628523576	0.9999999612844521	1.0	0	first_linear_segment_at_fitted_phi	0.9999999744101855	1.0	0	first_linear_segment_at_clustered_phi	8
exampleTumor1	m238	region1	clipp2_single_switch_path_mixture_v1	1	phased_unphased_two_state_positive_dosages_v1	endpoint_excess_dosage_penalty_biological_alias_mass_v1:alpha=3	5c247107561660669e1e40fa17e9c74b9ce7f23c4cacc5cd6479e760fab68aab	region_local	1	0.24480992216945	0	0.9999999820400683	0.24480988787639085	0	2.0	1.0	0.46559310907204654	0.055039886808694184	1.4655930729705429	1.4655931258806585	1	second_linear_segment_at_fitted_phi	1.4655930911121149	1.465593117434067	1	second_linear_segment_at_clustered_phi	2
exampleTumor1	m238	region1	clipp2_single_switch_path_mixture_v1	1	phased_unphased_two_state_positive_dosages_v1	endpoint_excess_dosage_penalty_biological_alias_mass_v1:alpha=3	5c247107561660669e1e40fa17e9c74b9ce7f23c4cacc5cd6479e760fab68aab	region_local	2	0.24480995162934666	0	0.9999999820400683	0.2448099025322314	0	1.0	2.0	0.5344068909279536	0.055039886808694205	1.465593036869039	1.4655930897791534	1	second_linear_segment_at_fitted_phi	1.4655930731521831	1.465593099474135	1	second_linear_segment_at_clustered_phi	2
exampleTumor1	m238	region1	clipp2_single_switch_path_mixture_v1	1	phased_unphased_two_state_positive_dosages_v1	endpoint_excess_dosage_penalty_biological_alias_mass_v1:alpha=3	5c247107561660669e1e40fa17e9c74b9ce7f23c4cacc5cd6479e760fab68aab	region_local	3	0.5103801262012034	1	0.9999999820400683	0.5103802095913778	1	1.0	1.0	1.0	0.8899202263826116	0.9999999638984963	1.0	0	first_linear_segment_at_fitted_phi	0.9999999820400683	1.0	0	first_linear_segment_at_clustered_phi	8
exampleTumor1	m238	region2	clipp2_single_switch_path_mixture_v1	1	phased_unphased_two_state_positive_dosages_v1	endpoint_excess_dosage_penalty_biological_alias_mass_v1:alpha=3	5c247107561660669e1e40fa17e9c74b9ce7f23c4cacc5cd6479e760fab68aab	region_local	1	0.47248502106354867	1	0.9999999744101855	0.47248500149637146	1	1.0	2.0	0.4432498707676336	0.04300336857382123	1.5567500518051738	1.556750112072569	1	second_linear_segment_at_fitted_phi	1.5567500780527375	1.556750117889684	1	second_linear_segment_at_clustered_phi	2
exampleTumor1	m238	region2	clipp2_single_switch_path_mixture_v1	1	phased_unphased_two_state_positive_dosages_v1	endpoint_excess_dosage_penalty_biological_alias_mass_v1:alpha=3	5c247107561660669e1e40fa17e9c74b9ce7f23c4cacc5cd6479e760fab68aab	region_local	2	0.47248496320586614	0	0.9999999744101855	0.4724849632522563	0	2.0	1.0	0.5567501292323666	0.043003368573821206	1.5567500905187703	1.5567501507861672	1	second_linear_segment_at_fitted_phi	1.556750103642552	1.5567501434794992	1	second_linear_segment_at_clustered_phi	2
exampleTumor1	m238	region2	clipp2_single_switch_path_mixture_v1	1	phased_unphased_two_state_positive_dosages_v1	endpoint_excess_dosage_penalty_biological_alias_mass_v1:alpha=3	5c247107561660669e1e40fa17e9c74b9ce7f23c4cacc5cd6479e760fab68aab	region_local	3	0.05503001573058507	0	0.9999999744101855	0.05503003525137227	0	1.0	1.0	1.0	0.9139932628523576	0.9999999612864038	1.0	0	first_linear_segment_at_fitted_phi	0.9999999744101855	1.0	0	first_linear_segment_at_clustered_phi	8
exampleTumor1	m239	region1	clipp2_single_switch_path_mixture_v1	1	phased_unphased_two_state_positive_dosages_v1	endpoint_excess_dosage_penalty_biological_alias_mass_v1:alpha=3	5c247107561660669e1e40fa17e9c74b9ce7f23c4cacc5cd6479e760fab68aab	region_local	1	0.18377857834346575	0	0.9999999820400683	0.1837784936668257	0	1.0	1.0	1.0	0.9757111023207368	1.0	1.0	0	switch_boundary_at_fitted_phi	0.9999999820400683	1.0	0	first_linear_segment_at_clustered_phi	2
exampleTumor1	m239	region1	clipp2_single_switch_path_mixture_v1	1	phased_unphased_two_state_positive_dosages_v1	endpoint_excess_dosage_penalty_biological_alias_mass_v1:alpha=3	5c247107561660669e1e40fa17e9c74b9ce7f23c4cacc5cd6479e760fab68aab	region_local	2	0.8162214216565342	1	0.9999999820400683	0.8162215063331744	1	2.0	2.0	1.0	0.02428889767926321	2.0	2.0	1	switch_boundary_at_fitted_phi	1.9999999640801367	2.0	1	first_linear_segment_at_clustered_phi	1
exampleTumor1	m239	region2	clipp2_single_switch_path_mixture_v1	1	phased_unphased_two_state_positive_dosages_v1	endpoint_excess_dosage_penalty_biological_alias_mass_v1:alpha=3	5c247107561660669e1e40fa17e9c74b9ce7f23c4cacc5cd6479e760fab68aab	region_local	1	0.006516006275232422	0	0.9999999744101855	0.0065160003839629535	0	1.0	1.0	1.0	0.9757111023207368	1.0	1.0	0	switch_boundary_at_fitted_phi	0.9999999744101855	1.0	0	first_linear_segment_at_clustered_phi	2
exampleTumor1	m239	region2	clipp2_single_switch_path_mixture_v1	1	phased_unphased_two_state_positive_dosages_v1	endpoint_excess_dosage_penalty_biological_alias_mass_v1:alpha=3	5c247107561660669e1e40fa17e9c74b9ce7f23c4cacc5cd6479e760fab68aab	region_local	2	0.9934839937247676	1	0.9999999744101855	0.993483999616037	1	2.0	2.0	1.0	0.02428889767926321	2.0	2.0	1	switch_boundary_at_fitted_phi	1.999999948820371	2.0	1	first_linear_segment_at_clustered_phi	1
exampleTumor1	m240	region1	clipp2_single_switch_path_mixture_v1	1	phased_unphased_two_state_positive_dosages_v1	endpoint_excess_dosage_penalty_biological_alias_mass_v1:alpha=3	5c247107561660669e1e40fa17e9c74b9ce7f23c4cacc5cd6479e760fab68aab	region_local	1	0.9926849727223106	1	0.4644698459572693	0.9926849778111362	1	1.0	1.0	1.0	0.9757111023207368	0.4644698223695966	1.0	0	first_linear_segment_at_fitted_phi	0.4644698459572693	1.0	0	first_linear_segment_at_clustered_phi	2
exampleTumor1	m240	region1	clipp2_single_switch_path_mixture_v1	1	phased_unphased_two_state_positive_dosages_v1	endpoint_excess_dosage_penalty_biological_alias_mass_v1:alpha=3	5c247107561660669e1e40fa17e9c74b9ce7f23c4cacc5cd6479e760fab68aab	region_local	2	0.007315027277689411	0	0.4644698459572693	0.007315022188863806	0	2.0	2.0	1.0	0.02428889767926321	0.9289396447391932	2.0	1	first_linear_segment_at_fitted_phi	0.9289396919145386	2.0	1	first_linear_segment_at_clustered_phi	1
exampleTumor1	m240	region2	clipp2_single_switch_path_mixture_v1	1	phased_unphased_two_state_positive_dosages_v1	endpoint_excess_dosage_penalty_biological_alias_mass_v1:alpha=3	5c247107561660669e1e40fa17e9c74b9ce7f23c4cacc5cd6479e760fab68aab	region_local	1	0.9999801755035418	1	0.5783395130938829	0.9999801755004388	1	1.0	1.0	1.0	0.9757111023207368	0.5783395169201749	1.0	0	first_linear_segment_at_fitted_phi	0.5783395130938829	1.0	0	first_linear_segment_at_clustered_phi	2
exampleTumor1	m240	region2	clipp2_single_switch_path_mixture_v1	1	phased_unphased_two_state_positive_dosages_v1	endpoint_excess_dosage_penalty_biological_alias_mass_v1:alpha=3	5c247107561660669e1e40fa17e9c74b9ce7f23c4cacc5cd6479e760fab68aab	region_local	2	1.9824496458259412e-05	0	0.5783395130938829	1.982449956109344e-05	0	2.0	2.0	1.0	0.02428889767926321	1.1566790338403499	2.0	1	first_linear_segment_at_fitted_phi	1.1566790261877657	2.0	1	first_linear_segment_at_clustered_phi	1
exampleTumor1	m241	region1	clipp2_single_switch_path_mixture_v1	1	phased_unphased_two_state_positive_dosages_v1	endpoint_excess_dosage_penalty_biological_alias_mass_v1:alpha=3	5c247107561660669e1e40fa17e9c74b9ce7f23c4cacc5cd6479e760fab68aab	region_local	1	0.9999490744462297	1	0.9999999820400683	0.9999490744122139	1	1.0	1.0	1.0	0.9757111023207368	1.0	1.0	0	switch_boundary_at_fitted_phi	0.9999999820400683	1.0	0	first_linear_segment_at_clustered_phi	2
exampleTumor1	m241	region1	clipp2_single_switch_path_mixture_v1	1	phased_unphased_two_state_positive_dosages_v1	endpoint_excess_dosage_penalty_biological_alias_mass_v1:alpha=3	5c247107561660669e1e40fa17e9c74b9ce7f23c4cacc5cd6479e760fab68aab	region_local	2	5.092555377023429e-05	0	0.9999999820400683	5.092558778611371e-05	0	2.0	2.0	1.0	0.02428889767926321	2.0	2.0	1	switch_boundary_at_fitted_phi	1.9999999640801367	2.0	1	first_linear_segment_at_clustered_phi	1
exampleTumor1	m241	region2	clipp2_single_switch_path_mixture_v1	1	phased_unphased_two_state_positive_dosages_v1	endpoint_excess_dosage_penalty_biological_alias_mass_v1:alpha=3	5c247107561660669e1e40fa17e9c74b9ce7f23c4cacc5cd6479e760fab68aab	region_local	1	0.9999999549965574	1	0.9999999744101855	0.9999999549965878	1	1.0	1.0	1.0	0.9757111023207368	0.9999999612843345	1.0	0	first_linear_segment_at_fitted_phi	0.9999999744101855	1.0	0	first_linear_segment_at_clustered_phi	2
exampleTumor1	m241	region2	clipp2_single_switch_path_mixture_v1	1	phased_unphased_two_state_positive_dosages_v1	endpoint_excess_dosage_penalty_biological_alias_mass_v1:alpha=3	5c247107561660669e1e40fa17e9c74b9ce7f23c4cacc5cd6479e760fab68aab	region_local	2	4.5003442690356864e-08	0	0.9999999744101855	4.500341225104177e-08	0	2.0	2.0	1.0	0.02428889767926321	1.999999922568669	2.0	1	first_linear_segment_at_fitted_phi	1.999999948820371	2.0	1	first_linear_segment_at_clustered_phi	1
exampleTumor1	m242	region1	clipp2_single_switch_path_mixture_v1	1	phased_unphased_two_state_positive_dosages_v1	endpoint_excess_dosage_penalty_biological_alias_mass_v1:alpha=3	5c247107561660669e1e40fa17e9c74b9ce7f23c4cacc5cd6479e760fab68aab	region_local	1	0.0034292616127712845	0	0.9999999820400683	0.003429259554995048	0	1.0	1.0	1.0	0.9757111023207368	1.0	1.0	0	switch_boundary_at_fitted_phi	0.9999999820400683	1.0	0	first_linear_segment_at_clustered_phi	2
exampleTumor1	m242	region1	clipp2_single_switch_path_mixture_v1	1	phased_unphased_two_state_positive_dosages_v1	endpoint_excess_dosage_penalty_biological_alias_mass_v1:alpha=3	5c247107561660669e1e40fa17e9c74b9ce7f23c4cacc5cd6479e760fab68aab	region_local	2	0.9965707383872288	1	0.9999999820400683	0.9965707404450049	1	2.0	2.0	1.0	0.02428889767926321	2.0	2.0	1	switch_boundary_at_fitted_phi	1.9999999640801367	2.0	1	first_linear_segment_at_clustered_phi	1
exampleTumor1	m242	region2	clipp2_single_switch_path_mixture_v1	1	phased_unphased_two_state_positive_dosages_v1	endpoint_excess_dosage_penalty_biological_alias_mass_v1:alpha=3	5c247107561660669e1e40fa17e9c74b9ce7f23c4cacc5cd6479e760fab68aab	region_local	1	0.0010407093080861366	0	0.9999999744101855	0.001040708226812345	0	1.0	1.0	1.0	0.9757111023207368	1.0	1.0	0	switch_boundary_at_fitted_phi	0.9999999744101855	1.0	0	first_linear_segment_at_clustered_phi	2
exampleTumor1	m242	region2	clipp2_single_switch_path_mixture_v1	1	phased_unphased_two_state_positive_dosages_v1	endpoint_excess_dosage_penalty_biological_alias_mass_v1:alpha=3	5c247107561660669e1e40fa17e9c74b9ce7f23c4cacc5cd6479e760fab68aab	region_local	2	0.9989592906919139	1	0.9999999744101855	0.9989592917731877	1	2.0	2.0	1.0	0.02428889767926321	2.0	2.0	1	switch_boundary_at_fitted_phi	1.999999948820371	2.0	1	first_linear_segment_at_clustered_phi	1
exampleTumor1	m243	region1	clipp2_single_switch_path_mixture_v1	1	phased_unphased_two_state_positive_dosages_v1	endpoint_excess_dosage_penalty_biological_alias_mass_v1:alpha=3	5c247107561660669e1e40fa17e9c74b9ce7f23c4cacc5cd6479e760fab68aab	region_local	1	0.00015668052529896014	0	0.4644698459572693	0.00015668051892902356	0	2.0	1.0	0.46559310907204654	0.055039886808694184	0.9289396896282488	2.0	1	first_linear_segment_at_fitted_phi	0.9289396919145386	2.0	1	first_linear_segment_at_clustered_phi	2
exampleTumor1	m243	region1	clipp2_single_switch_path_mixture_v1	1	phased_unphased_two_state_positive_dosages_v1	endpoint_excess_dosage_penalty_biological_alias_mass_v1:alpha=3	5c247107561660669e1e40fa17e9c74b9ce7f23c4cacc5cd6479e760fab68aab	region_local	2	0.058236598944336124	0	0.4644698459572693	0.05823659894470714	0	1.0	2.0	0.5344068909279536	0.055039886808694205	0.4644698448141244	1.0	0	first_linear_segment_at_fitted_phi	0.4644698459572693	1.0	0	first_linear_segment_at_clustered_phi	2
exampleTumor1	m243	region1	clipp2_single_switch_path_mixture_v1	1	phased_unphased_two_state_positive_dosages_v1	endpoint_excess_dosage_penalty_biological_alias_mass_v1:alpha=3	5c247107561660669e1e40fa17e9c74b9ce7f23c4cacc5cd6479e760fab68aab	region_local	3	0.9416067205303649	1	0.4644698459572693	0.9416067205363637	1	1.0	1.0	1.0	0.8899202263826116	0.4644698448141244	1.0	0	first_linear_segment_at_fitted_phi	0.4644698459572693	1.0	0	first_linear_segment_at_clustered_phi	8
exampleTumor1	m243	region2	clipp2_single_switch_path_mixture_v1	1	phased_unphased_two_state_positive_dosages_v1	endpoint_excess_dosage_penalty_biological_alias_mass_v1:alpha=3	5c247107561660669e1e40fa17e9c74b9ce7f23c4cacc5cd6479e760fab68aab	region_local	1	0.006857746426768469	0	0.5783395130938829	0.006857748125749371	0	1.0	2.0	0.4432498707676336	0.04300336857382123	0.7134291777151065	1.2335819147946678	1	second_linear_segment_at_fitted_phi	0.7134291554201322	1.2335819000219685	1	second_linear_segment_at_clustered_phi	2
exampleTumor1	m243	region2	clipp2_single_switch_path_mixture_v1	1	phased_unphased_two_state_positive_dosages_v1	endpoint_excess_dosage_penalty_biological_alias_mass_v1:alpha=3	5c247107561660669e1e40fa17e9c74b9ce7f23c4cacc5cd6479e760fab68aab	region_local	2	3.5772613495976347e-07	0	0.5783395130938829	3.5772620613680754e-07	0	2.0	1.0	0.5567501292323666	0.043003368573821206	1.1350896534737367	1.962670033597785	1	second_linear_segment_at_fitted_phi	1.1350896423262493	1.9626700521532379	1	second_linear_segment_at_clustered_phi	2
exampleTumor1	m243	region2	clipp2_single_switch_path_mixture_v1	1	phased_unphased_two_state_positive_dosages_v1	endpoint_excess_dosage_penalty_biological_alias_mass_v1:alpha=3	5c247107561660669e1e40fa17e9c74b9ce7f23c4cacc5cd6479e760fab68aab	region_local	3	0.9931418958470966	1	0.5783395130938829	0.9931418941480445	1	1.0	1.0	1.0	0.9139932628523576	0.57833952424137	1.0	0	first_linear_segment_at_fitted_phi	0.5783395130938829	1.0	0	first_linear_segment_at_clustered_phi	8
exampleTumor1	m244	region1	clipp2_single_switch_path_mixture_v1	1	phased_unphased_two_state_positive_dosages_v1	endpoint_excess_dosage_penalty_biological_alias_mass_v1:alpha=3	5c247107561660669e1e40fa17e9c74b9ce7f23c4cacc5cd6479e760fab68aab	region_local	1	0.48762759078368584	1	0.9999999820400683	0.48762761138199867	1	2.0	1.0	0.46559310907204654	0.055039886808694184	1.4655931090720467	1.4655931090720467	1	second_linear_segment_at_fitted_phi	1.4655930911121149	1.465593117434067	1	second_linear_segment_at_clustered_phi	2
exampleTumor1	m244	region1	clipp2_single_switch_path_mixture_v1	1	phased_unphased_two_state_positive_dosages_v1	endpoint_excess_dosage_penalty_biological_alias_mass_v1:alpha=3	5c247107561660669e1e40fa17e9c74b9ce7f23c4cacc5cd6479e760fab68aab	region_local	2	0.48762759078368584	0	0.9999999820400683	0.4876275773900484	0	1.0	2.0	0.5344068909279536	0.055039886808694205	1.4655931090720464	1.4655931090720464	1	second_linear_segment_at_fitted_phi	1.4655930731521831	1.465593099474135	1	second_linear_segment_at_clustered_phi	2
exampleTumor1	m244	region1	clipp2_single_switch_path_mixture_v1	1	phased_unphased_two_state_positive_dosages_v1	endpoint_excess_dosage_penalty_biological_alias_mass_v1:alpha=3	5c247107561660669e1e40fa17e9c74b9ce7f23c4cacc5cd6479e760fab68aab	region_local	3	0.024744818432628397	0	0.9999999820400683	0.0247448112279529	0	1.0	1.0	1.0	0.8899202263826116	1.0	1.0	0	switch_boundary_at_fitted_phi	0.9999999820400683	1.0	0	first_linear_segment_at_clustered_phi	8
exampleTumor1	m244	region2	clipp2_single_switch_path_mixture_v1	1	phased_unphased_two_state_positive_dosages_v1	endpoint_excess_dosage_penalty_biological_alias_mass_v1:alpha=3	5c247107561660669e1e40fa17e9c74b9ce7f23c4cacc5cd6479e760fab68aab	region_local	1	0.49808623098704735	0	0.9999999744101855	0.49808623650185685	0	1.0	2.0	0.4432498707676336	0.04300336857382123	1.5567500518053443	1.556750112072607	1	second_linear_segment_at_fitted_phi	1.5567500780527375	1.556750117889684	1	second_linear_segment_at_clustered_phi	2
exampleTumor1	m244	region2	clipp2_single_switch_path_mixture_v1	1	phased_unphased_two_state_positive_dosages_v1	endpoint_excess_dosage_penalty_biological_alias_mass_v1:alpha=3	5c247107561660669e1e40fa17e9c74b9ce7f23c4cacc5cd6479e760fab68aab	region_local	2	0.4980862673502929	1	0.9999999744101855	0.49808626053812183	1	2.0	1.0	0.5567501292323666	0.043003368573821206	1.5567500905188556	1.55675015078612	1	second_linear_segment_at_fitted_phi	1.556750103642552	1.5567501434794992	1	second_linear_segment_at_clustered_phi	2
exampleTumor1	m244	region2	clipp2_single_switch_path_mixture_v1	1	phased_unphased_two_state_positive_dosages_v1	endpoint_excess_dosage_penalty_biological_alias_mass_v1:alpha=3	5c247107561660669e1e40fa17e9c74b9ce7f23c4cacc5cd6479e760fab68aab	region_local	3	0.0038275016626598017	0	0.9999999744101855	0.003827502960021284	0	1.0	1.0	1.0	0.9139932628523576	0.9999999612864889	1.0	0	first_linear_segment_at_fitted_phi	0.9999999744101855	1.0	0	first_linear_segment_at_clustered_phi	8
exampleTumor1	m245	region1	clipp2_single_switch_path_mixture_v1	1	phased_unphased_two_state_positive_dosages_v1	endpoint_excess_dosage_penalty_biological_alias_mass_v1:alpha=3	5c247107561660669e1e40fa17e9c74b9ce7f23c4cacc5cd6479e760fab68aab	region_local	1	0.004563627595126578	0	0.4644698459572693	0.004563624836776175	0	2.0	1.0	0.46559310907204654	0.055039886808694184	0.928939654159237	2.0	1	first_linear_segment_at_fitted_phi	0.9289396919145386	2.0	1	first_linear_segment_at_clustered_phi	2
exampleTumor1	m245	region1	clipp2_single_switch_path_mixture_v1	1	phased_unphased_two_state_positive_dosages_v1	endpoint_excess_dosage_penalty_biological_alias_mass_v1:alpha=3	5c247107561660669e1e40fa17e9c74b9ce7f23c4cacc5cd6479e760fab68aab	region_local	2	0.057979913117591875	0	0.4644698459572693	0.05797991327825399	0	1.0	2.0	0.5344068909279536	0.055039886808694205	0.4644698270796185	1.0	0	first_linear_segment_at_fitted_phi	0.4644698459572693	1.0	0	first_linear_segment_at_clustered_phi	2
exampleTumor1	m245	region1	clipp2_single_switch_path_mixture_v1	1	phased_unphased_two_state_positive_dosages_v1	endpoint_excess_dosage_penalty_biological_alias_mass_v1:alpha=3	5c247107561660669e1e40fa17e9c74b9ce7f23c4cacc5cd6479e760fab68aab	region_local	3	0.9374564592872816	1	0.4644698459572693	0.9374564618849698	1	1.0	1.0	1.0	0.8899202263826116	0.4644698270796185	1.0	0	first_linear_segment_at_fitted_phi	0.4644698459572693	1.0	0	first_linear_segment_at_clustered_phi	8
exampleTumor1	m245	region2	clipp2_single_switch_path_mixture_v1	1	phased_unphased_two_state_positive_dosages_v1	endpoint_excess_dosage_penalty_biological_alias_mass_v1:alpha=3	5c247107561660669e1e40fa17e9c74b9ce7f23c4cacc5cd6479e760fab68aab	region_local	1	0.030675104538582815	0	0.5783395130938829	0.030675104357886077	0	1.0	2.0	0.4432498707676336	0.04300336857382123	0.713429154459515	1.2335818993854615	1	second_linear_segment_at_fitted_phi	0.7134291554201322	1.2335819000219685	1	second_linear_segment_at_clustered_phi	2
exampleTumor1	m245	region2	clipp2_single_switch_path_mixture_v1	1	phased_unphased_two_state_positive_dosages_v1	endpoint_excess_dosage_penalty_biological_alias_mass_v1:alpha=3	5c247107561660669e1e40fa17e9c74b9ce7f23c4cacc5cd6479e760fab68aab	region_local	2	0.00011017163895947928	0	0.5783395130938829	0.00011017163791170725	0	2.0	1.0	0.5567501292323666	0.043003368573821206	1.1350896418459409	1.9626700529527317	1	second_linear_segment_at_fitted_phi	1.1350896423262493	1.9626700521532379	1	second_linear_segment_at_clustered_phi	2
exampleTumor1	m245	region2	clipp2_single_switch_path_mixture_v1	1	phased_unphased_two_state_positive_dosages_v1	endpoint_excess_dosage_penalty_biological_alias_mass_v1:alpha=3	5c247107561660669e1e40fa17e9c74b9ce7f23c4cacc5cd6479e760fab68aab	region_local	3	0.9692147238224577	1	0.5783395130938829	0.9692147240042022	1	1.0	1.0	1.0	0.9139932628523576	0.5783395126135743	1.0	0	first_linear_segment_at_fitted_phi	0.5783395130938829	1.0	0	first_linear_segment_at_clustered_phi	8
exampleTumor1	m246	region1	clipp2_single_switch_path_mixture_v1	1	phased_unphased_two_state_positive_dosages_v1	endpoint_excess_dosage_penalty_biological_alias_mass_v1:alpha=3	5c247107561660669e1e40fa17e9c74b9ce7f23c4cacc5cd6479e760fab68aab	region_local	1	0.9999971897141327	1	0.4644698459572693	0.9999971897104952	1	1.0	1.0	1.0	0.9757111023207368	0.4644698886151783	1.0	0	first_linear_segment_at_fitted_phi	0.4644698459572693	1.0	0	first_linear_segment_at_clustered_phi	2
exampleTumor1	m246	region1	clipp2_single_switch_path_mixture_v1	1	phased_unphased_two_state_positive_dosages_v1	endpoint_excess_dosage_penalty_biological_alias_mass_v1:alpha=3	5c247107561660669e1e40fa17e9c74b9ce7f23c4cacc5cd6479e760fab68aab	region_local	2	2.810285867306001e-06	0	0.4644698459572693	2.810289504761941e-06	0	2.0	2.0	1.0	0.02428889767926321	0.9289397772303566	2.0	1	first_linear_segment_at_fitted_phi	0.9289396919145386	2.0	1	first_linear_segment_at_clustered_phi	1
exampleTumor1	m246	region2	clipp2_single_switch_path_mixture_v1	1	phased_unphased_two_state_positive_dosages_v1	endpoint_excess_dosage_penalty_biological_alias_mass_v1:alpha=3	5c247107561660669e1e40fa17e9c74b9ce7f23c4cacc5cd6479e760fab68aab	region_local	1	0.9999827744821825	1	0.5783395130938829	0.9999827744742509	1	1.0	1.0	1.0	0.9757111023207368	0.5783395256908686	1.0	0	first_linear_segment_at_fitted_phi	0.5783395130938829	1.0	0	first_linear_segment_at_clustered_phi	2
exampleTumor1	m246	region2	clipp2_single_switch_path_mixture_v1	1	phased_unphased_two_state_positive_dosages_v1	endpoint_excess_dosage_penalty_biological_alias_mass_v1:alpha=3	5c247107561660669e1e40fa17e9c74b9ce7f23c4cacc5cd6479e760fab68aab	region_local	2	1.7225517817410565e-05	0	0.5783395130938829	1.7225525749175276e-05	0	2.0	2.0	1.0	0.02428889767926321	1.156679051381737	2.0	1	first_linear_segment_at_fitted_phi	1.1566790261877657	2.0	1	first_linear_segment_at_clustered_phi	1
exampleTumor1	m247	region1	clipp2_single_switch_path_mixture_v1	1	phased_unphased_two_state_positive_dosages_v1	endpoint_excess_dosage_penalty_biological_alias_mass_v1:alpha=3	5c247107561660669e1e40fa17e9c74b9ce7f23c4cacc5cd6479e760fab68aab	region_local	1	0.9993815945209692	1	0.4644698459572693	0.9993815943890075	1	1.0	1.0	1.0	0.9757111023207368	0.4644698538126533	1.0	0	first_linear_segment_at_fitted_phi	0.4644698459572693	1.0	0	first_linear_segment_at_clustered_phi	2
exampleTumor1	m247	region1	clipp2_single_switch_path_mixture_v1	1	phased_unphased_two_state_positive_dosages_v1	endpoint_excess_dosage_penalty_biological_alias_mass_v1:alpha=3	5c247107561660669e1e40fa17e9c74b9ce7f23c4cacc5cd6479e760fab68aab	region_local	2	0.0006184054790307838	0	0.4644698459572693	0.0006184056109925053	0	2.0	2.0	1.0	0.02428889767926321	0.9289397076253066	2.0	1	first_linear_segment_at_fitted_phi	0.9289396919145386	2.0	1	first_linear_segment_at_clustered_phi	1
exampleTumor1	m247	region2	clipp2_single_switch_path_mixture_v1	1	phased_unphased_two_state_positive_dosages_v1	endpoint_excess_dosage_penalty_biological_alias_mass_v1:alpha=3	5c247107561660669e1e40fa17e9c74b9ce7f23c4cacc5cd6479e760fab68aab	region_local	1	0.9999655495544529	1	0.5783395130938829	0.999965549541929	1	1.0	1.0	1.0	0.9757111023207368	0.5783395230393739	1.0	0	first_linear_segment_at_fitted_phi	0.5783395130938829	1.0	0	first_linear_segment_at_clustered_phi	2
exampleTumor1	m247	region2	clipp2_single_switch_path_mixture_v1	1	phased_unphased_two_state_positive_dosages_v1	endpoint_excess_dosage_penalty_biological_alias_mass_v1:alpha=3	5c247107561660669e1e40fa17e9c74b9ce7f23c4cacc5cd6479e760fab68aab	region_local	2	3.445044554705746e-05	0	0.5783395130938829	3.445045807109853e-05	0	2.0	2.0	1.0	0.02428889767926321	1.1566790460787477	2.0	1	first_linear_segment_at_fitted_phi	1.1566790261877657	2.0	1	first_linear_segment_at_clustered_phi	1
exampleTumor1	m248	region1	clipp2_single_switch_path_mixture_v1	1	phased_unphased_two_state_positive_dosages_v1	endpoint_excess_dosage_penalty_biological_alias_mass_v1:alpha=3	5c247107561660669e1e40fa17e9c74b9ce7f23c4cacc5cd6479e760fab68aab	region_local	1	0.0015466373586118134	0	0.9999999820400683	0.001546637024526233	0	2.0	1.0	0.46559310907204654	0.055039886808694184	1.4655930729671929	1.4655931258822184	1	second_linear_segment_at_fitted_phi	1.4655930911121149	1.465593117434067	1	second_linear_segment_at_clustered_phi	2
exampleTumor1	m248	region1	clipp2_single_switch_path_mixture_v1	1	phased_unphased_two_state_positive_dosages_v1	endpoint_excess_dosage_penalty_biological_alias_mass_v1:alpha=3	5c247107561660669e1e40fa17e9c74b9ce7f23c4cacc5cd6479e760fab68aab	region_local	2	0.0015466381162689519	0	0.9999999820400683	0.0015466374014136883	0	1.0	2.0	0.5344068909279536	0.055039886808694205	1.4655930368623389	1.465593089777363	1	second_linear_segment_at_fitted_phi	1.4655930731521831	1.465593099474135	1	second_linear_segment_at_clustered_phi	2
exampleTumor1	m248	region1	clipp2_single_switch_path_mixture_v1	1	phased_unphased_two_state_positive_dosages_v1	endpoint_excess_dosage_penalty_biological_alias_mass_v1:alpha=3	5c247107561660669e1e40fa17e9c74b9ce7f23c4cacc5cd6479e760fab68aab	region_local	3	0.9969067245251192	1	0.9999999820400683	0.9969067255740601	1	1.0	1.0	1.0	0.8899202263826116	0.9999999638951462	1.0	0	first_linear_segment_at_fitted_phi	0.9999999820400683	1.0	0	first_linear_segment_at_clustered_phi	8
exampleTumor1	m248	region2	clipp2_single_switch_path_mixture_v1	1	phased_unphased_two_state_positive_dosages_v1	endpoint_excess_dosage_penalty_biological_alias_mass_v1:alpha=3	5c247107561660669e1e40fa17e9c74b9ce7f23c4cacc5cd6479e760fab68aab	region_local	1	8.636902930275775e-06	0	0.9999999744101855	8.636897159649365e-06	0	1.0	2.0	0.4432498707676336	0.04300336857382123	1.5567500518019124	1.5567501120718463	1	second_linear_segment_at_fitted_phi	1.5567500780527375	1.556750117889684	1	second_linear_segment_at_clustered_phi	2
exampleTumor1	m248	region2	clipp2_single_switch_path_mixture_v1	1	phased_unphased_two_state_positive_dosages_v1	endpoint_excess_dosage_penalty_biological_alias_mass_v1:alpha=3	5c247107561660669e1e40fa17e9c74b9ce7f23c4cacc5cd6479e760fab68aab	region_local	2	8.63689390573917e-06	0	0.9999999744101855	8.636891194655135e-06	0	2.0	1.0	0.5567501292323666	0.043003368573821206	1.5567500905171396	1.556750150787075	1	second_linear_segment_at_fitted_phi	1.556750103642552	1.5567501434794992	1	second_linear_segment_at_clustered_phi	2
exampleTumor1	m248	region2	clipp2_single_switch_path_mixture_v1	1	phased_unphased_two_state_positive_dosages_v1	endpoint_excess_dosage_penalty_biological_alias_mass_v1:alpha=3	5c247107561660669e1e40fa17e9c74b9ce7f23c4cacc5cd6479e760fab68aab	region_local	3	0.999982726203164	1	0.9999999744101855	0.9999827262116457	1	1.0	1.0	1.0	0.9139932628523576	0.9999999612847731	1.0	0	first_linear_segment_at_fitted_phi	0.9999999744101855	1.0	0	first_linear_segment_at_clustered_phi	8
exampleTumor1	m249	region1	clipp2_single_switch_path_mixture_v1	1	phased_unphased_two_state_positive_dosages_v1	endpoint_excess_dosage_penalty_biological_alias_mass_v1:alpha=3	5c247107561660669e1e40fa17e9c74b9ce7f23c4cacc5cd6479e760fab68aab	region_local	1	0.9977573812213337	1	0.4644698459572693	0.9977573824075475	1	1.0	1.0	1.0	0.9757111023207368	0.4644698288421789	1.0	0	first_linear_segment_at_fitted_phi	0.4644698459572693	1.0	0	first_linear_segment_at_clustered_phi	2
exampleTumor1	m249	region1	clipp2_single_switch_path_mixture_v1	1	phased_unphased_two_state_positive_dosages_v1	endpoint_excess_dosage_penalty_biological_alias_mass_v1:alpha=3	5c247107561660669e1e40fa17e9c74b9ce7f23c4cacc5cd6479e760fab68aab	region_local	2	0.0022426187786662795	0	0.4644698459572693	0.002242617592452583	0	2.0	2.0	1.0	0.02428889767926321	0.9289396576843578	2.0	1	first_linear_segment_at_fitted_phi	0.9289396919145386	2.0	1	first_linear_segment_at_clustered_phi	1
exampleTumor1	m249	region2	clipp2_single_switch_path_mixture_v1	1	phased_unphased_two_state_positive_dosages_v1	endpoint_excess_dosage_penalty_biological_alias_mass_v1:alpha=3	5c247107561660669e1e40fa17e9c74b9ce7f23c4cacc5cd6479e760fab68aab	region_local	1	0.9995591266624411	1	0.5783395130938829	0.9995591265865528	1	1.0	1.0	1.0	0.9757111023207368	0.5783395181672764	1.0	0	first_linear_segment_at_fitted_phi	0.5783395130938829	1.0	0	first_linear_segment_at_clustered_phi	2
exampleTumor1	m249	region2	clipp2_single_switch_path_mixture_v1	1	phased_unphased_two_state_positive_dosages_v1	endpoint_excess_dosage_penalty_biological_alias_mass_v1:alpha=3	5c247107561660669e1e40fa17e9c74b9ce7f23c4cacc5cd6479e760fab68aab	region_local	2	0.0004408733375590183	0	0.5783395130938829	0.0004408734134472607	0	2.0	2.0	1.0	0.02428889767926321	1.1566790363345527	2.0	1	first_linear_segment_at_fitted_phi	1.1566790261877657	2.0	1	first_linear_segment_at_clustered_phi	1
exampleTumor1	m250	region1	clipp2_single_switch_path_mixture_v1	1	phased_unphased_two_state_positive_dosages_v1	endpoint_excess_dosage_penalty_biological_alias_mass_v1:alpha=3	5c247107561660669e1e40fa17e9c74b9ce7f23c4cacc5cd6479e760fab68aab	region_local	1	0.001114130757306939	0	0.4644698459572693	0.0011141302729352725	0	2.0	1.0	0.46559310907204654	0.055039886808694184	0.9289396663548656	2.0	1	first_linear_segment_at_fitted_phi	0.9289396919145386	2.0	1	first_linear_segment_at_clustered_phi	2
exampleTumor1	m250	region1	clipp2_single_switch_path_mixture_v1	1	phased_unphased_two_state_positive_dosages_v1	endpoint_excess_dosage_penalty_biological_alias_mass_v1:alpha=3	5c247107561660669e1e40fa17e9c74b9ce7f23c4cacc5cd6479e760fab68aab	region_local	2	0.05818083156150268	0	0.4644698459572693	0.05818083158971526	0	1.0	2.0	0.5344068909279536	0.055039886808694205	0.4644698331774328	1.0	0	first_linear_segment_at_fitted_phi	0.4644698459572693	1.0	0	first_linear_segment_at_clustered_phi	2
exampleTumor1	m250	region1	clipp2_single_switch_path_mixture_v1	1	phased_unphased_two_state_positive_dosages_v1	endpoint_excess_dosage_penalty_biological_alias_mass_v1:alpha=3	5c247107561660669e1e40fa17e9c74b9ce7f23c4cacc5cd6479e760fab68aab	region_local	3	0.9407050376811904	1	0.4644698459572693	0.9407050381373495	1	1.0	1.0	1.0	0.8899202263826116	0.4644698331774328	1.0	0	first_linear_segment_at_fitted_phi	0.4644698459572693	1.0	0	first_linear_segment_at_clustered_phi	8
exampleTumor1	m250	region2	clipp2_single_switch_path_mixture_v1	1	phased_unphased_two_state_positive_dosages_v1	endpoint_excess_dosage_penalty_biological_alias_mass_v1:alpha=3	5c247107561660669e1e40fa17e9c74b9ce7f23c4cacc5cd6479e760fab68aab	region_local	1	0.06516358629570325	0	0.5783395130938829	0.06516357795407385	0	1.0	2.0	0.4432498707676336	0.04300336857382123	0.7134291239887371	1.2335818791954556	1	second_linear_segment_at_fitted_phi	0.7134291554201322	1.2335819000219685	1	second_linear_segment_at_clustered_phi	2
exampleTumor1	m250	region2	clipp2_single_switch_path_mixture_v1	1	phased_unphased_two_state_positive_dosages_v1	endpoint_excess_dosage_penalty_biological_alias_mass_v1:alpha=3	5c247107561660669e1e40fa17e9c74b9ce7f23c4cacc5cd6479e760fab68aab	region_local	2	0.0012657534383774822	0	0.5783395130938829	0.001265752979474688	0	2.0	1.0	0.5567501292323666	0.043003368573821206	1.135089626610552	1.9626700783126676	1	second_linear_segment_at_fitted_phi	1.1350896423262493	1.9626700521532379	1	second_linear_segment_at_clustered_phi	2
exampleTumor1	m250	region2	clipp2_single_switch_path_mixture_v1	1	phased_unphased_two_state_positive_dosages_v1	endpoint_excess_dosage_penalty_biological_alias_mass_v1:alpha=3	5c247107561660669e1e40fa17e9c74b9ce7f23c4cacc5cd6479e760fab68aab	region_local	3	0.9335706602659193	1	0.5783395130938829	0.9335706690664515	1	1.0	1.0	1.0	0.9139932628523576	0.5783394973781854	1.0	0	first_linear_segment_at_fitted_phi	0.5783395130938829	1.0	0	first_linear_segment_at_clustered_phi	8
exampleTumor1	m251	region1	clipp2_single_switch_path_mixture_v1	1	phased_unphased_two_state_positive_dosages_v1	endpoint_excess_dosage_penalty_biological_alias_mass_v1:alpha=3	5c247107561660669e1e40fa17e9c74b9ce7f23c4cacc5cd6479e760fab68aab	region_local	1	0.9999876839508323	1	0.9999999820400683	0.9999876839584417	1	1.0	1.0	1.0	0.9757111023207368	0.999999963894547	1.0	0	first_linear_segment_at_fitted_phi	0.9999999820400683	1.0	0	first_linear_segment_at_clustered_phi	2
exampleTumor1	m251	region1	clipp2_single_switch_path_mixture_v1	1	phased_unphased_two_state_positive_dosages_v1	endpoint_excess_dosage_penalty_biological_alias_mass_v1:alpha=3	5c247107561660669e1e40fa17e9c74b9ce7f23c4cacc5cd6479e760fab68aab	region_local	2	1.2316049167735217e-05	0	0.9999999820400683	1.231604155827929e-05	0	2.0	2.0	1.0	0.02428889767926321	1.999999927789094	2.0	1	first_linear_segment_at_fitted_phi	1.9999999640801367	2.0	1	first_linear_segment_at_clustered_phi	1
exampleTumor1	m251	region2	clipp2_single_switch_path_mixture_v1	1	phased_unphased_two_state_positive_dosages_v1	endpoint_excess_dosage_penalty_biological_alias_mass_v1:alpha=3	5c247107561660669e1e40fa17e9c74b9ce7f23c4cacc5cd6479e760fab68aab	region_local	1	0.9999999971872847	1	0.9999999744101855	0.9999999971872866	1	1.0	1.0	1.0	0.9757111023207368	0.9999999612840855	1.0	0	first_linear_segment_at_fitted_phi	0.9999999744101855	1.0	0	first_linear_segment_at_clustered_phi	2
exampleTumor1	m251	region2	clipp2_single_switch_path_mixture_v1	1	phased_unphased_two_state_positive_dosages_v1	endpoint_excess_dosage_penalty_biological_alias_mass_v1:alpha=3	5c247107561660669e1e40fa17e9c74b9ce7f23c4cacc5cd6479e760fab68aab	region_local	2	2.812715286853881e-09	0	0.9999999744101855	2.812713384360433e-09	0	2.0	2.0	1.0	0.02428889767926321	1.999999922568171	2.0	1	first_linear_segment_at_fitted_phi	1.999999948820371	2.0	1	first_linear_segment_at_clustered_phi	1
exampleTumor1	m252	region1	clipp2_single_switch_path_mixture_v1	1	phased_unphased_two_state_positive_dosages_v1	endpoint_excess_dosage_penalty_biological_alias_mass_v1:alpha=3	5c247107561660669e1e40fa17e9c74b9ce7f23c4cacc5cd6479e760fab68aab	region_local	1	1.7955812812792627e-06	0	0.9999999820400683	1.7955804028291744e-06	0	1.0	1.0	1.0	0.9757111023207368	1.0	1.0	0	switch_boundary_at_fitted_phi	0.9999999820400683	1.0	0	first_linear_segment_at_clustered_phi	2
exampleTumor1	m252	region1	clipp2_single_switch_path_mixture_v1	1	phased_unphased_two_state_positive_dosages_v1	endpoint_excess_dosage_penalty_biological_alias_mass_v1:alpha=3	5c247107561660669e1e40fa17e9c74b9ce7f23c4cacc5cd6479e760fab68aab	region_local	2	0.9999982044187188	1	0.9999999820400683	0.9999982044195972	1	2.0	2.0	1.0	0.02428889767926321	2.0	2.0	1	switch_boundary_at_fitted_phi	1.9999999640801367	2.0	1	first_linear_segment_at_clustered_phi	1
exampleTumor1	m252	region2	clipp2_single_switch_path_mixture_v1	1	phased_unphased_two_state_positive_dosages_v1	endpoint_excess_dosage_penalty_biological_alias_mass_v1:alpha=3	5c247107561660669e1e40fa17e9c74b9ce7f23c4cacc5cd6479e760fab68aab	region_local	1	1.4091565859697553e-05	0	0.9999999744101855	1.409157203370147e-05	0	1.0	1.0	1.0	0.9757111023207368	0.9999999612866046	1.0	0	first_linear_segment_at_fitted_phi	0.9999999744101855	1.0	0	first_linear_segment_at_clustered_phi	2
exampleTumor1	m252	region2	clipp2_single_switch_path_mixture_v1	1	phased_unphased_two_state_positive_dosages_v1	endpoint_excess_dosage_penalty_biological_alias_mass_v1:alpha=3	5c247107561660669e1e40fa17e9c74b9ce7f23c4cacc5cd6479e760fab68aab	region_local	2	0.9999859084341404	1	0.9999999744101855	0.9999859084279663	1	2.0	2.0	1.0	0.02428889767926321	1.9999999225732092	2.0	1	first_linear_segment_at_fitted_phi	1.999999948820371	2.0	1	first_linear_segment_at_clustered_phi	1
exampleTumor1	m253	region1	clipp2_single_switch_path_mixture_v1	1	phased_unphased_two_state_positive_dosages_v1	endpoint_excess_dosage_penalty_biological_alias_mass_v1:alpha=3	5c247107561660669e1e40fa17e9c74b9ce7f23c4cacc5cd6479e760fab68aab	region_local	1	0.00018594641429452489	0	0.4644698459572693	0.00018594644778904823	0	2.0	1.0	0.46559310907204654	0.055039886808694184	0.9289397027352307	2.0	1	first_linear_segment_at_fitted_phi	0.9289396919145386	2.0	1	first_linear_segment_at_clustered_phi	2
exampleTumor1	m253	region1	clipp2_single_switch_path_mixture_v1	1	phased_unphased_two_state_positive_dosages_v1	endpoint_excess_dosage_penalty_biological_alias_mass_v1:alpha=3	5c247107561660669e1e40fa17e9c74b9ce7f23c4cacc5cd6479e760fab68aab	region_local	2	0.05823489433141668	0	0.4644698459572693	0.05823489432946538	0	1.0	2.0	0.5344068909279536	0.055039886808694205	0.46446985136761537	1.0	0	first_linear_segment_at_fitted_phi	0.4644698459572693	1.0	0	first_linear_segment_at_clustered_phi	2
exampleTumor1	m253	region1	clipp2_single_switch_path_mixture_v1	1	phased_unphased_two_state_positive_dosages_v1	endpoint_excess_dosage_penalty_biological_alias_mass_v1:alpha=3	5c247107561660669e1e40fa17e9c74b9ce7f23c4cacc5cd6479e760fab68aab	region_local	3	0.9415791592542888	1	0.4644698459572693	0.9415791592227456	1	1.0	1.0	1.0	0.8899202263826116	0.46446985136761537	1.0	0	first_linear_segment_at_fitted_phi	0.4644698459572693	1.0	0	first_linear_segment_at_clustered_phi	8
exampleTumor1	m253	region2	clipp2_single_switch_path_mixture_v1	1	phased_unphased_two_state_positive_dosages_v1	endpoint_excess_dosage_penalty_biological_alias_mass_v1:alpha=3	5c247107561660669e1e40fa17e9c74b9ce7f23c4cacc5cd6479e760fab68aab	region_local	1	0.02350795739975632	0	0.5783395130938829	0.02350795932047218	0	1.0	2.0	0.4432498707676336	0.04300336857382123	0.7134291676891482	1.2335819081514459	1	second_linear_segment_at_fitted_phi	0.7134291554201322	1.2335819000219685	1	second_linear_segment_at_clustered_phi	2
exampleTumor1	m253	region2	clipp2_single_switch_path_mixture_v1	1	phased_unphased_two_state_positive_dosages_v1	endpoint_excess_dosage_penalty_biological_alias_mass_v1:alpha=3	5c247107561660669e1e40fa17e9c74b9ce7f23c4cacc5cd6479e760fab68aab	region_local	2	5.5476732754074156e-05	0	0.5783395130938829	5.5476738850978556e-05	0	2.0	1.0	0.5567501292323666	0.043003368573821206	1.1350896484607573	1.9626700419420955	1	second_linear_segment_at_fitted_phi	1.1350896423262493	1.9626700521532379	1	second_linear_segment_at_clustered_phi	2
exampleTumor1	m253	region2	clipp2_single_switch_path_mixture_v1	1	phased_unphased_two_state_positive_dosages_v1	endpoint_excess_dosage_penalty_biological_alias_mass_v1:alpha=3	5c247107561660669e1e40fa17e9c74b9ce7f23c4cacc5cd6479e760fab68aab	region_local	3	0.9764365658674895	1	0.5783395130938829	0.9764365639406768	1	1.0	1.0	1.0	0.9139932628523576	0.5783395192283909	1.0	0	first_linear_segment_at_fitted_phi	0.5783395130938829	1.0	0	first_linear_segment_at_clustered_phi	8
exampleTumor1	m254	region1	clipp2_single_switch_path_mixture_v1	1	phased_unphased_two_state_positive_dosages_v1	endpoint_excess_dosage_penalty_biological_alias_mass_v1:alpha=3	5c247107561660669e1e40fa17e9c74b9ce7f23c4cacc5cd6479e760fab68aab	region_local	1	0.28347363153433897	0	0.9999999820400683	0.283473599048494	0	2.0	1.0	0.46559310907204654	0.055039886808694184	1.4655930729705315	1.4655931258806638	1	second_linear_segment_at_fitted_phi	1.4655930911121149	1.465593117434067	1	second_linear_segment_at_clustered_phi	2
exampleTumor1	m254	region1	clipp2_single_switch_path_mixture_v1	1	phased_unphased_two_state_positive_dosages_v1	endpoint_excess_dosage_penalty_biological_alias_mass_v1:alpha=3	5c247107561660669e1e40fa17e9c74b9ce7f23c4cacc5cd6479e760fab68aab	region_local	2	0.28347365599322544	0	0.9999999820400683	0.2834736112164078	0	1.0	2.0	0.5344068909279536	0.055039886808694205	1.4655930368690164	1.4655930897791474	1	second_linear_segment_at_fitted_phi	1.4655930731521831	1.465593099474135	1	second_linear_segment_at_clustered_phi	2
exampleTumor1	m254	region1	clipp2_single_switch_path_mixture_v1	1	phased_unphased_two_state_positive_dosages_v1	endpoint_excess_dosage_penalty_biological_alias_mass_v1:alpha=3	5c247107561660669e1e40fa17e9c74b9ce7f23c4cacc5cd6479e760fab68aab	region_local	3	0.4330527124724356	1	0.9999999820400683	0.43305278973509825	1	1.0	1.0	1.0	0.8899202263826116	0.999999963898485	1.0	0	first_linear_segment_at_fitted_phi	0.9999999820400683	1.0	0	first_linear_segment_at_clustered_phi	8
exampleTumor1	m254	region2	clipp2_single_switch_path_mixture_v1	1	phased_unphased_two_state_positive_dosages_v1	endpoint_excess_dosage_penalty_biological_alias_mass_v1:alpha=3	5c247107561660669e1e40fa17e9c74b9ce7f23c4cacc5cd6479e760fab68aab	region_local	1	0.4371609686027774	1	0.9999999744101855	0.43716093895071473	1	1.0	2.0	0.4432498707676336	0.04300336857382123	1.5567500518044433	1.5567501120724072	1	second_linear_segment_at_fitted_phi	1.5567500780527375	1.556750117889684	1	second_linear_segment_at_clustered_phi	2
exampleTumor1	m254	region2	clipp2_single_switch_path_mixture_v1	1	phased_unphased_two_state_positive_dosages_v1	endpoint_excess_dosage_penalty_biological_alias_mass_v1:alpha=3	5c247107561660669e1e40fa17e9c74b9ce7f23c4cacc5cd6479e760fab68aab	region_local	2	0.4371609062163693	0	0.9999999744101855	0.4371608977134721	0	2.0	1.0	0.5567501292323666	0.043003368573821206	1.5567500905184048	1.5567501507863704	1	second_linear_segment_at_fitted_phi	1.556750103642552	1.5567501434794992	1	second_linear_segment_at_clustered_phi	2
exampleTumor1	m254	region2	clipp2_single_switch_path_mixture_v1	1	phased_unphased_two_state_positive_dosages_v1	endpoint_excess_dosage_penalty_biological_alias_mass_v1:alpha=3	5c247107561660669e1e40fa17e9c74b9ce7f23c4cacc5cd6479e760fab68aab	region_local	3	0.12567812518085333	0	0.9999999744101855	0.12567816333581322	0	1.0	1.0	1.0	0.9139932628523576	0.9999999612860384	1.0	0	first_linear_segment_at_fitted_phi	0.9999999744101855	1.0	0	first_linear_segment_at_clustered_phi	8
exampleTumor1	m255	region1	clipp2_single_switch_path_mixture_v1	1	phased_unphased_two_state_positive_dosages_v1	endpoint_excess_dosage_penalty_biological_alias_mass_v1:alpha=3	5c247107561660669e1e40fa17e9c74b9ce7f23c4cacc5cd6479e760fab68aab	region_local	1	0.0011141307573287948	0	0.4644698459572693	0.0011141302729352725	0	2.0	1.0	0.46559310907204654	0.055039886808694184	0.9289396663537123	2.0	1	first_linear_segment_at_fitted_phi	0.9289396919145386	2.0	1	first_linear_segment_at_clustered_phi	2
exampleTumor1	m255	region1	clipp2_single_switch_path_mixture_v1	1	phased_unphased_two_state_positive_dosages_v1	endpoint_excess_dosage_penalty_biological_alias_mass_v1:alpha=3	5c247107561660669e1e40fa17e9c74b9ce7f23c4cacc5cd6479e760fab68aab	region_local	2	0.05818083156150179	0	0.4644698459572693	0.05818083158971526	0	1.0	2.0	0.5344068909279536	0.055039886808694205	0.46446983317685614	1.0	0	first_linear_segment_at_fitted_phi	0.4644698459572693	1.0	0	first_linear_segment_at_clustered_phi	2
exampleTumor1	m255	region1	clipp2_single_switch_path_mixture_v1	1	phased_unphased_two_state_positive_dosages_v1	endpoint_excess_dosage_penalty_biological_alias_mass_v1:alpha=3	5c247107561660669e1e40fa17e9c74b9ce7f23c4cacc5cd6479e760fab68aab	region_local	3	0.9407050376811694	1	0.4644698459572693	0.9407050381373495	1	1.0	1.0	1.0	0.8899202263826116	0.46446983317685614	1.0	0	first_linear_segment_at_fitted_phi	0.4644698459572693	1.0	0	first_linear_segment_at_clustered_phi	8
exampleTumor1	m255	region2	clipp2_single_switch_path_mixture_v1	1	phased_unphased_two_state_positive_dosages_v1	endpoint_excess_dosage_penalty_biological_alias_mass_v1:alpha=3	5c247107561660669e1e40fa17e9c74b9ce7f23c4cacc5cd6479e760fab68aab	region_local	1	0.024452015416561723	0	0.5783395130938829	0.02445200988605139	0	1.0	2.0	0.4432498707676336	0.04300336857382123	0.7134291279564411	1.2335818818244653	1	second_linear_segment_at_fitted_phi	0.7134291554201322	1.2335819000219685	1	second_linear_segment_at_clustered_phi	2
exampleTumor1	m255	region2	clipp2_single_switch_path_mixture_v1	1	phased_unphased_two_state_positive_dosages_v1	endpoint_excess_dosage_penalty_biological_alias_mass_v1:alpha=3	5c247107561660669e1e40fa17e9c74b9ce7f23c4cacc5cd6479e760fab68aab	region_local	2	1.3485367798616354e-05	0	0.5783395130938829	1.3485363157672723e-05	0	2.0	1.0	0.5567501292323666	0.043003368573821206	1.1350896285944039	1.9626700750104638	1	second_linear_segment_at_fitted_phi	1.1350896423262493	1.9626700521532379	1	second_linear_segment_at_clustered_phi	2
exampleTumor1	m255	region2	clipp2_single_switch_path_mixture_v1	1	phased_unphased_two_state_positive_dosages_v1	endpoint_excess_dosage_penalty_biological_alias_mass_v1:alpha=3	5c247107561660669e1e40fa17e9c74b9ce7f23c4cacc5cd6479e760fab68aab	region_local	3	0.9755344992156396	1	0.5783395130938829	0.975534504750791	1	1.0	1.0	1.0	0.9139932628523576	0.5783394993620373	1.0	0	first_linear_segment_at_fitted_phi	0.5783395130938829	1.0	0	first_linear_segment_at_clustered_phi	8
exampleTumor1	m256	region1	clipp2_single_switch_path_mixture_v1	1	phased_unphased_two_state_positive_dosages_v1	endpoint_excess_dosage_penalty_biological_alias_mass_v1:alpha=3	5c247107561660669e1e40fa17e9c74b9ce7f23c4cacc5cd6479e760fab68aab	region_local	1	0.06391116421342283	0	0.9999999820400683	0.06391115822496875	0	2.0	1.0	0.18979727272857988	0.1102685636923483	1.1897972366250134	1.1897972795809386	1	second_linear_segment_at_fitted_phi	1.1897972547686484	1.189797276137326	1	second_linear_segment_at_clustered_phi	2
exampleTumor1	m256	region1	clipp2_single_switch_path_mixture_v1	1	phased_unphased_two_state_positive_dosages_v1	endpoint_excess_dosage_penalty_biological_alias_mass_v1:alpha=3	5c247107561660669e1e40fa17e9c74b9ce7f23c4cacc5cd6479e760fab68aab	region_local	2	0.06391117936959695	0	0.9999999820400683	0.0639111657644961	0	1.0	2.0	0.8102027272714202	0.1102685636923483	1.189797200521447	1.189797243477371	1	second_linear_segment_at_fitted_phi	1.1897972368087166	1.1897972581773941	1	second_linear_segment_at_clustered_phi	2
exampleTumor1	m256	region1	clipp2_single_switch_path_mixture_v1	1	phased_unphased_two_state_positive_dosages_v1	endpoint_excess_dosage_penalty_biological_alias_mass_v1:alpha=3	5c247107561660669e1e40fa17e9c74b9ce7f23c4cacc5cd6479e760fab68aab	region_local	3	0.8721776564169802	1	0.9999999820400683	0.8721776760105351	1	1.0	1.0	1.0	0.7794628726153034	0.9999999638964335	1.0	0	first_linear_segment_at_fitted_phi	0.9999999820400683	1.0	0	first_linear_segment_at_clustered_phi	8
exampleTumor1	m256	region2	clipp2_single_switch_path_mixture_v1	1	phased_unphased_two_state_positive_dosages_v1	endpoint_excess_dosage_penalty_biological_alias_mass_v1:alpha=3	5c247107561660669e1e40fa17e9c74b9ce7f23c4cacc5cd6479e760fab68aab	region_local	1	0.025162213500743685	0	0.9999999744101855	0.02516220908799803	0	2.0	1.0	0.320738881115505	0.08019266527581756	1.3207388424003694	1.320738893532955	1	second_linear_segment_at_fitted_phi	1.3207388555256907	1.320738889323154	1	second_linear_segment_at_clustered_phi	2
exampleTumor1	m256	region2	clipp2_single_switch_path_mixture_v1	1	phased_unphased_two_state_positive_dosages_v1	endpoint_excess_dosage_penalty_biological_alias_mass_v1:alpha=3	5c247107561660669e1e40fa17e9c74b9ce7f23c4cacc5cd6479e760fab68aab	region_local	2	0.02516222414024304	0	0.9999999744101855	0.025162216120461715	0	1.0	2.0	0.6792611188844951	0.08019266527581756	1.3207388036852334	1.3207388548178174	1	second_linear_segment_at_fitted_phi	1.320738829935876	1.3207388637333386	1	second_linear_segment_at_clustered_phi	2
exampleTumor1	m256	region2	clipp2_single_switch_path_mixture_v1	1	phased_unphased_two_state_positive_dosages_v1	endpoint_excess_dosage_penalty_biological_alias_mass_v1:alpha=3	5c247107561660669e1e40fa17e9c74b9ce7f23c4cacc5cd6479e760fab68aab	region_local	3	0.9496755623590133	1	0.9999999744101855	0.9496755747915403	1	1.0	1.0	1.0	0.8396146694483648	0.9999999612848643	1.0	0	first_linear_segment_at_fitted_phi	0.9999999744101855	1.0	0	first_linear_segment_at_clustered_phi	8
exampleTumor1	m257	region1	clipp2_single_switch_path_mixture_v1	1	phased_unphased_two_state_positive_dosages_v1	endpoint_excess_dosage_penalty_biological_alias_mass_v1:alpha=3	5c247107561660669e1e40fa17e9c74b9ce7f23c4cacc5cd6479e760fab68aab	region_local	1	0.0425196054425717	0	0.9999999820400683	0.04251961367692407	0	2.0	1.0	0.46559310907204654	0.055039886808694184	1.4655931090720467	1.4655931090720467	1	second_linear_segment_at_fitted_phi	1.4655930911121149	1.465593117434067	1	second_linear_segment_at_clustered_phi	2
exampleTumor1	m257	region1	clipp2_single_switch_path_mixture_v1	1	phased_unphased_two_state_positive_dosages_v1	endpoint_excess_dosage_penalty_biological_alias_mass_v1:alpha=3	5c247107561660669e1e40fa17e9c74b9ce7f23c4cacc5cd6479e760fab68aab	region_local	2	0.042519605442571995	0	0.9999999820400683	0.04251961844043538	0	1.0	2.0	0.5344068909279536	0.055039886808694205	1.4655931090720464	1.4655931090720464	1	second_linear_segment_at_fitted_phi	1.4655930731521831	1.465593099474135	1	second_linear_segment_at_clustered_phi	2
exampleTumor1	m257	region1	clipp2_single_switch_path_mixture_v1	1	phased_unphased_two_state_positive_dosages_v1	endpoint_excess_dosage_penalty_biological_alias_mass_v1:alpha=3	5c247107561660669e1e40fa17e9c74b9ce7f23c4cacc5cd6479e760fab68aab	region_local	3	0.9149607891148563	1	0.9999999820400683	0.9149607678826406	1	1.0	1.0	1.0	0.8899202263826116	1.0	1.0	0	switch_boundary_at_fitted_phi	0.9999999820400683	1.0	0	first_linear_segment_at_clustered_phi	8
exampleTumor1	m257	region2	clipp2_single_switch_path_mixture_v1	1	phased_unphased_two_state_positive_dosages_v1	endpoint_excess_dosage_penalty_biological_alias_mass_v1:alpha=3	5c247107561660669e1e40fa17e9c74b9ce7f23c4cacc5cd6479e760fab68aab	region_local	1	0.02627067312170447	0	0.9999999744101855	0.02627069648527346	0	1.0	2.0	0.4432498707676336	0.04300336857382123	1.5567501292323664	1.5567501292323664	1	second_linear_segment_at_fitted_phi	1.5567500780527375	1.556750117889684	1	second_linear_segment_at_clustered_phi	2
exampleTumor1	m257	region2	clipp2_single_switch_path_mixture_v1	1	phased_unphased_two_state_positive_dosages_v1	endpoint_excess_dosage_penalty_biological_alias_mass_v1:alpha=3	5c247107561660669e1e40fa17e9c74b9ce7f23c4cacc5cd6479e760fab68aab	region_local	2	0.0262706731217041	0	0.9999999744101855	0.026270688232993254	0	2.0	1.0	0.5567501292323666	0.043003368573821206	1.5567501292323667	1.5567501292323667	1	second_linear_segment_at_fitted_phi	1.556750103642552	1.5567501434794992	1	second_linear_segment_at_clustered_phi	2
exampleTumor1	m257	region2	clipp2_single_switch_path_mixture_v1	1	phased_unphased_two_state_positive_dosages_v1	endpoint_excess_dosage_penalty_biological_alias_mass_v1:alpha=3	5c247107561660669e1e40fa17e9c74b9ce7f23c4cacc5cd6479e760fab68aab	region_local	3	0.9474586537565914	1	0.9999999744101855	0.9474586152817334	1	1.0	1.0	1.0	0.9139932628523576	1.0	1.0	0	switch_boundary_at_fitted_phi	0.9999999744101855	1.0	0	first_linear_segment_at_clustered_phi	8
exampleTumor1	m258	region1	clipp2_single_switch_path_mixture_v1	1	phased_unphased_two_state_positive_dosages_v1	endpoint_excess_dosage_penalty_biological_alias_mass_v1:alpha=3	5c247107561660669e1e40fa17e9c74b9ce7f23c4cacc5cd6479e760fab68aab	region_local	1	0.0012084051948020637	0	0.20466086196598293	0.0012084078757380126	0	2.0	1.0	0.46559310907204654	0.055039886808694184	0.40932188317102086	2.0	1	first_linear_segment_at_fitted_phi	0.40932172393196586	2.0	1	first_linear_segment_at_clustered_phi	2
exampleTumor1	m258	region1	clipp2_single_switch_path_mixture_v1	1	phased_unphased_two_state_positive_dosages_v1	endpoint_excess_dosage_penalty_biological_alias_mass_v1:alpha=3	5c247107561660669e1e40fa17e9c74b9ce7f23c4cacc5cd6479e760fab68aab	region_local	2	0.05817534047854991	0	0.20466086196598293	0.05817534032239685	0	1.0	2.0	0.5344068909279536	0.055039886808694205	0.20466094158551043	1.0	0	first_linear_segment_at_fitted_phi	0.20466086196598293	1.0	0	first_linear_segment_at_clustered_phi	2
exampleTumor1	m258	region1	clipp2_single_switch_path_mixture_v1	1	phased_unphased_two_state_positive_dosages_v1	endpoint_excess_dosage_penalty_biological_alias_mass_v1:alpha=3	5c247107561660669e1e40fa17e9c74b9ce7f23c4cacc5cd6479e760fab68aab	region_local	3	0.9406162543266481	1	0.20466086196598293	0.9406162518018651	1	1.0	1.0	1.0	0.8899202263826116	0.20466094158551043	1.0	0	first_linear_segment_at_fitted_phi	0.20466086196598293	1.0	0	first_linear_segment_at_clustered_phi	8
exampleTumor1	m258	region2	clipp2_single_switch_path_mixture_v1	1	phased_unphased_two_state_positive_dosages_v1	endpoint_excess_dosage_penalty_biological_alias_mass_v1:alpha=3	5c247107561660669e1e40fa17e9c74b9ce7f23c4cacc5cd6479e760fab68aab	region_local	1	0.044896426948798085	0	0.26801886587083323	0.044896427128702406	0	1.0	2.0	0.4432498707676336	0.04300336857382123	0.26801873232903595	1.0	0	first_linear_segment_at_fitted_phi	0.26801886587083323	1.0	0	first_linear_segment_at_clustered_phi	2
exampleTumor1	m258	region2	clipp2_single_switch_path_mixture_v1	1	phased_unphased_two_state_positive_dosages_v1	endpoint_excess_dosage_penalty_biological_alias_mass_v1:alpha=3	5c247107561660669e1e40fa17e9c74b9ce7f23c4cacc5cd6479e760fab68aab	region_local	2	0.0008752621480188269	0	0.26801886587083323	0.0008752581444293921	0	2.0	1.0	0.5567501292323666	0.043003368573821206	0.5360374646580719	2.0	1	first_linear_segment_at_fitted_phi	0.5360377317416665	2.0	1	first_linear_segment_at_clustered_phi	2
exampleTumor1	m258	region2	clipp2_single_switch_path_mixture_v1	1	phased_unphased_two_state_positive_dosages_v1	endpoint_excess_dosage_penalty_biological_alias_mass_v1:alpha=3	5c247107561660669e1e40fa17e9c74b9ce7f23c4cacc5cd6479e760fab68aab	region_local	3	0.9542283109031832	1	0.26801886587083323	0.9542283147268683	1	1.0	1.0	1.0	0.9139932628523576	0.26801873232903595	1.0	0	first_linear_segment_at_fitted_phi	0.26801886587083323	1.0	0	first_linear_segment_at_clustered_phi	8
exampleTumor1	m259	region1	clipp2_single_switch_path_mixture_v1	1	phased_unphased_two_state_positive_dosages_v1	endpoint_excess_dosage_penalty_biological_alias_mass_v1:alpha=3	5c247107561660669e1e40fa17e9c74b9ce7f23c4cacc5cd6479e760fab68aab	region_local	1	0.9999988557950008	1	0.9999999820400683	0.9999988557958057	1	1.0	1.0	1.0	0.9757111023207368	0.9999999638947543	1.0	0	first_linear_segment_at_fitted_phi	0.9999999820400683	1.0	0	first_linear_segment_at_clustered_phi	2
exampleTumor1	m259	region1	clipp2_single_switch_path_mixture_v1	1	phased_unphased_two_state_positive_dosages_v1	endpoint_excess_dosage_penalty_biological_alias_mass_v1:alpha=3	5c247107561660669e1e40fa17e9c74b9ce7f23c4cacc5cd6479e760fab68aab	region_local	2	1.1442049991704595e-06	0	0.9999999820400683	1.1442041943402273e-06	0	2.0	2.0	1.0	0.02428889767926321	1.9999999277895086	2.0	1	first_linear_segment_at_fitted_phi	1.9999999640801367	2.0	1	first_linear_segment_at_clustered_phi	1
exampleTumor1	m259	region2	clipp2_single_switch_path_mixture_v1	1	phased_unphased_two_state_positive_dosages_v1	endpoint_excess_dosage_penalty_biological_alias_mass_v1:alpha=3	5c247107561660669e1e40fa17e9c74b9ce7f23c4cacc5cd6479e760fab68aab	region_local	1	0.9999999897724775	1	0.9999999744101855	0.999999989772484	1	1.0	1.0	1.0	0.9757111023207368	0.9999999612840735	1.0	0	first_linear_segment_at_fitted_phi	0.9999999744101855	1.0	0	first_linear_segment_at_clustered_phi	2
exampleTumor1	m259	region2	clipp2_single_switch_path_mixture_v1	1	phased_unphased_two_state_positive_dosages_v1	endpoint_excess_dosage_penalty_biological_alias_mass_v1:alpha=3	5c247107561660669e1e40fa17e9c74b9ce7f23c4cacc5cd6479e760fab68aab	region_local	2	1.0227522591542296e-08	0	0.9999999744101855	1.0227515966039968e-08	0	2.0	2.0	1.0	0.02428889767926321	1.999999922568147	2.0	1	first_linear_segment_at_fitted_phi	1.999999948820371	2.0	1	first_linear_segment_at_clustered_phi	1
exampleTumor1	m260	region1	clipp2_single_switch_path_mixture_v1	1	phased_unphased_two_state_positive_dosages_v1	endpoint_excess_dosage_penalty_biological_alias_mass_v1:alpha=3	5c247107561660669e1e40fa17e9c74b9ce7f23c4cacc5cd6479e760fab68aab	region_local	1	0.43889922991381036	1	0.9999999820400683	0.43889921042053326	1	2.0	1.0	0.46559310907204654	0.055039886808694184	1.465593072972049	1.4655931258799575	1	second_linear_segment_at_fitted_phi	1.4655930911121149	1.465593117434067	1	second_linear_segment_at_clustered_phi	2
exampleTumor1	m260	region1	clipp2_single_switch_path_mixture_v1	1	phased_unphased_two_state_positive_dosages_v1	endpoint_excess_dosage_penalty_biological_alias_mass_v1:alpha=3	5c247107561660669e1e40fa17e9c74b9ce7f23c4cacc5cd6479e760fab68aab	region_local	2	0.43889921809914595	0	0.9999999820400683	0.43889920454267795	0	1.0	2.0	0.5344068909279536	0.055039886808694205	1.4655930368720511	1.4655930897799583	1	second_linear_segment_at_fitted_phi	1.4655930731521831	1.465593099474135	1	second_linear_segment_at_clustered_phi	2
exampleTumor1	m260	region1	clipp2_single_switch_path_mixture_v1	1	phased_unphased_two_state_positive_dosages_v1	endpoint_excess_dosage_penalty_biological_alias_mass_v1:alpha=3	5c247107561660669e1e40fa17e9c74b9ce7f23c4cacc5cd6479e760fab68aab	region_local	3	0.12220155198704373	0	0.9999999820400683	0.12220158503678889	0	1.0	1.0	1.0	0.8899202263826116	0.9999999639000023	1.0	0	first_linear_segment_at_fitted_phi	0.9999999820400683	1.0	0	first_linear_segment_at_clustered_phi	8
exampleTumor1	m260	region2	clipp2_single_switch_path_mixture_v1	1	phased_unphased_two_state_positive_dosages_v1	endpoint_excess_dosage_penalty_biological_alias_mass_v1:alpha=3	5c247107561660669e1e40fa17e9c74b9ce7f23c4cacc5cd6479e760fab68aab	region_local	1	0.4999985761221105	1	0.9999999744101855	0.4999984830209682	0	1.0	2.0	0.4432498707676336	0.04300336857382123	1.5567501292323664	1.5567501292323664	1	second_linear_segment_at_fitted_phi	1.5567500780527375	1.556750117889684	1	second_linear_segment_at_clustered_phi	2
exampleTumor1	m260	region2	clipp2_single_switch_path_mixture_v1	1	phased_unphased_two_state_positive_dosages_v1	endpoint_excess_dosage_penalty_biological_alias_mass_v1:alpha=3	5c247107561660669e1e40fa17e9c74b9ce7f23c4cacc5cd6479e760fab68aab	region_local	2	0.4999985761221105	0	0.9999999744101855	0.49999866922476277	1	2.0	1.0	0.5567501292323666	0.043003368573821206	1.5567501292323667	1.5567501292323667	1	second_linear_segment_at_fitted_phi	1.556750103642552	1.5567501434794992	1	second_linear_segment_at_clustered_phi	2
exampleTumor1	m260	region2	clipp2_single_switch_path_mixture_v1	1	phased_unphased_two_state_positive_dosages_v1	endpoint_excess_dosage_penalty_biological_alias_mass_v1:alpha=3	5c247107561660669e1e40fa17e9c74b9ce7f23c4cacc5cd6479e760fab68aab	region_local	3	2.8477557789675987e-06	0	0.9999999744101855	2.8477542690261577e-06	0	1.0	1.0	1.0	0.9139932628523576	1.0	1.0	0	switch_boundary_at_fitted_phi	0.9999999744101855	1.0	0	first_linear_segment_at_clustered_phi	8
exampleTumor1	m261	region1	clipp2_single_switch_path_mixture_v1	1	phased_unphased_two_state_positive_dosages_v1	endpoint_excess_dosage_penalty_biological_alias_mass_v1:alpha=3	5c247107561660669e1e40fa17e9c74b9ce7f23c4cacc5cd6479e760fab68aab	region_local	1	0.4177519789989656	0	0.9999999820400683	0.41775195741297	0	2.0	1.0	0.46559310907204654	0.055039886808694184	1.465593072971933	1.4655931258800112	1	second_linear_segment_at_fitted_phi	1.4655930911121149	1.465593117434067	1	second_linear_segment_at_clustered_phi	2
exampleTumor1	m261	region1	clipp2_single_switch_path_mixture_v1	1	phased_unphased_two_state_positive_dosages_v1	endpoint_excess_dosage_penalty_biological_alias_mass_v1:alpha=3	5c247107561660669e1e40fa17e9c74b9ce7f23c4cacc5cd6479e760fab68aab	region_local	2	0.41775198001151426	1	0.9999999820400683	0.4177519579167272	1	1.0	2.0	0.5344068909279536	0.055039886808694205	1.4655930368718195	1.4655930897798963	1	second_linear_segment_at_fitted_phi	1.4655930731521831	1.465593099474135	1	second_linear_segment_at_clustered_phi	2
exampleTumor1	m261	region1	clipp2_single_switch_path_mixture_v1	1	phased_unphased_two_state_positive_dosages_v1	endpoint_excess_dosage_penalty_biological_alias_mass_v1:alpha=3	5c247107561660669e1e40fa17e9c74b9ce7f23c4cacc5cd6479e760fab68aab	region_local	3	0.16449604098952017	0	0.9999999820400683	0.1644960846703028	0	1.0	1.0	1.0	0.8899202263826116	0.9999999638998865	1.0	0	first_linear_segment_at_fitted_phi	0.9999999820400683	1.0	0	first_linear_segment_at_clustered_phi	8
exampleTumor1	m261	region2	clipp2_single_switch_path_mixture_v1	1	phased_unphased_two_state_positive_dosages_v1	endpoint_excess_dosage_penalty_biological_alias_mass_v1:alpha=3	5c247107561660669e1e40fa17e9c74b9ce7f23c4cacc5cd6479e760fab68aab	region_local	1	0.46508059931495543	1	0.9999999744101855	0.46508059016381875	1	1.0	2.0	0.4432498707676336	0.04300336857382123	1.5567500518033215	1.5567501120721585	1	second_linear_segment_at_fitted_phi	1.5567500780527375	1.556750117889684	1	second_linear_segment_at_clustered_phi	2
exampleTumor1	m261	region2	clipp2_single_switch_path_mixture_v1	1	phased_unphased_two_state_positive_dosages_v1	endpoint_excess_dosage_penalty_biological_alias_mass_v1:alpha=3	5c247107561660669e1e40fa17e9c74b9ce7f23c4cacc5cd6479e760fab68aab	region_local	2	0.46508059532919577	0	0.9999999744101855	0.4650805875292723	0	2.0	1.0	0.5567501292323666	0.043003368573821206	1.5567500905178442	1.5567501507866828	1	second_linear_segment_at_fitted_phi	1.556750103642552	1.5567501434794992	1	second_linear_segment_at_clustered_phi	2
exampleTumor1	m261	region2	clipp2_single_switch_path_mixture_v1	1	phased_unphased_two_state_positive_dosages_v1	endpoint_excess_dosage_penalty_biological_alias_mass_v1:alpha=3	5c247107561660669e1e40fa17e9c74b9ce7f23c4cacc5cd6479e760fab68aab	region_local	3	0.06983880535584887	0	0.9999999744101855	0.069838822306909	0	1.0	1.0	1.0	0.9139932628523576	0.9999999612854776	1.0	0	first_linear_segment_at_fitted_phi	0.9999999744101855	1.0	0	first_linear_segment_at_clustered_phi	8
exampleTumor1	m262	region1	clipp2_single_switch_path_mixture_v1	1	phased_unphased_two_state_positive_dosages_v1	endpoint_excess_dosage_penalty_biological_alias_mass_v1:alpha=3	5c247107561660669e1e40fa17e9c74b9ce7f23c4cacc5cd6479e760fab68aab	region_local	1	0.005190616304186376	0	0.9999999820400683	0.005190615022862741	0	2.0	1.0	0.46559310907204654	0.055039886808694184	1.4655930729679325	1.465593125881874	1	second_linear_segment_at_fitted_phi	1.4655930911121149	1.465593117434067	1	second_linear_segment_at_clustered_phi	2
exampleTumor1	m262	region1	clipp2_single_switch_path_mixture_v1	1	phased_unphased_two_state_positive_dosages_v1	endpoint_excess_dosage_penalty_biological_alias_mass_v1:alpha=3	5c247107561660669e1e40fa17e9c74b9ce7f23c4cacc5cd6479e760fab68aab	region_local	2	0.005190618512188294	0	0.9999999820400683	0.0051906161212293585	0	1.0	2.0	0.5344068909279536	0.055039886808694205	1.4655930368638184	1.4655930897777585	1	second_linear_segment_at_fitted_phi	1.4655930731521831	1.465593099474135	1	second_linear_segment_at_clustered_phi	2
exampleTumor1	m262	region1	clipp2_single_switch_path_mixture_v1	1	phased_unphased_two_state_positive_dosages_v1	endpoint_excess_dosage_penalty_biological_alias_mass_v1:alpha=3	5c247107561660669e1e40fa17e9c74b9ce7f23c4cacc5cd6479e760fab68aab	region_local	3	0.9896187651836253	1	0.9999999820400683	0.9896187688559079	1	1.0	1.0	1.0	0.8899202263826116	0.999999963895886	1.0	0	first_linear_segment_at_fitted_phi	0.9999999820400683	1.0	0	first_linear_segment_at_clustered_phi	8
exampleTumor1	m262	region2	clipp2_single_switch_path_mixture_v1	1	phased_unphased_two_state_positive_dosages_v1	endpoint_excess_dosage_penalty_biological_alias_mass_v1:alpha=3	5c247107561660669e1e40fa17e9c74b9ce7f23c4cacc5cd6479e760fab68aab	region_local	1	7.536944131959556e-06	0	0.9999999744101855	7.5369527302175065e-06	0	1.0	2.0	0.4432498707676336	0.04300336857382123	1.5567501292323664	1.5567501292323664	1	second_linear_segment_at_fitted_phi	1.5567500780527375	1.556750117889684	1	second_linear_segment_at_clustered_phi	2
exampleTumor1	m262	region2	clipp2_single_switch_path_mixture_v1	1	phased_unphased_two_state_positive_dosages_v1	endpoint_excess_dosage_penalty_biological_alias_mass_v1:alpha=3	5c247107561660669e1e40fa17e9c74b9ce7f23c4cacc5cd6479e760fab68aab	region_local	2	7.536944131959342e-06	0	0.9999999744101855	7.536947882015388e-06	0	2.0	1.0	0.5567501292323666	0.043003368573821206	1.5567501292323667	1.5567501292323667	1	second_linear_segment_at_fitted_phi	1.556750103642552	1.5567501434794992	1	second_linear_segment_at_clustered_phi	2
exampleTumor1	m262	region2	clipp2_single_switch_path_mixture_v1	1	phased_unphased_two_state_positive_dosages_v1	endpoint_excess_dosage_penalty_biological_alias_mass_v1:alpha=3	5c247107561660669e1e40fa17e9c74b9ce7f23c4cacc5cd6479e760fab68aab	region_local	3	0.9999849261117361	1	0.9999999744101855	0.9999849260993877	1	1.0	1.0	1.0	0.9139932628523576	1.0	1.0	0	switch_boundary_at_fitted_phi	0.9999999744101855	1.0	0	first_linear_segment_at_clustered_phi	8
exampleTumor1	m263	region1	clipp2_single_switch_path_mixture_v1	1	phased_unphased_two_state_positive_dosages_v1	endpoint_excess_dosage_penalty_biological_alias_mass_v1:alpha=3	5c247107561660669e1e40fa17e9c74b9ce7f23c4cacc5cd6479e760fab68aab	region_local	1	0.1395731263150385	0	0.9999999820400683	0.1395731507017622	0	2.0	1.0	0.46559310907204654	0.055039886808694184	1.4655931090720467	1.4655931090720467	1	second_linear_segment_at_fitted_phi	1.4655930911121149	1.465593117434067	1	second_linear_segment_at_clustered_phi	2
exampleTumor1	m263	region1	clipp2_single_switch_path_mixture_v1	1	phased_unphased_two_state_positive_dosages_v1	endpoint_excess_dosage_penalty_biological_alias_mass_v1:alpha=3	5c247107561660669e1e40fa17e9c74b9ce7f23c4cacc5cd6479e760fab68aab	region_local	2	0.1395731263150385	0	0.9999999820400683	0.13957316116974333	0	1.0	2.0	0.5344068909279536	0.055039886808694205	1.4655931090720464	1.4655931090720464	1	second_linear_segment_at_fitted_phi	1.4655930731521831	1.465593099474135	1	second_linear_segment_at_clustered_phi	2
exampleTumor1	m263	region1	clipp2_single_switch_path_mixture_v1	1	phased_unphased_two_state_positive_dosages_v1	endpoint_excess_dosage_penalty_biological_alias_mass_v1:alpha=3	5c247107561660669e1e40fa17e9c74b9ce7f23c4cacc5cd6479e760fab68aab	region_local	3	0.720853747369923	1	0.9999999820400683	0.7208536881284945	1	1.0	1.0	1.0	0.8899202263826116	1.0	1.0	0	switch_boundary_at_fitted_phi	0.9999999820400683	1.0	0	first_linear_segment_at_clustered_phi	8
exampleTumor1	m263	region2	clipp2_single_switch_path_mixture_v1	1	phased_unphased_two_state_positive_dosages_v1	endpoint_excess_dosage_penalty_biological_alias_mass_v1:alpha=3	5c247107561660669e1e40fa17e9c74b9ce7f23c4cacc5cd6479e760fab68aab	region_local	1	0.4529447070632427	1	0.9999999744101855	0.4529446882938269	1	1.0	2.0	0.4432498707676336	0.04300336857382123	1.5567500518041324	1.5567501120723384	1	second_linear_segment_at_fitted_phi	1.5567500780527375	1.556750117889684	1	second_linear_segment_at_clustered_phi	2
exampleTumor1	m263	region2	clipp2_single_switch_path_mixture_v1	1	phased_unphased_two_state_positive_dosages_v1	endpoint_excess_dosage_penalty_biological_alias_mass_v1:alpha=3	5c247107561660669e1e40fa17e9c74b9ce7f23c4cacc5cd6479e760fab68aab	region_local	2	0.4529446728028141	0	0.9999999744101855	0.45294466564786884	0	2.0	1.0	0.5567501292323666	0.043003368573821206	1.5567500905182494	1.556750150786457	1	second_linear_segment_at_fitted_phi	1.556750103642552	1.5567501434794992	1	second_linear_segment_at_clustered_phi	2
exampleTumor1	m263	region2	clipp2_single_switch_path_mixture_v1	1	phased_unphased_two_state_positive_dosages_v1	endpoint_excess_dosage_penalty_biological_alias_mass_v1:alpha=3	5c247107561660669e1e40fa17e9c74b9ce7f23c4cacc5cd6479e760fab68aab	region_local	3	0.09411062013394324	0	0.9999999744101855	0.09411064605830435	0	1.0	1.0	1.0	0.9139932628523576	0.999999961285883	1.0	0	first_linear_segment_at_fitted_phi	0.9999999744101855	1.0	0	first_linear_segment_at_clustered_phi	8
exampleTumor1	m264	region1	clipp2_single_switch_path_mixture_v1	1	phased_unphased_two_state_positive_dosages_v1	endpoint_excess_dosage_penalty_biological_alias_mass_v1:alpha=3	5c247107561660669e1e40fa17e9c74b9ce7f23c4cacc5cd6479e760fab68aab	region_local	1	0.06380921497026225	0	0.9999999820400683	0.06380922782838155	0	2.0	1.0	0.46559310907204654	0.055039886808694184	1.4655931090720467	1.4655931090720467	1	second_linear_segment_at_fitted_phi	1.4655930911121149	1.465593117434067	1	second_linear_segment_at_clustered_phi	2
exampleTumor1	m264	region1	clipp2_single_switch_path_mixture_v1	1	phased_unphased_two_state_positive_dosages_v1	endpoint_excess_dosage_penalty_biological_alias_mass_v1:alpha=3	5c247107561660669e1e40fa17e9c74b9ce7f23c4cacc5cd6479e760fab68aab	region_local	2	0.06380921497026269	0	0.9999999820400683	0.06380923449415137	0	1.0	2.0	0.5344068909279536	0.055039886808694205	1.4655931090720464	1.4655931090720464	1	second_linear_segment_at_fitted_phi	1.4655930731521831	1.465593099474135	1	second_linear_segment_at_clustered_phi	2
exampleTumor1	m264	region1	clipp2_single_switch_path_mixture_v1	1	phased_unphased_two_state_positive_dosages_v1	endpoint_excess_dosage_penalty_biological_alias_mass_v1:alpha=3	5c247107561660669e1e40fa17e9c74b9ce7f23c4cacc5cd6479e760fab68aab	region_local	3	0.8723815700594751	1	0.9999999820400683	0.8723815376774671	1	1.0	1.0	1.0	0.8899202263826116	1.0	1.0	0	switch_boundary_at_fitted_phi	0.9999999820400683	1.0	0	first_linear_segment_at_clustered_phi	8
exampleTumor1	m264	region2	clipp2_single_switch_path_mixture_v1	1	phased_unphased_two_state_positive_dosages_v1	endpoint_excess_dosage_penalty_biological_alias_mass_v1:alpha=3	5c247107561660669e1e40fa17e9c74b9ce7f23c4cacc5cd6479e760fab68aab	region_local	1	0.01168220120078864	0	0.9999999744101855	0.011682196543145446	0	1.0	2.0	0.4432498707676336	0.04300336857382123	1.556750051801725	1.5567501120718048	1	second_linear_segment_at_fitted_phi	1.5567500780527375	1.556750117889684	1	second_linear_segment_at_clustered_phi	2
exampleTumor1	m264	region2	clipp2_single_switch_path_mixture_v1	1	phased_unphased_two_state_positive_dosages_v1	endpoint_excess_dosage_penalty_biological_alias_mass_v1:alpha=3	5c247107561660669e1e40fa17e9c74b9ce7f23c4cacc5cd6479e760fab68aab	region_local	2	0.011682195952602321	0	0.9999999744101855	0.011682193074232345	0	2.0	1.0	0.5567501292323666	0.043003368573821206	1.556750090517046	1.5567501507871273	1	second_linear_segment_at_fitted_phi	1.556750103642552	1.5567501434794992	1	second_linear_segment_at_clustered_phi	2
exampleTumor1	m264	region2	clipp2_single_switch_path_mixture_v1	1	phased_unphased_two_state_positive_dosages_v1	endpoint_excess_dosage_penalty_biological_alias_mass_v1:alpha=3	5c247107561660669e1e40fa17e9c74b9ce7f23c4cacc5cd6479e760fab68aab	region_local	3	0.976635602846609	1	0.9999999744101855	0.9766356103826223	1	1.0	1.0	1.0	0.9139932628523576	0.9999999612846793	1.0	0	first_linear_segment_at_fitted_phi	0.9999999744101855	1.0	0	first_linear_segment_at_clustered_phi	8
exampleTumor1	m265	region1	clipp2_single_switch_path_mixture_v1	1	phased_unphased_two_state_positive_dosages_v1	endpoint_excess_dosage_penalty_biological_alias_mass_v1:alpha=3	5c247107561660669e1e40fa17e9c74b9ce7f23c4cacc5cd6479e760fab68aab	region_local	1	0.46730988358916353	0	0.9999999820400683	0.4673099051633482	1	2.0	1.0	0.46559310907204654	0.055039886808694184	1.4655931090720467	1.4655931090720467	1	second_linear_segment_at_fitted_phi	1.4655930911121149	1.465593117434067	1	second_linear_segment_at_clustered_phi	2
exampleTumor1	m265	region1	clipp2_single_switch_path_mixture_v1	1	phased_unphased_two_state_positive_dosages_v1	endpoint_excess_dosage_penalty_biological_alias_mass_v1:alpha=3	5c247107561660669e1e40fa17e9c74b9ce7f23c4cacc5cd6479e760fab68aab	region_local	2	0.46730988358916686	1	0.9999999820400683	0.46730987637410465	0	1.0	2.0	0.5344068909279536	0.055039886808694205	1.4655931090720464	1.4655931090720464	1	second_linear_segment_at_fitted_phi	1.4655930731521831	1.465593099474135	1	second_linear_segment_at_clustered_phi	2
exampleTumor1	m265	region1	clipp2_single_switch_path_mixture_v1	1	phased_unphased_two_state_positive_dosages_v1	endpoint_excess_dosage_penalty_biological_alias_mass_v1:alpha=3	5c247107561660669e1e40fa17e9c74b9ce7f23c4cacc5cd6479e760fab68aab	region_local	3	0.06538023282166955	0	0.9999999820400683	0.06538021846254727	0	1.0	1.0	1.0	0.8899202263826116	1.0	1.0	0	switch_boundary_at_fitted_phi	0.9999999820400683	1.0	0	first_linear_segment_at_clustered_phi	8
exampleTumor1	m265	region2	clipp2_single_switch_path_mixture_v1	1	phased_unphased_two_state_positive_dosages_v1	endpoint_excess_dosage_penalty_biological_alias_mass_v1:alpha=3	5c247107561660669e1e40fa17e9c74b9ce7f23c4cacc5cd6479e760fab68aab	region_local	1	0.4336269702116214	1	0.9999999744101855	0.4336269341494579	1	1.0	2.0	0.4432498707676336	0.04300336857382123	1.556750051805227	1.556750112072581	1	second_linear_segment_at_fitted_phi	1.5567500780527375	1.556750117889684	1	second_linear_segment_at_clustered_phi	2
exampleTumor1	m265	region2	clipp2_single_switch_path_mixture_v1	1	phased_unphased_two_state_positive_dosages_v1	endpoint_excess_dosage_penalty_biological_alias_mass_v1:alpha=3	5c247107561660669e1e40fa17e9c74b9ce7f23c4cacc5cd6479e760fab68aab	region_local	2	0.43362688827459156	0	0.9999999744101855	0.433626879988768	0	2.0	1.0	0.5567501292323666	0.043003368573821206	1.556750090518797	1.5567501507861525	1	second_linear_segment_at_fitted_phi	1.556750103642552	1.5567501434794992	1	second_linear_segment_at_clustered_phi	2
exampleTumor1	m265	region2	clipp2_single_switch_path_mixture_v1	1	phased_unphased_two_state_positive_dosages_v1	endpoint_excess_dosage_penalty_biological_alias_mass_v1:alpha=3	5c247107561660669e1e40fa17e9c74b9ce7f23c4cacc5cd6479e760fab68aab	region_local	3	0.13274614151378714	0	0.9999999744101855	0.1327461858617742	0	1.0	1.0	1.0	0.9139932628523576	0.9999999612864303	1.0	0	first_linear_segment_at_fitted_phi	0.9999999744101855	1.0	0	first_linear_segment_at_clustered_phi	8
exampleTumor1	m266	region1	clipp2_single_switch_path_mixture_v1	1	phased_unphased_two_state_positive_dosages_v1	endpoint_excess_dosage_penalty_biological_alias_mass_v1:alpha=3	5c247107561660669e1e40fa17e9c74b9ce7f23c4cacc5cd6479e760fab68aab	region_local	1	6.035378065334325e-05	0	0.4644698459572693	6.035380357251078e-05	0	2.0	1.0	0.46559310907204654	0.055039886808694184	0.9289397139717237	2.0	1	first_linear_segment_at_fitted_phi	0.9289396919145386	2.0	1	first_linear_segment_at_clustered_phi	2
exampleTumor1	m266	region1	clipp2_single_switch_path_mixture_v1	1	phased_unphased_two_state_positive_dosages_v1	endpoint_excess_dosage_penalty_biological_alias_mass_v1:alpha=3	5c247107561660669e1e40fa17e9c74b9ce7f23c4cacc5cd6479e760fab68aab	region_local	2	0.05824220956540672	0	0.4644698459572693	0.058242209564071584	0	1.0	2.0	0.5344068909279536	0.055039886808694205	0.46446985698586185	1.0	0	first_linear_segment_at_fitted_phi	0.4644698459572693	1.0	0	first_linear_segment_at_clustered_phi	2
exampleTumor1	m266	region1	clipp2_single_switch_path_mixture_v1	1	phased_unphased_two_state_positive_dosages_v1	endpoint_excess_dosage_penalty_biological_alias_mass_v1:alpha=3	5c247107561660669e1e40fa17e9c74b9ce7f23c4cacc5cd6479e760fab68aab	region_local	3	0.9416974366539399	1	0.4644698459572693	0.9416974366323559	1	1.0	1.0	1.0	0.8899202263826116	0.46446985698586185	1.0	0	first_linear_segment_at_fitted_phi	0.4644698459572693	1.0	0	first_linear_segment_at_clustered_phi	8
exampleTumor1	m266	region2	clipp2_single_switch_path_mixture_v1	1	phased_unphased_two_state_positive_dosages_v1	endpoint_excess_dosage_penalty_biological_alias_mass_v1:alpha=3	5c247107561660669e1e40fa17e9c74b9ce7f23c4cacc5cd6479e760fab68aab	region_local	1	0.14655297279777268	0	0.5783395130938829	0.1465529689776844	0	1.0	2.0	0.4432498707676336	0.04300336857382123	0.7134290944227675	1.2335818596049766	1	second_linear_segment_at_fitted_phi	0.7134291554201322	1.2335819000219685	1	second_linear_segment_at_clustered_phi	2
exampleTumor1	m266	region2	clipp2_single_switch_path_mixture_v1	1	phased_unphased_two_state_positive_dosages_v1	endpoint_excess_dosage_penalty_biological_alias_mass_v1:alpha=3	5c247107561660669e1e40fa17e9c74b9ce7f23c4cacc5cd6479e760fab68aab	region_local	2	0.04655046535887835	0	0.5783395130938829	0.046550432789038136	0	2.0	1.0	0.5567501292323666	0.043003368573821206	1.135089611827567	1.9626701029195597	1	second_linear_segment_at_fitted_phi	1.1350896423262493	1.9626700521532379	1	second_linear_segment_at_clustered_phi	2
exampleTumor1	m266	region2	clipp2_single_switch_path_mixture_v1	1	phased_unphased_two_state_positive_dosages_v1	endpoint_excess_dosage_penalty_biological_alias_mass_v1:alpha=3	5c247107561660669e1e40fa17e9c74b9ce7f23c4cacc5cd6479e760fab68aab	region_local	3	0.8068965618433489	1	0.5783395130938829	0.8068965982332775	1	1.0	1.0	1.0	0.9139932628523576	0.5783394825952005	1.0	0	first_linear_segment_at_fitted_phi	0.5783395130938829	1.0	0	first_linear_segment_at_clustered_phi	8
exampleTumor1	m267	region1	clipp2_single_switch_path_mixture_v1	1	phased_unphased_two_state_positive_dosages_v1	endpoint_excess_dosage_penalty_biological_alias_mass_v1:alpha=3	5c247107561660669e1e40fa17e9c74b9ce7f23c4cacc5cd6479e760fab68aab	region_local	1	4.765564082645954e-06	0	0.4644698459572693	4.7655680163166105e-06	0	2.0	1.0	0.46559310907204654	0.055039886808694184	0.9289397359823389	2.0	1	first_linear_segment_at_fitted_phi	0.9289396919145386	2.0	1	first_linear_segment_at_clustered_phi	2
exampleTumor1	m267	region1	clipp2_single_switch_path_mixture_v1	1	phased_unphased_two_state_positive_dosages_v1	endpoint_excess_dosage_penalty_biological_alias_mass_v1:alpha=3	5c247107561660669e1e40fa17e9c74b9ce7f23c4cacc5cd6479e760fab68aab	region_local	2	0.05824544734137762	0	0.4644698459572693	0.058245447341148504	0	1.0	2.0	0.5344068909279536	0.055039886808694205	0.46446986799116946	1.0	0	first_linear_segment_at_fitted_phi	0.4644698459572693	1.0	0	first_linear_segment_at_clustered_phi	2
exampleTumor1	m267	region1	clipp2_single_switch_path_mixture_v1	1	phased_unphased_two_state_positive_dosages_v1	endpoint_excess_dosage_penalty_biological_alias_mass_v1:alpha=3	5c247107561660669e1e40fa17e9c74b9ce7f23c4cacc5cd6479e760fab68aab	region_local	3	0.9417497870945397	1	0.4644698459572693	0.9417497870908352	1	1.0	1.0	1.0	0.8899202263826116	0.46446986799116946	1.0	0	first_linear_segment_at_fitted_phi	0.4644698459572693	1.0	0	first_linear_segment_at_clustered_phi	8
exampleTumor1	m267	region2	clipp2_single_switch_path_mixture_v1	1	phased_unphased_two_state_positive_dosages_v1	endpoint_excess_dosage_penalty_biological_alias_mass_v1:alpha=3	5c247107561660669e1e40fa17e9c74b9ce7f23c4cacc5cd6479e760fab68aab	region_local	1	0.03993583198344726	0	0.5783395130938829	0.03993582865074626	0	1.0	2.0	0.4432498707676336	0.04300336857382123	0.7134291405155404	1.2335818901461526	1	second_linear_segment_at_fitted_phi	0.7134291554201322	1.2335819000219685	1	second_linear_segment_at_clustered_phi	2
exampleTumor1	m267	region2	clipp2_single_switch_path_mixture_v1	1	phased_unphased_two_state_positive_dosages_v1	endpoint_excess_dosage_penalty_biological_alias_mass_v1:alpha=3	5c247107561660669e1e40fa17e9c74b9ce7f23c4cacc5cd6479e760fab68aab	region_local	2	0.00021829022665887884	0	0.5783395130938829	0.000218290191399989	0	2.0	1.0	0.5567501292323666	0.043003368573821206	1.1350896348739536	1.9626700645578934	1	second_linear_segment_at_fitted_phi	1.1350896423262493	1.9626700521532379	1	second_linear_segment_at_clustered_phi	2
exampleTumor1	m267	region2	clipp2_single_switch_path_mixture_v1	1	phased_unphased_two_state_positive_dosages_v1	endpoint_excess_dosage_penalty_biological_alias_mass_v1:alpha=3	5c247107561660669e1e40fa17e9c74b9ce7f23c4cacc5cd6479e760fab68aab	region_local	3	0.9598458777898938	1	0.5783395130938829	0.9598458811578537	1	1.0	1.0	1.0	0.9139932628523576	0.578339505641587	1.0	0	first_linear_segment_at_fitted_phi	0.5783395130938829	1.0	0	first_linear_segment_at_clustered_phi	8
exampleTumor1	m268	region1	clipp2_single_switch_path_mixture_v1	1	phased_unphased_two_state_positive_dosages_v1	endpoint_excess_dosage_penalty_biological_alias_mass_v1:alpha=3	5c247107561660669e1e40fa17e9c74b9ce7f23c4cacc5cd6479e760fab68aab	region_local	1	0.0024138977809785044	0	0.20466086196598293	0.0024138987771824567	0	2.0	1.0	0.46559310907204654	0.055039886808694184	0.4093217535891567	2.0	1	first_linear_segment_at_fitted_phi	0.40932172393196586	2.0	1	first_linear_segment_at_clustered_phi	2
exampleTumor1	m268	region1	clipp2_single_switch_path_mixture_v1	1	phased_unphased_two_state_positive_dosages_v1	endpoint_excess_dosage_penalty_biological_alias_mass_v1:alpha=3	5c247107561660669e1e40fa17e9c74b9ce7f23c4cacc5cd6479e760fab68aab	region_local	2	0.05810512568898826	0	0.20466086196598293	0.05810512563096365	0	1.0	2.0	0.5344068909279536	0.055039886808694205	0.20466087679457834	1.0	0	first_linear_segment_at_fitted_phi	0.20466086196598293	1.0	0	first_linear_segment_at_clustered_phi	2
exampleTumor1	m268	region1	clipp2_single_switch_path_mixture_v1	1	phased_unphased_two_state_positive_dosages_v1	endpoint_excess_dosage_penalty_biological_alias_mass_v1:alpha=3	5c247107561660669e1e40fa17e9c74b9ce7f23c4cacc5cd6479e760fab68aab	region_local	3	0.9394809765300332	1	0.20466086196598293	0.939480975591854	1	1.0	1.0	1.0	0.8899202263826116	0.20466087679457834	1.0	0	first_linear_segment_at_fitted_phi	0.20466086196598293	1.0	0	first_linear_segment_at_clustered_phi	8
exampleTumor1	m268	region2	clipp2_single_switch_path_mixture_v1	1	phased_unphased_two_state_positive_dosages_v1	endpoint_excess_dosage_penalty_biological_alias_mass_v1:alpha=3	5c247107561660669e1e40fa17e9c74b9ce7f23c4cacc5cd6479e760fab68aab	region_local	1	0.044405018541910514	0	0.26801886587083323	0.04440502030889034	0	1.0	2.0	0.4432498707676336	0.04300336857382123	0.2680187606605123	1.0	0	first_linear_segment_at_fitted_phi	0.26801886587083323	1.0	0	first_linear_segment_at_clustered_phi	2
exampleTumor1	m268	region2	clipp2_single_switch_path_mixture_v1	1	phased_unphased_two_state_positive_dosages_v1	endpoint_excess_dosage_penalty_biological_alias_mass_v1:alpha=3	5c247107561660669e1e40fa17e9c74b9ce7f23c4cacc5cd6479e760fab68aab	region_local	2	0.011811061031741458	0	0.26801886587083323	0.011811021709386154	0	2.0	1.0	0.5567501292323666	0.043003368573821206	0.5360375213210246	2.0	1	first_linear_segment_at_fitted_phi	0.5360377317416665	2.0	1	first_linear_segment_at_clustered_phi	2
exampleTumor1	m268	region2	clipp2_single_switch_path_mixture_v1	1	phased_unphased_two_state_positive_dosages_v1	endpoint_excess_dosage_penalty_biological_alias_mass_v1:alpha=3	5c247107561660669e1e40fa17e9c74b9ce7f23c4cacc5cd6479e760fab68aab	region_local	3	0.9437839204263481	1	0.26801886587083323	0.9437839579817235	1	1.0	1.0	1.0	0.9139932628523576	0.2680187606605123	1.0	0	first_linear_segment_at_fitted_phi	0.26801886587083323	1.0	0	first_linear_segment_at_clustered_phi	8
exampleTumor1	m269	region1	clipp2_single_switch_path_mixture_v1	1	phased_unphased_two_state_positive_dosages_v1	endpoint_excess_dosage_penalty_biological_alias_mass_v1:alpha=3	5c247107561660669e1e40fa17e9c74b9ce7f23c4cacc5cd6479e760fab68aab	region_local	1	0.0005451368453707477	0	0.9999999820400683	0.000545136943587605	0	2.0	1.0	0.46559310907204654	0.055039886808694184	1.4655931090720467	1.4655931090720467	1	second_linear_segment_at_fitted_phi	1.4655930911121149	1.465593117434067	1	second_linear_segment_at_clustered_phi	2
exampleTumor1	m269	region1	clipp2_single_switch_path_mixture_v1	1	phased_unphased_two_state_positive_dosages_v1	endpoint_excess_dosage_penalty_biological_alias_mass_v1:alpha=3	5c247107561660669e1e40fa17e9c74b9ce7f23c4cacc5cd6479e760fab68aab	region_local	2	0.0005451368453707516	0	0.9999999820400683	0.0005451370899342398	0	1.0	2.0	0.5344068909279536	0.055039886808694205	1.4655931090720464	1.4655931090720464	1	second_linear_segment_at_fitted_phi	1.4655930731521831	1.465593099474135	1	second_linear_segment_at_clustered_phi	2
exampleTumor1	m269	region1	clipp2_single_switch_path_mixture_v1	1	phased_unphased_two_state_positive_dosages_v1	endpoint_excess_dosage_penalty_biological_alias_mass_v1:alpha=3	5c247107561660669e1e40fa17e9c74b9ce7f23c4cacc5cd6479e760fab68aab	region_local	3	0.9989097263092584	1	0.9999999820400683	0.9989097259664782	1	1.0	1.0	1.0	0.8899202263826116	1.0	1.0	0	switch_boundary_at_fitted_phi	0.9999999820400683	1.0	0	first_linear_segment_at_clustered_phi	8
exampleTumor1	m269	region2	clipp2_single_switch_path_mixture_v1	1	phased_unphased_two_state_positive_dosages_v1	endpoint_excess_dosage_penalty_biological_alias_mass_v1:alpha=3	5c247107561660669e1e40fa17e9c74b9ce7f23c4cacc5cd6479e760fab68aab	region_local	1	6.1765543944923614e-06	0	0.9999999744101855	6.1765609933755225e-06	0	1.0	2.0	0.4432498707676336	0.04300336857382123	1.5567501292323664	1.5567501292323664	1	second_linear_segment_at_fitted_phi	1.5567500780527375	1.556750117889684	1	second_linear_segment_at_clustered_phi	2
exampleTumor1	m269	region2	clipp2_single_switch_path_mixture_v1	1	phased_unphased_two_state_positive_dosages_v1	endpoint_excess_dosage_penalty_biological_alias_mass_v1:alpha=3	5c247107561660669e1e40fa17e9c74b9ce7f23c4cacc5cd6479e760fab68aab	region_local	2	6.176554394492186e-06	0	0.9999999744101855	6.176557124092113e-06	0	2.0	1.0	0.5567501292323666	0.043003368573821206	1.5567501292323667	1.5567501292323667	1	second_linear_segment_at_fitted_phi	1.556750103642552	1.5567501434794992	1	second_linear_segment_at_clustered_phi	2
exampleTumor1	m269	region2	clipp2_single_switch_path_mixture_v1	1	phased_unphased_two_state_positive_dosages_v1	endpoint_excess_dosage_penalty_biological_alias_mass_v1:alpha=3	5c247107561660669e1e40fa17e9c74b9ce7f23c4cacc5cd6479e760fab68aab	region_local	3	0.999987646891211	1	0.9999999744101855	0.9999876468818826	1	1.0	1.0	1.0	0.9139932628523576	1.0	1.0	0	switch_boundary_at_fitted_phi	0.9999999744101855	1.0	0	first_linear_segment_at_clustered_phi	8
exampleTumor1	m270	region1	clipp2_single_switch_path_mixture_v1	1	phased_unphased_two_state_positive_dosages_v1	endpoint_excess_dosage_penalty_biological_alias_mass_v1:alpha=3	5c247107561660669e1e40fa17e9c74b9ce7f23c4cacc5cd6479e760fab68aab	region_local	1	0.17344375721101707	0	0.9999999820400683	0.17344378750039968	0	2.0	1.0	0.46559310907204654	0.055039886808694184	1.4655931090720467	1.4655931090720467	1	second_linear_segment_at_fitted_phi	1.4655930911121149	1.465593117434067	1	second_linear_segment_at_clustered_phi	2
exampleTumor1	m270	region1	clipp2_single_switch_path_mixture_v1	1	phased_unphased_two_state_positive_dosages_v1	endpoint_excess_dosage_penalty_biological_alias_mass_v1:alpha=3	5c247107561660669e1e40fa17e9c74b9ce7f23c4cacc5cd6479e760fab68aab	region_local	2	0.17344375721101707	0	0.9999999820400683	0.1734438008687355	0	1.0	2.0	0.5344068909279536	0.055039886808694205	1.4655931090720464	1.4655931090720464	1	second_linear_segment_at_fitted_phi	1.4655930731521831	1.465593099474135	1	second_linear_segment_at_clustered_phi	2
exampleTumor1	m270	region1	clipp2_single_switch_path_mixture_v1	1	phased_unphased_two_state_positive_dosages_v1	endpoint_excess_dosage_penalty_biological_alias_mass_v1:alpha=3	5c247107561660669e1e40fa17e9c74b9ce7f23c4cacc5cd6479e760fab68aab	region_local	3	0.6531124855779659	1	0.9999999820400683	0.6531124116308649	1	1.0	1.0	1.0	0.8899202263826116	1.0	1.0	0	switch_boundary_at_fitted_phi	0.9999999820400683	1.0	0	first_linear_segment_at_clustered_phi	8
exampleTumor1	m270	region2	clipp2_single_switch_path_mixture_v1	1	phased_unphased_two_state_positive_dosages_v1	endpoint_excess_dosage_penalty_biological_alias_mass_v1:alpha=3	5c247107561660669e1e40fa17e9c74b9ce7f23c4cacc5cd6479e760fab68aab	region_local	1	0.023079382506132545	0	0.9999999744101855	0.02307939955797272	0	1.0	2.0	0.4432498707676336	0.04300336857382123	1.5567501292323664	1.5567501292323664	1	second_linear_segment_at_fitted_phi	1.5567500780527375	1.556750117889684	1	second_linear_segment_at_clustered_phi	2
exampleTumor1	m270	region2	clipp2_single_switch_path_mixture_v1	1	phased_unphased_two_state_positive_dosages_v1	endpoint_excess_dosage_penalty_biological_alias_mass_v1:alpha=3	5c247107561660669e1e40fa17e9c74b9ce7f23c4cacc5cd6479e760fab68aab	region_local	2	0.023079382506132545	0	0.9999999744101855	0.0230793934017364	0	2.0	1.0	0.5567501292323666	0.043003368573821206	1.5567501292323667	1.5567501292323667	1	second_linear_segment_at_fitted_phi	1.556750103642552	1.5567501434794992	1	second_linear_segment_at_clustered_phi	2
exampleTumor1	m270	region2	clipp2_single_switch_path_mixture_v1	1	phased_unphased_two_state_positive_dosages_v1	endpoint_excess_dosage_penalty_biological_alias_mass_v1:alpha=3	5c247107561660669e1e40fa17e9c74b9ce7f23c4cacc5cd6479e760fab68aab	region_local	3	0.9538412349877349	1	0.9999999744101855	0.9538412070402909	1	1.0	1.0	1.0	0.9139932628523576	1.0	1.0	0	switch_boundary_at_fitted_phi	0.9999999744101855	1.0	0	first_linear_segment_at_clustered_phi	8
exampleTumor1	m271	region1	clipp2_single_switch_path_mixture_v1	1	phased_unphased_two_state_positive_dosages_v1	endpoint_excess_dosage_penalty_biological_alias_mass_v1:alpha=3	5c247107561660669e1e40fa17e9c74b9ce7f23c4cacc5cd6479e760fab68aab	region_local	1	0.0006960070012938653	0	0.9999999820400683	0.0006960071369807986	0	2.0	1.0	0.46559310907204654	0.055039886808694184	1.4655931090720467	1.4655931090720467	1	second_linear_segment_at_fitted_phi	1.4655930911121149	1.465593117434067	1	second_linear_segment_at_clustered_phi	2
exampleTumor1	m271	region1	clipp2_single_switch_path_mixture_v1	1	phased_unphased_two_state_positive_dosages_v1	endpoint_excess_dosage_penalty_biological_alias_mass_v1:alpha=3	5c247107561660669e1e40fa17e9c74b9ce7f23c4cacc5cd6479e760fab68aab	region_local	2	0.0006960070012938703	0	0.9999999820400683	0.000696007322012153	0	1.0	2.0	0.5344068909279536	0.055039886808694205	1.4655931090720464	1.4655931090720464	1	second_linear_segment_at_fitted_phi	1.4655930731521831	1.465593099474135	1	second_linear_segment_at_clustered_phi	2
exampleTumor1	m271	region1	clipp2_single_switch_path_mixture_v1	1	phased_unphased_two_state_positive_dosages_v1	endpoint_excess_dosage_penalty_biological_alias_mass_v1:alpha=3	5c247107561660669e1e40fa17e9c74b9ce7f23c4cacc5cd6479e760fab68aab	region_local	3	0.9986079859974122	1	0.9999999820400683	0.998607985541007	1	1.0	1.0	1.0	0.8899202263826116	1.0	1.0	0	switch_boundary_at_fitted_phi	0.9999999820400683	1.0	0	first_linear_segment_at_clustered_phi	8
exampleTumor1	m271	region2	clipp2_single_switch_path_mixture_v1	1	phased_unphased_two_state_positive_dosages_v1	endpoint_excess_dosage_penalty_biological_alias_mass_v1:alpha=3	5c247107561660669e1e40fa17e9c74b9ce7f23c4cacc5cd6479e760fab68aab	region_local	1	5.1118409778400374e-05	0	0.9999999744101855	5.1118383672210024e-05	0	1.0	2.0	0.4432498707676336	0.04300336857382123	1.5567500518013169	1.5567501120717142	1	second_linear_segment_at_fitted_phi	1.5567500780527375	1.556750117889684	1	second_linear_segment_at_clustered_phi	2
exampleTumor1	m271	region2	clipp2_single_switch_path_mixture_v1	1	phased_unphased_two_state_positive_dosages_v1	endpoint_excess_dosage_penalty_biological_alias_mass_v1:alpha=3	5c247107561660669e1e40fa17e9c74b9ce7f23c4cacc5cd6479e760fab68aab	region_local	2	5.111836833655231e-05	0	0.9999999744101855	5.1118356280386115e-05	0	2.0	1.0	0.5567501292323666	0.043003368573821206	1.5567500905168419	1.5567501507872408	1	second_linear_segment_at_fitted_phi	1.556750103642552	1.5567501434794992	1	second_linear_segment_at_clustered_phi	2
exampleTumor1	m271	region2	clipp2_single_switch_path_mixture_v1	1	phased_unphased_two_state_positive_dosages_v1	endpoint_excess_dosage_penalty_biological_alias_mass_v1:alpha=3	5c247107561660669e1e40fa17e9c74b9ce7f23c4cacc5cd6479e760fab68aab	region_local	3	0.999897763221885	1	0.9999999744101855	0.9998977632600474	1	1.0	1.0	1.0	0.9139932628523576	0.9999999612844753	1.0	0	first_linear_segment_at_fitted_phi	0.9999999744101855	1.0	0	first_linear_segment_at_clustered_phi	8
exampleTumor1	m272	region1	clipp2_single_switch_path_mixture_v1	1	phased_unphased_two_state_positive_dosages_v1	endpoint_excess_dosage_penalty_biological_alias_mass_v1:alpha=3	5c247107561660669e1e40fa17e9c74b9ce7f23c4cacc5cd6479e760fab68aab	region_local	1	0.48913083211728203	1	0.9999999820400683	0.48913085866020556	1	2.0	1.0	0.46559310907204654	0.055039886808694184	1.4655931090720467	1.4655931090720467	1	second_linear_segment_at_fitted_phi	1.4655930911121149	1.465593117434067	1	second_linear_segment_at_clustered_phi	2
exampleTumor1	m272	region1	clipp2_single_switch_path_mixture_v1	1	phased_unphased_two_state_positive_dosages_v1	endpoint_excess_dosage_penalty_biological_alias_mass_v1:alpha=3	5c247107561660669e1e40fa17e9c74b9ce7f23c4cacc5cd6479e760fab68aab	region_local	2	0.48913083211728203	0	0.9999999820400683	0.48913081054467206	0	1.0	2.0	0.5344068909279536	0.055039886808694205	1.4655931090720464	1.4655931090720464	1	second_linear_segment_at_fitted_phi	1.4655930731521831	1.465593099474135	1	second_linear_segment_at_clustered_phi	2
exampleTumor1	m272	region1	clipp2_single_switch_path_mixture_v1	1	phased_unphased_two_state_positive_dosages_v1	endpoint_excess_dosage_penalty_biological_alias_mass_v1:alpha=3	5c247107561660669e1e40fa17e9c74b9ce7f23c4cacc5cd6479e760fab68aab	region_local	3	0.021738335765435844	0	0.9999999820400683	0.021738330795122416	0	1.0	1.0	1.0	0.8899202263826116	1.0	1.0	0	switch_boundary_at_fitted_phi	0.9999999820400683	1.0	0	first_linear_segment_at_clustered_phi	8
exampleTumor1	m272	region2	clipp2_single_switch_path_mixture_v1	1	phased_unphased_two_state_positive_dosages_v1	endpoint_excess_dosage_penalty_biological_alias_mass_v1:alpha=3	5c247107561660669e1e40fa17e9c74b9ce7f23c4cacc5cd6479e760fab68aab	region_local	1	0.4981209029210352	0	0.9999999744101855	0.49812090590768565	0	1.0	2.0	0.4432498707676336	0.04300336857382123	1.5567500518057826	1.556750112072704	1	second_linear_segment_at_fitted_phi	1.5567500780527375	1.556750117889684	1	second_linear_segment_at_clustered_phi	2
exampleTumor1	m272	region2	clipp2_single_switch_path_mixture_v1	1	phased_unphased_two_state_positive_dosages_v1	endpoint_excess_dosage_penalty_biological_alias_mass_v1:alpha=3	5c247107561660669e1e40fa17e9c74b9ce7f23c4cacc5cd6479e760fab68aab	region_local	2	0.4981209246002856	1	0.9999999744101855	0.49812092023784016	1	2.0	1.0	0.5567501292323666	0.043003368573821206	1.5567500905190745	1.5567501507859975	1	second_linear_segment_at_fitted_phi	1.556750103642552	1.5567501434794992	1	second_linear_segment_at_clustered_phi	2
exampleTumor1	m272	region2	clipp2_single_switch_path_mixture_v1	1	phased_unphased_two_state_positive_dosages_v1	endpoint_excess_dosage_penalty_biological_alias_mass_v1:alpha=3	5c247107561660669e1e40fa17e9c74b9ce7f23c4cacc5cd6479e760fab68aab	region_local	3	0.0037581724786792097	0	0.9999999744101855	0.0037581738544742583	0	1.0	1.0	1.0	0.9139932628523576	0.9999999612867081	1.0	0	first_linear_segment_at_fitted_phi	0.9999999744101855	1.0	0	first_linear_segment_at_clustered_phi	8
exampleTumor1	m273	region1	clipp2_single_switch_path_mixture_v1	1	phased_unphased_two_state_positive_dosages_v1	endpoint_excess_dosage_penalty_biological_alias_mass_v1:alpha=3	5c247107561660669e1e40fa17e9c74b9ce7f23c4cacc5cd6479e760fab68aab	region_local	1	7.067341625766928e-05	0	0.9999999820400683	7.067343056361065e-05	0	2.0	1.0	0.46559310907204654	0.055039886808694184	1.4655931090720467	1.4655931090720467	1	second_linear_segment_at_fitted_phi	1.4655930911121149	1.465593117434067	1	second_linear_segment_at_clustered_phi	2
exampleTumor1	m273	region1	clipp2_single_switch_path_mixture_v1	1	phased_unphased_two_state_positive_dosages_v1	endpoint_excess_dosage_penalty_biological_alias_mass_v1:alpha=3	5c247107561660669e1e40fa17e9c74b9ce7f23c4cacc5cd6479e760fab68aab	region_local	2	7.067341625766928e-05	0	0.9999999820400683	7.067345589233355e-05	0	1.0	2.0	0.5344068909279536	0.055039886808694205	1.4655931090720464	1.4655931090720464	1	second_linear_segment_at_fitted_phi	1.4655930731521831	1.465593099474135	1	second_linear_segment_at_clustered_phi	2
exampleTumor1	m273	region1	clipp2_single_switch_path_mixture_v1	1	phased_unphased_two_state_positive_dosages_v1	endpoint_excess_dosage_penalty_biological_alias_mass_v1:alpha=3	5c247107561660669e1e40fa17e9c74b9ce7f23c4cacc5cd6479e760fab68aab	region_local	3	0.9998586531674847	1	0.9999999820400683	0.999858653113544	1	1.0	1.0	1.0	0.8899202263826116	1.0	1.0	0	switch_boundary_at_fitted_phi	0.9999999820400683	1.0	0	first_linear_segment_at_clustered_phi	8
exampleTumor1	m273	region2	clipp2_single_switch_path_mixture_v1	1	phased_unphased_two_state_positive_dosages_v1	endpoint_excess_dosage_penalty_biological_alias_mass_v1:alpha=3	5c247107561660669e1e40fa17e9c74b9ce7f23c4cacc5cd6479e760fab68aab	region_local	1	0.004161141079574598	0	0.9999999744101855	0.004161139256043307	0	1.0	2.0	0.4432498707676336	0.04300336857382123	1.5567500518017365	1.5567501120718072	1	second_linear_segment_at_fitted_phi	1.5567500780527375	1.556750117889684	1	second_linear_segment_at_clustered_phi	2
exampleTumor1	m273	region2	clipp2_single_switch_path_mixture_v1	1	phased_unphased_two_state_positive_dosages_v1	endpoint_excess_dosage_penalty_biological_alias_mass_v1:alpha=3	5c247107561660669e1e40fa17e9c74b9ce7f23c4cacc5cd6479e760fab68aab	region_local	2	0.004161138863681244	0	0.9999999744101855	0.004161137791395987	0	2.0	1.0	0.5567501292323666	0.043003368573821206	1.5567500905170517	1.556750150787124	1	second_linear_segment_at_fitted_phi	1.556750103642552	1.5567501434794992	1	second_linear_segment_at_clustered_phi	2
exampleTumor1	m273	region2	clipp2_single_switch_path_mixture_v1	1	phased_unphased_two_state_positive_dosages_v1	endpoint_excess_dosage_penalty_biological_alias_mass_v1:alpha=3	5c247107561660669e1e40fa17e9c74b9ce7f23c4cacc5cd6479e760fab68aab	region_local	3	0.9916777200567441	1	0.9999999744101855	0.9916777229525607	1	1.0	1.0	1.0	0.9139932628523576	0.9999999612846852	1.0	0	first_linear_segment_at_fitted_phi	0.9999999744101855	1.0	0	first_linear_segment_at_clustered_phi	8
exampleTumor1	m274	region1	clipp2_single_switch_path_mixture_v1	1	phased_unphased_two_state_positive_dosages_v1	endpoint_excess_dosage_penalty_biological_alias_mass_v1:alpha=3	5c247107561660669e1e40fa17e9c74b9ce7f23c4cacc5cd6479e760fab68aab	region_local	1	0.9989074625696996	1	0.4644698459572693	0.9989074625162653	1	1.0	1.0	1.0	0.9757111023207368	0.4644698477378554	1.0	0	first_linear_segment_at_fitted_phi	0.4644698459572693	1.0	0	first_linear_segment_at_clustered_phi	2
exampleTumor1	m274	region1	clipp2_single_switch_path_mixture_v1	1	phased_unphased_two_state_positive_dosages_v1	endpoint_excess_dosage_penalty_biological_alias_mass_v1:alpha=3	5c247107561660669e1e40fa17e9c74b9ce7f23c4cacc5cd6479e760fab68aab	region_local	2	0.001092537430300314	0	0.4644698459572693	0.0010925374837347532	0	2.0	2.0	1.0	0.02428889767926321	0.9289396954757108	2.0	1	first_linear_segment_at_fitted_phi	0.9289396919145386	2.0	1	first_linear_segment_at_clustered_phi	1
exampleTumor1	m274	region2	clipp2_single_switch_path_mixture_v1	1	phased_unphased_two_state_positive_dosages_v1	endpoint_excess_dosage_penalty_biological_alias_mass_v1:alpha=3	5c247107561660669e1e40fa17e9c74b9ce7f23c4cacc5cd6479e760fab68aab	region_local	1	0.9998183687755132	1	0.5783395130938829	0.9998183687275458	1	1.0	1.0	1.0	0.9757111023207368	0.5783395207772083	1.0	0	first_linear_segment_at_fitted_phi	0.5783395130938829	1.0	0	first_linear_segment_at_clustered_phi	2
exampleTumor1	m274	region2	clipp2_single_switch_path_mixture_v1	1	phased_unphased_two_state_positive_dosages_v1	endpoint_excess_dosage_penalty_biological_alias_mass_v1:alpha=3	5c247107561660669e1e40fa17e9c74b9ce7f23c4cacc5cd6479e760fab68aab	region_local	2	0.00018163122448673418	0	0.5783395130938829	0.00018163127245422573	0	2.0	2.0	1.0	0.02428889767926321	1.1566790415544166	2.0	1	first_linear_segment_at_fitted_phi	1.1566790261877657	2.0	1	first_linear_segment_at_clustered_phi	1
exampleTumor1	m275	region1	clipp2_single_switch_path_mixture_v1	1	phased_unphased_two_state_positive_dosages_v1	endpoint_excess_dosage_penalty_biological_alias_mass_v1:alpha=3	5c247107561660669e1e40fa17e9c74b9ce7f23c4cacc5cd6479e760fab68aab	region_local	1	0.4961220225908878	1	0.9999999820400683	0.49612205412241056	1	2.0	1.0	0.46559310907204654	0.055039886808694184	1.4655931090720467	1.4655931090720467	1	second_linear_segment_at_fitted_phi	1.4655930911121149	1.465593117434067	1	second_linear_segment_at_clustered_phi	2
exampleTumor1	m275	region1	clipp2_single_switch_path_mixture_v1	1	phased_unphased_two_state_positive_dosages_v1	endpoint_excess_dosage_penalty_biological_alias_mass_v1:alpha=3	5c247107561660669e1e40fa17e9c74b9ce7f23c4cacc5cd6479e760fab68aab	region_local	2	0.4961220225908878	0	0.9999999820400683	0.49612199302694926	0	1.0	2.0	0.5344068909279536	0.055039886808694205	1.4655931090720464	1.4655931090720464	1	second_linear_segment_at_fitted_phi	1.4655930731521831	1.465593099474135	1	second_linear_segment_at_clustered_phi	2
exampleTumor1	m275	region1	clipp2_single_switch_path_mixture_v1	1	phased_unphased_two_state_positive_dosages_v1	endpoint_excess_dosage_penalty_biological_alias_mass_v1:alpha=3	5c247107561660669e1e40fa17e9c74b9ce7f23c4cacc5cd6479e760fab68aab	region_local	3	0.007755954818224466	0	0.9999999820400683	0.007755952850640264	0	1.0	1.0	1.0	0.8899202263826116	1.0	1.0	0	switch_boundary_at_fitted_phi	0.9999999820400683	1.0	0	first_linear_segment_at_clustered_phi	8
exampleTumor1	m275	region2	clipp2_single_switch_path_mixture_v1	1	phased_unphased_two_state_positive_dosages_v1	endpoint_excess_dosage_penalty_biological_alias_mass_v1:alpha=3	5c247107561660669e1e40fa17e9c74b9ce7f23c4cacc5cd6479e760fab68aab	region_local	1	0.33536109091485594	1	0.9999999744101855	0.33536103783993426	1	1.0	2.0	0.4432498707676336	0.04300336857382123	1.556750051804234	1.5567501120723608	1	second_linear_segment_at_fitted_phi	1.5567500780527375	1.556750117889684	1	second_linear_segment_at_clustered_phi	2
exampleTumor1	m275	region2	clipp2_single_switch_path_mixture_v1	1	phased_unphased_two_state_positive_dosages_v1	endpoint_excess_dosage_penalty_biological_alias_mass_v1:alpha=3	5c247107561660669e1e40fa17e9c74b9ce7f23c4cacc5cd6479e760fab68aab	region_local	2	0.33536101377149674	0	0.9999999744101855	0.33536098684853805	0	2.0	1.0	0.5567501292323666	0.043003368573821206	1.5567500905183005	1.5567501507864288	1	second_linear_segment_at_fitted_phi	1.556750103642552	1.5567501434794992	1	second_linear_segment_at_clustered_phi	2
exampleTumor1	m275	region2	clipp2_single_switch_path_mixture_v1	1	phased_unphased_two_state_positive_dosages_v1	endpoint_excess_dosage_penalty_biological_alias_mass_v1:alpha=3	5c247107561660669e1e40fa17e9c74b9ce7f23c4cacc5cd6479e760fab68aab	region_local	3	0.32927789531364726	0	0.9999999744101855	0.3292779753115277	0	1.0	1.0	1.0	0.9139932628523576	0.9999999612859339	1.0	0	first_linear_segment_at_fitted_phi	0.9999999744101855	1.0	0	first_linear_segment_at_clustered_phi	8
exampleTumor1	m276	region1	clipp2_single_switch_path_mixture_v1	1	phased_unphased_two_state_positive_dosages_v1	endpoint_excess_dosage_penalty_biological_alias_mass_v1:alpha=3	5c247107561660669e1e40fa17e9c74b9ce7f23c4cacc5cd6479e760fab68aab	region_local	1	0.06020832504359676	0	0.9999999820400683	0.06020833858727666	0	2.0	1.0	0.46559310907204654	0.055039886808694184	1.4655931090720467	1.4655931090720467	1	second_linear_segment_at_fitted_phi	1.4655930911121149	1.465593117434067	1	second_linear_segment_at_clustered_phi	2
exampleTumor1	m276	region1	clipp2_single_switch_path_mixture_v1	1	phased_unphased_two_state_positive_dosages_v1	endpoint_excess_dosage_penalty_biological_alias_mass_v1:alpha=3	5c247107561660669e1e40fa17e9c74b9ce7f23c4cacc5cd6479e760fab68aab	region_local	2	0.06020832504359676	0	0.9999999820400683	0.06020834573968649	0	1.0	2.0	0.5344068909279536	0.055039886808694205	1.4655931090720464	1.4655931090720464	1	second_linear_segment_at_fitted_phi	1.4655930731521831	1.465593099474135	1	second_linear_segment_at_clustered_phi	2
exampleTumor1	m276	region1	clipp2_single_switch_path_mixture_v1	1	phased_unphased_two_state_positive_dosages_v1	endpoint_excess_dosage_penalty_biological_alias_mass_v1:alpha=3	5c247107561660669e1e40fa17e9c74b9ce7f23c4cacc5cd6479e760fab68aab	region_local	3	0.8795833499128064	1	0.9999999820400683	0.8795833156730368	1	1.0	1.0	1.0	0.8899202263826116	1.0	1.0	0	switch_boundary_at_fitted_phi	0.9999999820400683	1.0	0	first_linear_segment_at_clustered_phi	8
exampleTumor1	m276	region2	clipp2_single_switch_path_mixture_v1	1	phased_unphased_two_state_positive_dosages_v1	endpoint_excess_dosage_penalty_biological_alias_mass_v1:alpha=3	5c247107561660669e1e40fa17e9c74b9ce7f23c4cacc5cd6479e760fab68aab	region_local	1	3.895475453669673e-06	0	0.9999999744101855	3.895479399276894e-06	0	1.0	2.0	0.4432498707676336	0.04300336857382123	1.5567501292323664	1.5567501292323664	1	second_linear_segment_at_fitted_phi	1.5567500780527375	1.556750117889684	1	second_linear_segment_at_clustered_phi	2
exampleTumor1	m276	region2	clipp2_single_switch_path_mixture_v1	1	phased_unphased_two_state_positive_dosages_v1	endpoint_excess_dosage_penalty_biological_alias_mass_v1:alpha=3	5c247107561660669e1e40fa17e9c74b9ce7f23c4cacc5cd6479e760fab68aab	region_local	2	3.89547545366959e-06	0	0.9999999744101855	3.895476970852933e-06	0	2.0	1.0	0.5567501292323666	0.043003368573821206	1.5567501292323667	1.5567501292323667	1	second_linear_segment_at_fitted_phi	1.556750103642552	1.5567501434794992	1	second_linear_segment_at_clustered_phi	2
exampleTumor1	m276	region2	clipp2_single_switch_path_mixture_v1	1	phased_unphased_two_state_positive_dosages_v1	endpoint_excess_dosage_penalty_biological_alias_mass_v1:alpha=3	5c247107561660669e1e40fa17e9c74b9ce7f23c4cacc5cd6479e760fab68aab	region_local	3	0.9999922090490926	1	0.9999999744101855	0.9999922090436298	1	1.0	1.0	1.0	0.9139932628523576	1.0	1.0	0	switch_boundary_at_fitted_phi	0.9999999744101855	1.0	0	first_linear_segment_at_clustered_phi	8
exampleTumor1	m277	region1	clipp2_single_switch_path_mixture_v1	1	phased_unphased_two_state_positive_dosages_v1	endpoint_excess_dosage_penalty_biological_alias_mass_v1:alpha=3	5c247107561660669e1e40fa17e9c74b9ce7f23c4cacc5cd6479e760fab68aab	region_local	1	0.001876071444728712	0	0.4644698459572693	0.0018760697108586174	0	2.0	1.0	0.46559310907204654	0.055039886808694184	0.9289396409365505	2.0	1	first_linear_segment_at_fitted_phi	0.9289396919145386	2.0	1	first_linear_segment_at_clustered_phi	2
exampleTumor1	m277	region1	clipp2_single_switch_path_mixture_v1	1	phased_unphased_two_state_positive_dosages_v1	endpoint_excess_dosage_penalty_biological_alias_mass_v1:alpha=3	5c247107561660669e1e40fa17e9c74b9ce7f23c4cacc5cd6479e760fab68aab	region_local	2	0.058136451773821866	0	0.4644698459572693	0.05813645187481239	0	1.0	2.0	0.5344068909279536	0.055039886808694205	0.46446982046827523	1.0	0	first_linear_segment_at_fitted_phi	0.4644698459572693	1.0	0	first_linear_segment_at_clustered_phi	2
exampleTumor1	m277	region1	clipp2_single_switch_path_mixture_v1	1	phased_unphased_two_state_positive_dosages_v1	endpoint_excess_dosage_penalty_biological_alias_mass_v1:alpha=3	5c247107561660669e1e40fa17e9c74b9ce7f23c4cacc5cd6479e760fab68aab	region_local	3	0.9399874767814494	1	0.4644698459572693	0.9399874784143291	1	1.0	1.0	1.0	0.8899202263826116	0.46446982046827523	1.0	0	first_linear_segment_at_fitted_phi	0.4644698459572693	1.0	0	first_linear_segment_at_clustered_phi	8
exampleTumor1	m277	region2	clipp2_single_switch_path_mixture_v1	1	phased_unphased_two_state_positive_dosages_v1	endpoint_excess_dosage_penalty_biological_alias_mass_v1:alpha=3	5c247107561660669e1e40fa17e9c74b9ce7f23c4cacc5cd6479e760fab68aab	region_local	1	0.1026458206165794	0	0.5783395130938829	0.102645798846482	0	1.0	2.0	0.4432498707676336	0.04300336857382123	0.7134290882847103	1.233581855537886	1	second_linear_segment_at_fitted_phi	0.7134291554201322	1.2335819000219685	1	second_linear_segment_at_clustered_phi	2
exampleTumor1	m277	region2	clipp2_single_switch_path_mixture_v1	1	phased_unphased_two_state_positive_dosages_v1	endpoint_excess_dosage_penalty_biological_alias_mass_v1:alpha=3	5c247107561660669e1e40fa17e9c74b9ce7f23c4cacc5cd6479e760fab68aab	region_local	2	0.003897662084103839	0	0.5783395130938829	0.0038976585749931833	0	2.0	1.0	0.5567501292323666	0.043003368573821206	1.1350896087585385	1.9626701080280853	1	second_linear_segment_at_fitted_phi	1.1350896423262493	1.9626700521532379	1	second_linear_segment_at_clustered_phi	2
exampleTumor1	m277	region2	clipp2_single_switch_path_mixture_v1	1	phased_unphased_two_state_positive_dosages_v1	endpoint_excess_dosage_penalty_biological_alias_mass_v1:alpha=3	5c247107561660669e1e40fa17e9c74b9ce7f23c4cacc5cd6479e760fab68aab	region_local	3	0.8934565172993169	1	0.5783395130938829	0.8934565425785248	1	1.0	1.0	1.0	0.9139932628523576	0.5783394795261719	1.0	0	first_linear_segment_at_fitted_phi	0.5783395130938829	1.0	0	first_linear_segment_at_clustered_phi	8
exampleTumor1	m278	region1	clipp2_single_switch_path_mixture_v1	1	phased_unphased_two_state_positive_dosages_v1	endpoint_excess_dosage_penalty_biological_alias_mass_v1:alpha=3	5c247107561660669e1e40fa17e9c74b9ce7f23c4cacc5cd6479e760fab68aab	region_local	1	0.4329251340226183	1	0.9999999820400683	0.432925113281831	1	2.0	1.0	0.46559310907204654	0.055039886808694184	1.465593072971278	1.465593125880316	1	second_linear_segment_at_fitted_phi	1.4655930911121149	1.465593117434067	1	second_linear_segment_at_clustered_phi	2
exampleTumor1	m278	region1	clipp2_single_switch_path_mixture_v1	1	phased_unphased_two_state_positive_dosages_v1	endpoint_excess_dosage_penalty_biological_alias_mass_v1:alpha=3	5c247107561660669e1e40fa17e9c74b9ce7f23c4cacc5cd6479e760fab68aab	region_local	2	0.4329251162498481	0	0.9999999820400683	0.43292510443998533	0	1.0	2.0	0.5344068909279536	0.055039886808694205	1.4655930368705097	1.4655930897795464	1	second_linear_segment_at_fitted_phi	1.4655930731521831	1.465593099474135	1	second_linear_segment_at_clustered_phi	2
exampleTumor1	m278	region1	clipp2_single_switch_path_mixture_v1	1	phased_unphased_two_state_positive_dosages_v1	endpoint_excess_dosage_penalty_biological_alias_mass_v1:alpha=3	5c247107561660669e1e40fa17e9c74b9ce7f23c4cacc5cd6479e760fab68aab	region_local	3	0.13414974972753368	0	0.9999999820400683	0.1341497822781837	0	1.0	1.0	1.0	0.8899202263826116	0.9999999638992316	1.0	0	first_linear_segment_at_fitted_phi	0.9999999820400683	1.0	0	first_linear_segment_at_clustered_phi	8
exampleTumor1	m278	region2	clipp2_single_switch_path_mixture_v1	1	phased_unphased_two_state_positive_dosages_v1	endpoint_excess_dosage_penalty_biological_alias_mass_v1:alpha=3	5c247107561660669e1e40fa17e9c74b9ce7f23c4cacc5cd6479e760fab68aab	region_local	1	0.49521641637994845	0	0.9999999744101855	0.4952164219332724	0	1.0	2.0	0.4432498707676336	0.04300336857382123	1.556750051804088	1.5567501120723284	1	second_linear_segment_at_fitted_phi	1.5567500780527375	1.556750117889684	1	second_linear_segment_at_clustered_phi	2
exampleTumor1	m278	region2	clipp2_single_switch_path_mixture_v1	1	phased_unphased_two_state_positive_dosages_v1	endpoint_excess_dosage_penalty_biological_alias_mass_v1:alpha=3	5c247107561660669e1e40fa17e9c74b9ce7f23c4cacc5cd6479e760fab68aab	region_local	2	0.4952164571056297	1	0.9999999744101855	0.49521644885269644	1	2.0	1.0	0.5567501292323666	0.043003368573821206	1.5567500905182274	1.5567501507864694	1	second_linear_segment_at_fitted_phi	1.556750103642552	1.5567501434794992	1	second_linear_segment_at_clustered_phi	2
exampleTumor1	m278	region2	clipp2_single_switch_path_mixture_v1	1	phased_unphased_two_state_positive_dosages_v1	endpoint_excess_dosage_penalty_biological_alias_mass_v1:alpha=3	5c247107561660669e1e40fa17e9c74b9ce7f23c4cacc5cd6479e760fab68aab	region_local	3	0.009567126514421842	0	0.9999999744101855	0.009567129214031182	0	1.0	1.0	1.0	0.9139932628523576	0.9999999612858609	1.0	0	first_linear_segment_at_fitted_phi	0.9999999744101855	1.0	0	first_linear_segment_at_clustered_phi	8
exampleTumor1	m279	region1	clipp2_single_switch_path_mixture_v1	1	phased_unphased_two_state_positive_dosages_v1	endpoint_excess_dosage_penalty_biological_alias_mass_v1:alpha=3	5c247107561660669e1e40fa17e9c74b9ce7f23c4cacc5cd6479e760fab68aab	region_local	1	0.0004751079410800151	0	0.9999999820400683	0.0004751080310605332	0	2.0	1.0	0.46559310907204654	0.055039886808694184	1.4655931090720467	1.4655931090720467	1	second_linear_segment_at_fitted_phi	1.4655930911121149	1.465593117434067	1	second_linear_segment_at_clustered_phi	2
exampleTumor1	m279	region1	clipp2_single_switch_path_mixture_v1	1	phased_unphased_two_state_positive_dosages_v1	endpoint_excess_dosage_penalty_biological_alias_mass_v1:alpha=3	5c247107561660669e1e40fa17e9c74b9ce7f23c4cacc5cd6479e760fab68aab	region_local	2	0.0004751079410800151	0	0.9999999820400683	0.00047510816318869413	0	1.0	2.0	0.5344068909279536	0.055039886808694205	1.4655931090720464	1.4655931090720464	1	second_linear_segment_at_fitted_phi	1.4655930731521831	1.465593099474135	1	second_linear_segment_at_clustered_phi	2
exampleTumor1	m279	region1	clipp2_single_switch_path_mixture_v1	1	phased_unphased_two_state_positive_dosages_v1	endpoint_excess_dosage_penalty_biological_alias_mass_v1:alpha=3	5c247107561660669e1e40fa17e9c74b9ce7f23c4cacc5cd6479e760fab68aab	region_local	3	0.99904978411784	1	0.9999999820400683	0.9990497838057508	1	1.0	1.0	1.0	0.8899202263826116	1.0	1.0	0	switch_boundary_at_fitted_phi	0.9999999820400683	1.0	0	first_linear_segment_at_clustered_phi	8
exampleTumor1	m279	region2	clipp2_single_switch_path_mixture_v1	1	phased_unphased_two_state_positive_dosages_v1	endpoint_excess_dosage_penalty_biological_alias_mass_v1:alpha=3	5c247107561660669e1e40fa17e9c74b9ce7f23c4cacc5cd6479e760fab68aab	region_local	1	0.0045098605593038915	0	0.9999999744101855	0.00450985864508747	0	1.0	2.0	0.4432498707676336	0.04300336857382123	1.5567500518016504	1.5567501120717882	1	second_linear_segment_at_fitted_phi	1.5567500780527375	1.556750117889684	1	second_linear_segment_at_clustered_phi	2
exampleTumor1	m279	region2	clipp2_single_switch_path_mixture_v1	1	phased_unphased_two_state_positive_dosages_v1	endpoint_excess_dosage_penalty_biological_alias_mass_v1:alpha=3	5c247107561660669e1e40fa17e9c74b9ce7f23c4cacc5cd6479e760fab68aab	region_local	2	0.004509858233328322	0	0.9999999744101855	0.004509857107680438	0	2.0	1.0	0.5567501292323666	0.043003368573821206	1.5567500905170086	1.556750150787148	1	second_linear_segment_at_fitted_phi	1.556750103642552	1.5567501434794992	1	second_linear_segment_at_clustered_phi	2
exampleTumor1	m279	region2	clipp2_single_switch_path_mixture_v1	1	phased_unphased_two_state_positive_dosages_v1	endpoint_excess_dosage_penalty_biological_alias_mass_v1:alpha=3	5c247107561660669e1e40fa17e9c74b9ce7f23c4cacc5cd6479e760fab68aab	region_local	3	0.9909802812073678	1	0.9999999744101855	0.9909802842472321	1	1.0	1.0	1.0	0.9139932628523576	0.9999999612846421	1.0	0	first_linear_segment_at_fitted_phi	0.9999999744101855	1.0	0	first_linear_segment_at_clustered_phi	8
exampleTumor1	m280	region1	clipp2_single_switch_path_mixture_v1	1	phased_unphased_two_state_positive_dosages_v1	endpoint_excess_dosage_penalty_biological_alias_mass_v1:alpha=3	5c247107561660669e1e40fa17e9c74b9ce7f23c4cacc5cd6479e760fab68aab	region_local	1	0.043927732370238906	0	0.9999999820400683	0.043927741160689995	0	2.0	1.0	0.46559310907204654	0.055039886808694184	1.4655931090720467	1.4655931090720467	1	second_linear_segment_at_fitted_phi	1.4655930911121149	1.465593117434067	1	second_linear_segment_at_clustered_phi	2
exampleTumor1	m280	region1	clipp2_single_switch_path_mixture_v1	1	phased_unphased_two_state_positive_dosages_v1	endpoint_excess_dosage_penalty_biological_alias_mass_v1:alpha=3	5c247107561660669e1e40fa17e9c74b9ce7f23c4cacc5cd6479e760fab68aab	region_local	2	0.04392773237023921	0	0.9999999820400683	0.043927746184910625	0	1.0	2.0	0.5344068909279536	0.055039886808694205	1.4655931090720464	1.4655931090720464	1	second_linear_segment_at_fitted_phi	1.4655930731521831	1.465593099474135	1	second_linear_segment_at_clustered_phi	2
exampleTumor1	m280	region1	clipp2_single_switch_path_mixture_v1	1	phased_unphased_two_state_positive_dosages_v1	endpoint_excess_dosage_penalty_biological_alias_mass_v1:alpha=3	5c247107561660669e1e40fa17e9c74b9ce7f23c4cacc5cd6479e760fab68aab	region_local	3	0.9121445352595219	1	0.9999999820400683	0.9121445126543993	1	1.0	1.0	1.0	0.8899202263826116	1.0	1.0	0	switch_boundary_at_fitted_phi	0.9999999820400683	1.0	0	first_linear_segment_at_clustered_phi	8
exampleTumor1	m280	region2	clipp2_single_switch_path_mixture_v1	1	phased_unphased_two_state_positive_dosages_v1	endpoint_excess_dosage_penalty_biological_alias_mass_v1:alpha=3	5c247107561660669e1e40fa17e9c74b9ce7f23c4cacc5cd6479e760fab68aab	region_local	1	6.64204178873745e-05	0	0.9999999744101855	6.642038454396409e-05	0	1.0	2.0	0.4432498707676336	0.04300336857382123	1.5567500518013058	1.556750112071712	1	second_linear_segment_at_fitted_phi	1.5567500780527375	1.556750117889684	1	second_linear_segment_at_clustered_phi	2
exampleTumor1	m280	region2	clipp2_single_switch_path_mixture_v1	1	phased_unphased_two_state_positive_dosages_v1	endpoint_excess_dosage_penalty_biological_alias_mass_v1:alpha=3	5c247107561660669e1e40fa17e9c74b9ce7f23c4cacc5cd6479e760fab68aab	region_local	2	6.64203654229209e-05	0	0.9999999744101855	6.642034986653158e-05	0	2.0	1.0	0.5567501292323666	0.043003368573821206	1.5567500905168363	1.556750150787244	1	second_linear_segment_at_fitted_phi	1.556750103642552	1.5567501434794992	1	second_linear_segment_at_clustered_phi	2
exampleTumor1	m280	region2	clipp2_single_switch_path_mixture_v1	1	phased_unphased_two_state_positive_dosages_v1	endpoint_excess_dosage_penalty_biological_alias_mass_v1:alpha=3	5c247107561660669e1e40fa17e9c74b9ce7f23c4cacc5cd6479e760fab68aab	region_local	3	0.9998671592166897	1	0.9999999744101855	0.9998671592655896	1	1.0	1.0	1.0	0.9139932628523576	0.9999999612844697	1.0	0	first_linear_segment_at_fitted_phi	0.9999999744101855	1.0	0	first_linear_segment_at_clustered_phi	8
exampleTumor1	m281	region1	clipp2_single_switch_path_mixture_v1	1	phased_unphased_two_state_positive_dosages_v1	endpoint_excess_dosage_penalty_biological_alias_mass_v1:alpha=3	5c247107561660669e1e40fa17e9c74b9ce7f23c4cacc5cd6479e760fab68aab	region_local	1	0.0010199953631449146	0	0.20466086196598293	0.0010199976270988793	0	2.0	1.0	0.46559310907204654	0.055039886808694184	0.40932187823516464	2.0	1	first_linear_segment_at_fitted_phi	0.40932172393196586	2.0	1	first_linear_segment_at_clustered_phi	2
exampleTumor1	m281	region1	clipp2_single_switch_path_mixture_v1	1	phased_unphased_two_state_positive_dosages_v1	endpoint_excess_dosage_penalty_biological_alias_mass_v1:alpha=3	5c247107561660669e1e40fa17e9c74b9ce7f23c4cacc5cd6479e760fab68aab	region_local	2	0.05818631454577591	0	0.20466086196598293	0.05818631441391028	0	1.0	2.0	0.5344068909279536	0.055039886808694205	0.20466093911758232	1.0	0	first_linear_segment_at_fitted_phi	0.20466086196598293	1.0	0	first_linear_segment_at_clustered_phi	2
exampleTumor1	m281	region1	clipp2_single_switch_path_mixture_v1	1	phased_unphased_two_state_positive_dosages_v1	endpoint_excess_dosage_penalty_biological_alias_mass_v1:alpha=3	5c247107561660669e1e40fa17e9c74b9ce7f23c4cacc5cd6479e760fab68aab	region_local	3	0.9407936900910792	1	0.20466086196598293	0.9407936879589909	1	1.0	1.0	1.0	0.8899202263826116	0.20466093911758232	1.0	0	first_linear_segment_at_fitted_phi	0.20466086196598293	1.0	0	first_linear_segment_at_clustered_phi	8
exampleTumor1	m281	region2	clipp2_single_switch_path_mixture_v1	1	phased_unphased_two_state_positive_dosages_v1	endpoint_excess_dosage_penalty_biological_alias_mass_v1:alpha=3	5c247107561660669e1e40fa17e9c74b9ce7f23c4cacc5cd6479e760fab68aab	region_local	1	0.04492627820645235	0	0.26801886587083323	0.044926278262724294	0	1.0	2.0	0.4432498707676336	0.04300336857382123	0.26801871857548426	1.0	0	first_linear_segment_at_fitted_phi	0.26801886587083323	1.0	0	first_linear_segment_at_clustered_phi	2
exampleTumor1	m281	region2	clipp2_single_switch_path_mixture_v1	1	phased_unphased_two_state_positive_dosages_v1	endpoint_excess_dosage_penalty_biological_alias_mass_v1:alpha=3	5c247107561660669e1e40fa17e9c74b9ce7f23c4cacc5cd6479e760fab68aab	region_local	2	0.00021095249120481492	0	0.26801886587083323	0.00021095123893298415	0	2.0	1.0	0.5567501292323666	0.043003368573821206	0.5360374371509685	2.0	1	first_linear_segment_at_fitted_phi	0.5360377317416665	2.0	1	first_linear_segment_at_clustered_phi	2
exampleTumor1	m281	region2	clipp2_single_switch_path_mixture_v1	1	phased_unphased_two_state_positive_dosages_v1	endpoint_excess_dosage_penalty_biological_alias_mass_v1:alpha=3	5c247107561660669e1e40fa17e9c74b9ce7f23c4cacc5cd6479e760fab68aab	region_local	3	0.9548627693023428	1	0.26801886587083323	0.9548627704983428	1	1.0	1.0	1.0	0.9139932628523576	0.26801871857548426	1.0	0	first_linear_segment_at_fitted_phi	0.26801886587083323	1.0	0	first_linear_segment_at_clustered_phi	8
exampleTumor1	m282	region1	clipp2_single_switch_path_mixture_v1	1	phased_unphased_two_state_positive_dosages_v1	endpoint_excess_dosage_penalty_biological_alias_mass_v1:alpha=3	5c247107561660669e1e40fa17e9c74b9ce7f23c4cacc5cd6479e760fab68aab	region_local	1	0.999998868390432	1	0.9999999820400683	0.9999988683912064	1	1.0	1.0	1.0	0.9757111023207368	0.9999999638946852	1.0	0	first_linear_segment_at_fitted_phi	0.9999999820400683	1.0	0	first_linear_segment_at_clustered_phi	2
exampleTumor1	m282	region1	clipp2_single_switch_path_mixture_v1	1	phased_unphased_two_state_positive_dosages_v1	endpoint_excess_dosage_penalty_biological_alias_mass_v1:alpha=3	5c247107561660669e1e40fa17e9c74b9ce7f23c4cacc5cd6479e760fab68aab	region_local	2	1.1316095680501629e-06	0	0.9999999820400683	1.1316087935892784e-06	0	2.0	2.0	1.0	0.02428889767926321	1.9999999277893703	2.0	1	first_linear_segment_at_fitted_phi	1.9999999640801367	2.0	1	first_linear_segment_at_clustered_phi	1
exampleTumor1	m282	region2	clipp2_single_switch_path_mixture_v1	1	phased_unphased_two_state_positive_dosages_v1	endpoint_excess_dosage_penalty_biological_alias_mass_v1:alpha=3	5c247107561660669e1e40fa17e9c74b9ce7f23c4cacc5cd6479e760fab68aab	region_local	1	0.9999999992264647	1	0.9999999744101855	0.9999999992264635	1	1.0	1.0	1.0	0.9757111023207368	1.0	1.0	0	switch_boundary_at_fitted_phi	0.9999999744101855	1.0	0	first_linear_segment_at_clustered_phi	2
exampleTumor1	m282	region2	clipp2_single_switch_path_mixture_v1	1	phased_unphased_two_state_positive_dosages_v1	endpoint_excess_dosage_penalty_biological_alias_mass_v1:alpha=3	5c247107561660669e1e40fa17e9c74b9ce7f23c4cacc5cd6479e760fab68aab	region_local	2	7.735354012851649e-10	0	0.9999999744101855	7.735364644065238e-10	0	2.0	2.0	1.0	0.02428889767926321	2.0	2.0	1	switch_boundary_at_fitted_phi	1.999999948820371	2.0	1	first_linear_segment_at_clustered_phi	1
exampleTumor1	m283	region1	clipp2_single_switch_path_mixture_v1	1	phased_unphased_two_state_positive_dosages_v1	endpoint_excess_dosage_penalty_biological_alias_mass_v1:alpha=3	5c247107561660669e1e40fa17e9c74b9ce7f23c4cacc5cd6479e760fab68aab	region_local	1	0.0004891907009482486	0	0.20466086196598293	0.0004891918550110517	0	2.0	1.0	0.46559310907204654	0.055039886808694184	0.4093218682999166	2.0	1	first_linear_segment_at_fitted_phi	0.40932172393196586	2.0	1	first_linear_segment_at_clustered_phi	2
exampleTumor1	m283	region1	clipp2_single_switch_path_mixture_v1	1	phased_unphased_two_state_positive_dosages_v1	endpoint_excess_dosage_penalty_biological_alias_mass_v1:alpha=3	5c247107561660669e1e40fa17e9c74b9ce7f23c4cacc5cd6479e760fab68aab	region_local	2	0.05821723164811388	0	0.20466086196598293	0.058217231580894646	0	1.0	2.0	0.5344068909279536	0.055039886808694205	0.2046609341499583	1.0	0	first_linear_segment_at_fitted_phi	0.20466086196598293	1.0	0	first_linear_segment_at_clustered_phi	2
exampleTumor1	m283	region1	clipp2_single_switch_path_mixture_v1	1	phased_unphased_two_state_positive_dosages_v1	endpoint_excess_dosage_penalty_biological_alias_mass_v1:alpha=3	5c247107561660669e1e40fa17e9c74b9ce7f23c4cacc5cd6479e760fab68aab	region_local	3	0.9412935776509379	1	0.20466086196598293	0.9412935765640942	1	1.0	1.0	1.0	0.8899202263826116	0.2046609341499583	1.0	0	first_linear_segment_at_fitted_phi	0.20466086196598293	1.0	0	first_linear_segment_at_clustered_phi	8
exampleTumor1	m283	region2	clipp2_single_switch_path_mixture_v1	1	phased_unphased_two_state_positive_dosages_v1	endpoint_excess_dosage_penalty_biological_alias_mass_v1:alpha=3	5c247107561660669e1e40fa17e9c74b9ce7f23c4cacc5cd6479e760fab68aab	region_local	1	0.03928891985765126	0	0.26801886587083323	0.03928868859538961	0	1.0	2.0	0.4432498707676336	0.04300336857382123	0.2680201609855084	1.0	0	first_linear_segment_at_fitted_phi	0.26801886587083323	1.0	0	first_linear_segment_at_clustered_phi	2
exampleTumor1	m283	region2	clipp2_single_switch_path_mixture_v1	1	phased_unphased_two_state_positive_dosages_v1	endpoint_excess_dosage_penalty_biological_alias_mass_v1:alpha=3	5c247107561660669e1e40fa17e9c74b9ce7f23c4cacc5cd6479e760fab68aab	region_local	2	0.1256646815562637	0	0.26801886587083323	0.12566982806484475	0	2.0	1.0	0.5567501292323666	0.043003368573821206	0.5360403219710168	2.0	1	first_linear_segment_at_fitted_phi	0.5360377317416665	2.0	1	first_linear_segment_at_clustered_phi	2
exampleTumor1	m283	region2	clipp2_single_switch_path_mixture_v1	1	phased_unphased_two_state_positive_dosages_v1	endpoint_excess_dosage_penalty_biological_alias_mass_v1:alpha=3	5c247107561660669e1e40fa17e9c74b9ce7f23c4cacc5cd6479e760fab68aab	region_local	3	0.835046398586085	1	0.26801886587083323	0.8350414833397657	1	1.0	1.0	1.0	0.9139932628523576	0.2680201609855084	1.0	0	first_linear_segment_at_fitted_phi	0.26801886587083323	1.0	0	first_linear_segment_at_clustered_phi	8
exampleTumor1	m284	region1	clipp2_single_switch_path_mixture_v1	1	phased_unphased_two_state_positive_dosages_v1	endpoint_excess_dosage_penalty_biological_alias_mass_v1:alpha=3	5c247107561660669e1e40fa17e9c74b9ce7f23c4cacc5cd6479e760fab68aab	region_local	1	0.0057414414110882744	0	0.9999999820400683	0.005741440094349434	0	2.0	1.0	0.46559310907204654	0.055039886808694184	1.4655930729675588	1.4655931258820478	1	second_linear_segment_at_fitted_phi	1.4655930911121149	1.465593117434067	1	second_linear_segment_at_clustered_phi	2
exampleTumor1	m284	region1	clipp2_single_switch_path_mixture_v1	1	phased_unphased_two_state_positive_dosages_v1	endpoint_excess_dosage_penalty_biological_alias_mass_v1:alpha=3	5c247107561660669e1e40fa17e9c74b9ce7f23c4cacc5cd6479e760fab68aab	region_local	2	0.0057414437150796055	0	0.9999999820400683	0.005741441240453926	0	1.0	2.0	0.5344068909279536	0.055039886808694205	1.465593036863071	1.4655930897775586	1	second_linear_segment_at_fitted_phi	1.4655930731521831	1.465593099474135	1	second_linear_segment_at_clustered_phi	2
exampleTumor1	m284	region1	clipp2_single_switch_path_mixture_v1	1	phased_unphased_two_state_positive_dosages_v1	endpoint_excess_dosage_penalty_biological_alias_mass_v1:alpha=3	5c247107561660669e1e40fa17e9c74b9ce7f23c4cacc5cd6479e760fab68aab	region_local	3	0.9885171148738321	1	0.9999999820400683	0.9885171186651966	1	1.0	1.0	1.0	0.8899202263826116	0.9999999638955123	1.0	0	first_linear_segment_at_fitted_phi	0.9999999820400683	1.0	0	first_linear_segment_at_clustered_phi	8
exampleTumor1	m284	region2	clipp2_single_switch_path_mixture_v1	1	phased_unphased_two_state_positive_dosages_v1	endpoint_excess_dosage_penalty_biological_alias_mass_v1:alpha=3	5c247107561660669e1e40fa17e9c74b9ce7f23c4cacc5cd6479e760fab68aab	region_local	1	0.00027166657206638146	0	0.9999999744101855	0.0002716664424764152	0	1.0	2.0	0.4432498707676336	0.04300336857382123	1.5567500518011779	1.5567501120716833	1	second_linear_segment_at_fitted_phi	1.5567500780527375	1.556750117889684	1	second_linear_segment_at_clustered_phi	2
exampleTumor1	m284	region2	clipp2_single_switch_path_mixture_v1	1	phased_unphased_two_state_positive_dosages_v1	endpoint_excess_dosage_penalty_biological_alias_mass_v1:alpha=3	5c247107561660669e1e40fa17e9c74b9ce7f23c4cacc5cd6479e760fab68aab	region_local	2	0.00027166638230474434	0	0.9999999744101855	0.00027166631704987057	0	2.0	1.0	0.5567501292323666	0.043003368573821206	1.5567500905167724	1.5567501507872794	1	second_linear_segment_at_fitted_phi	1.556750103642552	1.5567501434794992	1	second_linear_segment_at_clustered_phi	2
exampleTumor1	m284	region2	clipp2_single_switch_path_mixture_v1	1	phased_unphased_two_state_positive_dosages_v1	endpoint_excess_dosage_penalty_biological_alias_mass_v1:alpha=3	5c247107561660669e1e40fa17e9c74b9ce7f23c4cacc5cd6479e760fab68aab	region_local	3	0.9994566670456289	1	0.9999999744101855	0.9994566672404737	1	1.0	1.0	1.0	0.9139932628523576	0.9999999612844058	1.0	0	first_linear_segment_at_fitted_phi	0.9999999744101855	1.0	0	first_linear_segment_at_clustered_phi	8
exampleTumor1	m285	region1	clipp2_single_switch_path_mixture_v1	1	phased_unphased_two_state_positive_dosages_v1	endpoint_excess_dosage_penalty_biological_alias_mass_v1:alpha=3	5c247107561660669e1e40fa17e9c74b9ce7f23c4cacc5cd6479e760fab68aab	region_local	1	0.9910948727707197	1	0.20466086196598293	0.9910948920503267	1	1.0	1.0	1.0	0.9757111023207368	0.20466076917753576	1.0	0	first_linear_segment_at_fitted_phi	0.20466086196598293	1.0	0	first_linear_segment_at_clustered_phi	2
exampleTumor1	m285	region1	clipp2_single_switch_path_mixture_v1	1	phased_unphased_two_state_positive_dosages_v1	endpoint_excess_dosage_penalty_biological_alias_mass_v1:alpha=3	5c247107561660669e1e40fa17e9c74b9ce7f23c4cacc5cd6479e760fab68aab	region_local	2	0.008905127229280324	0	0.20466086196598293	0.008905107949673294	0	2.0	2.0	1.0	0.02428889767926321	0.4093215383550715	2.0	1	first_linear_segment_at_fitted_phi	0.40932172393196586	2.0	1	first_linear_segment_at_clustered_phi	1
exampleTumor1	m285	region2	clipp2_single_switch_path_mixture_v1	1	phased_unphased_two_state_positive_dosages_v1	endpoint_excess_dosage_penalty_biological_alias_mass_v1:alpha=3	5c247107561660669e1e40fa17e9c74b9ce7f23c4cacc5cd6479e760fab68aab	region_local	1	0.9999003768950696	1	0.26801886587083323	0.9999003769734546	1	1.0	1.0	1.0	0.9757111023207368	0.2680188410369652	1.0	0	first_linear_segment_at_fitted_phi	0.26801886587083323	1.0	0	first_linear_segment_at_clustered_phi	2
exampleTumor1	m285	region2	clipp2_single_switch_path_mixture_v1	1	phased_unphased_two_state_positive_dosages_v1	endpoint_excess_dosage_penalty_biological_alias_mass_v1:alpha=3	5c247107561660669e1e40fa17e9c74b9ce7f23c4cacc5cd6479e760fab68aab	region_local	2	9.96231049304207e-05	0	0.26801886587083323	9.962302654545873e-05	0	2.0	2.0	1.0	0.02428889767926321	0.5360376820739304	2.0	1	first_linear_segment_at_fitted_phi	0.5360377317416665	2.0	1	first_linear_segment_at_clustered_phi	1
exampleTumor1	m286	region1	clipp2_single_switch_path_mixture_v1	1	phased_unphased_two_state_positive_dosages_v1	endpoint_excess_dosage_penalty_biological_alias_mass_v1:alpha=3	5c247107561660669e1e40fa17e9c74b9ce7f23c4cacc5cd6479e760fab68aab	region_local	1	0.2575533380762474	0	0.9999999820400683	0.257553305556882	0	2.0	1.0	0.46559310907204654	0.055039886808694184	1.4655930729702127	1.4655931258808124	1	second_linear_segment_at_fitted_phi	1.4655930911121149	1.465593117434067	1	second_linear_segment_at_clustered_phi	2
exampleTumor1	m286	region1	clipp2_single_switch_path_mixture_v1	1	phased_unphased_two_state_positive_dosages_v1	endpoint_excess_dosage_penalty_biological_alias_mass_v1:alpha=3	5c247107561660669e1e40fa17e9c74b9ce7f23c4cacc5cd6479e760fab68aab	region_local	2	0.25755336286430935	0	0.9999999820400683	0.2575533178884414	0	1.0	2.0	0.5344068909279536	0.055039886808694205	1.4655930368683785	1.4655930897789768	1	second_linear_segment_at_fitted_phi	1.4655930731521831	1.465593099474135	1	second_linear_segment_at_clustered_phi	2
exampleTumor1	m286	region1	clipp2_single_switch_path_mixture_v1	1	phased_unphased_two_state_positive_dosages_v1	endpoint_excess_dosage_penalty_biological_alias_mass_v1:alpha=3	5c247107561660669e1e40fa17e9c74b9ce7f23c4cacc5cd6479e760fab68aab	region_local	3	0.4848932990594433	1	0.9999999820400683	0.4848933765546766	1	1.0	1.0	1.0	0.8899202263826116	0.999999963898166	1.0	0	first_linear_segment_at_fitted_phi	0.9999999820400683	1.0	0	first_linear_segment_at_clustered_phi	8
exampleTumor1	m286	region2	clipp2_single_switch_path_mixture_v1	1	phased_unphased_two_state_positive_dosages_v1	endpoint_excess_dosage_penalty_biological_alias_mass_v1:alpha=3	5c247107561660669e1e40fa17e9c74b9ce7f23c4cacc5cd6479e760fab68aab	region_local	1	0.4529447070634127	1	0.9999999744101855	0.4529446882938269	1	1.0	2.0	0.4432498707676336	0.04300336857382123	1.556750051803898	1.5567501120722864	1	second_linear_segment_at_fitted_phi	1.5567500780527375	1.556750117889684	1	second_linear_segment_at_clustered_phi	2
exampleTumor1	m286	region2	clipp2_single_switch_path_mixture_v1	1	phased_unphased_two_state_positive_dosages_v1	endpoint_excess_dosage_penalty_biological_alias_mass_v1:alpha=3	5c247107561660669e1e40fa17e9c74b9ce7f23c4cacc5cd6479e760fab68aab	region_local	2	0.4529446728028747	0	0.9999999744101855	0.45294466564786884	0	2.0	1.0	0.5567501292323666	0.043003368573821206	1.5567500905181322	1.5567501507865222	1	second_linear_segment_at_fitted_phi	1.556750103642552	1.5567501434794992	1	second_linear_segment_at_clustered_phi	2
exampleTumor1	m286	region2	clipp2_single_switch_path_mixture_v1	1	phased_unphased_two_state_positive_dosages_v1	endpoint_excess_dosage_penalty_biological_alias_mass_v1:alpha=3	5c247107561660669e1e40fa17e9c74b9ce7f23c4cacc5cd6479e760fab68aab	region_local	3	0.09411062013371244	0	0.9999999744101855	0.09411064605830435	0	1.0	1.0	1.0	0.9139932628523576	0.9999999612857657	1.0	0	first_linear_segment_at_fitted_phi	0.9999999744101855	1.0	0	first_linear_segment_at_clustered_phi	8
exampleTumor1	m287	region1	clipp2_single_switch_path_mixture_v1	1	phased_unphased_two_state_positive_dosages_v1	endpoint_excess_dosage_penalty_biological_alias_mass_v1:alpha=3	5c247107561660669e1e40fa17e9c74b9ce7f23c4cacc5cd6479e760fab68aab	region_local	1	2.2015891257854402e-05	0	0.4644698459572693	2.2015899667185116e-05	0	2.0	1.0	0.46559310907204654	0.055039886808694184	0.9289397125151246	2.0	1	first_linear_segment_at_fitted_phi	0.9289396919145386	2.0	1	first_linear_segment_at_clustered_phi	2
exampleTumor1	m287	region1	clipp2_single_switch_path_mixture_v1	1	phased_unphased_two_state_positive_dosages_v1	endpoint_excess_dosage_penalty_biological_alias_mass_v1:alpha=3	5c247107561660669e1e40fa17e9c74b9ce7f23c4cacc5cd6479e760fab68aab	region_local	2	0.05824444258356608	0	0.4644698459572693	0.058244442583076664	0	1.0	2.0	0.5344068909279536	0.055039886808694205	0.4644698562575623	1.0	0	first_linear_segment_at_fitted_phi	0.4644698459572693	1.0	0	first_linear_segment_at_clustered_phi	2
exampleTumor1	m287	region1	clipp2_single_switch_path_mixture_v1	1	phased_unphased_two_state_positive_dosages_v1	endpoint_excess_dosage_penalty_biological_alias_mass_v1:alpha=3	5c247107561660669e1e40fa17e9c74b9ce7f23c4cacc5cd6479e760fab68aab	region_local	3	0.9417335415251761	1	0.4644698459572693	0.9417335415172562	1	1.0	1.0	1.0	0.8899202263826116	0.4644698562575623	1.0	0	first_linear_segment_at_fitted_phi	0.4644698459572693	1.0	0	first_linear_segment_at_clustered_phi	8
exampleTumor1	m287	region2	clipp2_single_switch_path_mixture_v1	1	phased_unphased_two_state_positive_dosages_v1	endpoint_excess_dosage_penalty_biological_alias_mass_v1:alpha=3	5c247107561660669e1e40fa17e9c74b9ce7f23c4cacc5cd6479e760fab68aab	region_local	1	0.03011434862800334	0	0.5783395130938829	0.030114345694354644	0	1.0	2.0	0.4432498707676336	0.04300336857382123	0.7134291410641065	1.2335818905096338	1	second_linear_segment_at_fitted_phi	0.7134291554201322	1.2335819000219685	1	second_linear_segment_at_clustered_phi	2
exampleTumor1	m287	region2	clipp2_single_switch_path_mixture_v1	1	phased_unphased_two_state_positive_dosages_v1	endpoint_excess_dosage_penalty_biological_alias_mass_v1:alpha=3	5c247107561660669e1e40fa17e9c74b9ce7f23c4cacc5cd6479e760fab68aab	region_local	2	5.949813072322862e-05	0	0.5783395130938829	5.949812122574589e-05	0	2.0	1.0	0.5567501292323666	0.043003368573821206	1.1350896351482365	1.9626700641013375	1	second_linear_segment_at_fitted_phi	1.1350896423262493	1.9626700521532379	1	second_linear_segment_at_clustered_phi	2
exampleTumor1	m287	region2	clipp2_single_switch_path_mixture_v1	1	phased_unphased_two_state_positive_dosages_v1	endpoint_excess_dosage_penalty_biological_alias_mass_v1:alpha=3	5c247107561660669e1e40fa17e9c74b9ce7f23c4cacc5cd6479e760fab68aab	region_local	3	0.9698261532412734	1	0.5783395130938829	0.9698261561844196	1	1.0	1.0	1.0	0.9139932628523576	0.57833950591587	1.0	0	first_linear_segment_at_fitted_phi	0.5783395130938829	1.0	0	first_linear_segment_at_clustered_phi	8
exampleTumor1	m288	region1	clipp2_single_switch_path_mixture_v1	1	phased_unphased_two_state_positive_dosages_v1	endpoint_excess_dosage_penalty_biological_alias_mass_v1:alpha=3	5c247107561660669e1e40fa17e9c74b9ce7f23c4cacc5cd6479e760fab68aab	region_local	1	0.9999999626248207	1	0.9999999820400683	0.9999999626248498	1	1.0	1.0	1.0	0.9757111023207368	0.9999999638947151	1.0	0	first_linear_segment_at_fitted_phi	0.9999999820400683	1.0	0	first_linear_segment_at_clustered_phi	2
exampleTumor1	m288	region1	clipp2_single_switch_path_mixture_v1	1	phased_unphased_two_state_positive_dosages_v1	endpoint_excess_dosage_penalty_biological_alias_mass_v1:alpha=3	5c247107561660669e1e40fa17e9c74b9ce7f23c4cacc5cd6479e760fab68aab	region_local	2	3.7375179350275695e-08	0	0.9999999820400683	3.737515021848006e-08	0	2.0	2.0	1.0	0.02428889767926321	1.9999999277894303	2.0	1	first_linear_segment_at_fitted_phi	1.9999999640801367	2.0	1	first_linear_segment_at_clustered_phi	1
exampleTumor1	m288	region2	clipp2_single_switch_path_mixture_v1	1	phased_unphased_two_state_positive_dosages_v1	endpoint_excess_dosage_penalty_biological_alias_mass_v1:alpha=3	5c247107561660669e1e40fa17e9c74b9ce7f23c4cacc5cd6479e760fab68aab	region_local	1	0.9999995743342749	1	0.9999999744101855	0.9999995743345547	1	1.0	1.0	1.0	0.9757111023207368	0.9999999612842735	1.0	0	first_linear_segment_at_fitted_phi	0.9999999744101855	1.0	0	first_linear_segment_at_clustered_phi	2
exampleTumor1	m288	region2	clipp2_single_switch_path_mixture_v1	1	phased_unphased_two_state_positive_dosages_v1	endpoint_excess_dosage_penalty_biological_alias_mass_v1:alpha=3	5c247107561660669e1e40fa17e9c74b9ce7f23c4cacc5cd6479e760fab68aab	region_local	2	4.2566572519320883e-07	0	0.9999999744101855	4.256654453914556e-07	0	2.0	2.0	1.0	0.02428889767926321	1.999999922568547	2.0	1	first_linear_segment_at_fitted_phi	1.999999948820371	2.0	1	first_linear_segment_at_clustered_phi	1
exampleTumor1	m289	region1	clipp2_single_switch_path_mixture_v1	1	phased_unphased_two_state_positive_dosages_v1	endpoint_excess_dosage_penalty_biological_alias_mass_v1:alpha=3	5c247107561660669e1e40fa17e9c74b9ce7f23c4cacc5cd6479e760fab68aab	region_local	1	0.9999999956764338	1	0.9999999820400683	0.9999999956764312	1	1.0	1.0	1.0	0.9757111023207368	1.0	1.0	0	switch_boundary_at_fitted_phi	0.9999999820400683	1.0	0	first_linear_segment_at_clustered_phi	2
exampleTumor1	m289	region1	clipp2_single_switch_path_mixture_v1	1	phased_unphased_two_state_positive_dosages_v1	endpoint_excess_dosage_penalty_biological_alias_mass_v1:alpha=3	5c247107561660669e1e40fa17e9c74b9ce7f23c4cacc5cd6479e760fab68aab	region_local	2	4.323566125382938e-09	0	0.9999999820400683	4.323568891437367e-09	0	2.0	2.0	1.0	0.02428889767926321	2.0	2.0	1	switch_boundary_at_fitted_phi	1.9999999640801367	2.0	1	first_linear_segment_at_clustered_phi	1
exampleTumor1	m289	region2	clipp2_single_switch_path_mixture_v1	1	phased_unphased_two_state_positive_dosages_v1	endpoint_excess_dosage_penalty_biological_alias_mass_v1:alpha=3	5c247107561660669e1e40fa17e9c74b9ce7f23c4cacc5cd6479e760fab68aab	region_local	1	0.9999999428130857	1	0.9999999744101855	0.9999999428131205	1	1.0	1.0	1.0	0.9757111023207368	0.9999999612841765	1.0	0	first_linear_segment_at_fitted_phi	0.9999999744101855	1.0	0	first_linear_segment_at_clustered_phi	2
exampleTumor1	m289	region2	clipp2_single_switch_path_mixture_v1	1	phased_unphased_two_state_positive_dosages_v1	endpoint_excess_dosage_penalty_biological_alias_mass_v1:alpha=3	5c247107561660669e1e40fa17e9c74b9ce7f23c4cacc5cd6479e760fab68aab	region_local	2	5.7186914280047595e-08	0	0.9999999744101855	5.7186879413201286e-08	0	2.0	2.0	1.0	0.02428889767926321	1.999999922568353	2.0	1	first_linear_segment_at_fitted_phi	1.999999948820371	2.0	1	first_linear_segment_at_clustered_phi	1
exampleTumor1	m290	region1	clipp2_single_switch_path_mixture_v1	1	phased_unphased_two_state_positive_dosages_v1	endpoint_excess_dosage_penalty_biological_alias_mass_v1:alpha=3	5c247107561660669e1e40fa17e9c74b9ce7f23c4cacc5cd6479e760fab68aab	region_local	1	0.04062254904527041	0	0.4644698459572693	0.0406225438705271	0	2.0	1.0	0.18979727272857988	0.1102685636923483	0.654267105285762	1.408632077746865	1	second_linear_segment_at_fitted_phi	0.6542671186858492	1.4086320659577134	1	second_linear_segment_at_clustered_phi	2
exampleTumor1	m290	region1	clipp2_single_switch_path_mixture_v1	1	phased_unphased_two_state_positive_dosages_v1	endpoint_excess_dosage_penalty_biological_alias_mass_v1:alpha=3	5c247107561660669e1e40fa17e9c74b9ce7f23c4cacc5cd6479e760fab68aab	region_local	2	0.1189001188882625	0	0.4644698459572693	0.11890011952959258	0	1.0	2.0	0.8102027272714202	0.1102685636923483	0.46446983255718216	1.0	0	first_linear_segment_at_fitted_phi	0.4644698459572693	1.0	0	first_linear_segment_at_clustered_phi	2
exampleTumor1	m290	region1	clipp2_single_switch_path_mixture_v1	1	phased_unphased_two_state_positive_dosages_v1	endpoint_excess_dosage_penalty_biological_alias_mass_v1:alpha=3	5c247107561660669e1e40fa17e9c74b9ce7f23c4cacc5cd6479e760fab68aab	region_local	3	0.840477332066467	1	0.4644698459572693	0.8404773365998804	1	1.0	1.0	1.0	0.7794628726153034	0.46446983255718216	1.0	0	first_linear_segment_at_fitted_phi	0.4644698459572693	1.0	0	first_linear_segment_at_clustered_phi	8
exampleTumor1	m290	region2	clipp2_single_switch_path_mixture_v1	1	phased_unphased_two_state_positive_dosages_v1	endpoint_excess_dosage_penalty_biological_alias_mass_v1:alpha=3	5c247107561660669e1e40fa17e9c74b9ce7f23c4cacc5cd6479e760fab68aab	region_local	1	0.014306788038505804	0	0.5783395130938829	0.014306787306984156	0	2.0	1.0	0.320738881115505	0.08019266527581756	0.8990783907744053	1.5545858025585597	1	second_linear_segment_at_fitted_phi	0.8990783942093878	1.5545857992646595	1	second_linear_segment_at_clustered_phi	2
exampleTumor1	m290	region2	clipp2_single_switch_path_mixture_v1	1	phased_unphased_two_state_positive_dosages_v1	endpoint_excess_dosage_penalty_biological_alias_mass_v1:alpha=3	5c247107561660669e1e40fa17e9c74b9ce7f23c4cacc5cd6479e760fab68aab	region_local	2	0.08593687267690268	0	0.5783395130938829	0.08593687274067982	0	1.0	2.0	0.6792611188844951	0.08019266527581756	0.5783395096589002	1.0	0	first_linear_segment_at_fitted_phi	0.5783395130938829	1.0	0	first_linear_segment_at_clustered_phi	2
exampleTumor1	m290	region2	clipp2_single_switch_path_mixture_v1	1	phased_unphased_two_state_positive_dosages_v1	endpoint_excess_dosage_penalty_biological_alias_mass_v1:alpha=3	5c247107561660669e1e40fa17e9c74b9ce7f23c4cacc5cd6479e760fab68aab	region_local	3	0.8997563392845914	1	0.5783395130938829	0.8997563399523361	1	1.0	1.0	1.0	0.8396146694483648	0.5783395096589002	1.0	0	first_linear_segment_at_fitted_phi	0.5783395130938829	1.0	0	first_linear_segment_at_clustered_phi	8
exampleTumor1	m291	region1	clipp2_single_switch_path_mixture_v1	1	phased_unphased_two_state_positive_dosages_v1	endpoint_excess_dosage_penalty_biological_alias_mass_v1:alpha=3	5c247107561660669e1e40fa17e9c74b9ce7f23c4cacc5cd6479e760fab68aab	region_local	1	0.9939979382294003	1	0.20466086196598293	0.9939979438904312	1	1.0	1.0	1.0	0.9757111023207368	0.2046608188157773	1.0	0	first_linear_segment_at_fitted_phi	0.20466086196598293	1.0	0	first_linear_segment_at_clustered_phi	2
exampleTumor1	m291	region1	clipp2_single_switch_path_mixture_v1	1	phased_unphased_two_state_positive_dosages_v1	endpoint_excess_dosage_penalty_biological_alias_mass_v1:alpha=3	5c247107561660669e1e40fa17e9c74b9ce7f23c4cacc5cd6479e760fab68aab	region_local	2	0.00600206177059979	0	0.20466086196598293	0.006002056109568855	0	2.0	2.0	1.0	0.02428889767926321	0.4093216376315546	2.0	1	first_linear_segment_at_fitted_phi	0.40932172393196586	2.0	1	first_linear_segment_at_clustered_phi	1
exampleTumor1	m291	region2	clipp2_single_switch_path_mixture_v1	1	phased_unphased_two_state_positive_dosages_v1	endpoint_excess_dosage_penalty_biological_alias_mass_v1:alpha=3	5c247107561660669e1e40fa17e9c74b9ce7f23c4cacc5cd6479e760fab68aab	region_local	1	0.9981418528919973	1	0.26801886587083323	0.998141861945815	1	1.0	1.0	1.0	0.9757111023207368	0.268018708601676	1.0	0	first_linear_segment_at_fitted_phi	0.26801886587083323	1.0	0	first_linear_segment_at_clustered_phi	2
exampleTumor1	m291	region2	clipp2_single_switch_path_mixture_v1	1	phased_unphased_two_state_positive_dosages_v1	endpoint_excess_dosage_penalty_biological_alias_mass_v1:alpha=3	5c247107561660669e1e40fa17e9c74b9ce7f23c4cacc5cd6479e760fab68aab	region_local	2	0.0018581471080027126	0	0.26801886587083323	0.001858138054185019	0	2.0	2.0	1.0	0.02428889767926321	0.536037417203352	2.0	1	first_linear_segment_at_fitted_phi	0.5360377317416665	2.0	1	first_linear_segment_at_clustered_phi	1
exampleTumor1	m292	region1	clipp2_single_switch_path_mixture_v1	1	phased_unphased_two_state_positive_dosages_v1	endpoint_excess_dosage_penalty_biological_alias_mass_v1:alpha=3	5c247107561660669e1e40fa17e9c74b9ce7f23c4cacc5cd6479e760fab68aab	region_local	1	0.05483409539192518	0	0.9999999820400683	0.0548340902661251	0	2.0	1.0	0.18979727272857988	0.1102685636923483	1.1897972366248002	1.1897972795809793	1	second_linear_segment_at_fitted_phi	1.1897972547686484	1.189797276137326	1	second_linear_segment_at_clustered_phi	2
exampleTumor1	m292	region1	clipp2_single_switch_path_mixture_v1	1	phased_unphased_two_state_positive_dosages_v1	endpoint_excess_dosage_penalty_biological_alias_mass_v1:alpha=3	5c247107561660669e1e40fa17e9c74b9ce7f23c4cacc5cd6479e760fab68aab	region_local	2	0.05483411005951266	0	0.9999999820400683	0.05483409756255879	0	1.0	2.0	0.8102027272714202	0.1102685636923483	1.1897972005210202	1.189797243477198	1	second_linear_segment_at_fitted_phi	1.1897972368087166	1.1897972581773941	1	second_linear_segment_at_clustered_phi	2
exampleTumor1	m292	region1	clipp2_single_switch_path_mixture_v1	1	phased_unphased_two_state_positive_dosages_v1	endpoint_excess_dosage_penalty_biological_alias_mass_v1:alpha=3	5c247107561660669e1e40fa17e9c74b9ce7f23c4cacc5cd6479e760fab68aab	region_local	3	0.8903317945485621	1	0.9999999820400683	0.8903318121713162	1	1.0	1.0	1.0	0.7794628726153034	0.9999999638962201	1.0	0	first_linear_segment_at_fitted_phi	0.9999999820400683	1.0	0	first_linear_segment_at_clustered_phi	8
exampleTumor1	m292	region2	clipp2_single_switch_path_mixture_v1	1	phased_unphased_two_state_positive_dosages_v1	endpoint_excess_dosage_penalty_biological_alias_mass_v1:alpha=3	5c247107561660669e1e40fa17e9c74b9ce7f23c4cacc5cd6479e760fab68aab	region_local	1	0.2948475548812406	0	0.9999999744101855	0.294847532441709	0	2.0	1.0	0.320738881115505	0.08019266527581756	1.3207388424012896	1.3207388935326596	1	second_linear_segment_at_fitted_phi	1.3207388555256907	1.320738889323154	1	second_linear_segment_at_clustered_phi	2
exampleTumor1	m292	region2	clipp2_single_switch_path_mixture_v1	1	phased_unphased_two_state_positive_dosages_v1	endpoint_excess_dosage_penalty_biological_alias_mass_v1:alpha=3	5c247107561660669e1e40fa17e9c74b9ce7f23c4cacc5cd6479e760fab68aab	region_local	2	0.2948475626792367	0	0.9999999744101855	0.2948475375961357	0	1.0	2.0	0.6792611188844951	0.08019266527581756	1.3207388036870742	1.3207388548184427	1	second_linear_segment_at_fitted_phi	1.320738829935876	1.3207388637333386	1	second_linear_segment_at_clustered_phi	2
exampleTumor1	m292	region2	clipp2_single_switch_path_mixture_v1	1	phased_unphased_two_state_positive_dosages_v1	endpoint_excess_dosage_penalty_biological_alias_mass_v1:alpha=3	5c247107561660669e1e40fa17e9c74b9ce7f23c4cacc5cd6479e760fab68aab	region_local	3	0.41030488243952284	1	0.9999999744101855	0.41030492996215523	1	1.0	1.0	1.0	0.8396146694483648	0.9999999612857846	1.0	0	first_linear_segment_at_fitted_phi	0.9999999744101855	1.0	0	first_linear_segment_at_clustered_phi	8
exampleTumor1	m293	region1	clipp2_single_switch_path_mixture_v1	1	phased_unphased_two_state_positive_dosages_v1	endpoint_excess_dosage_penalty_biological_alias_mass_v1:alpha=3	5c247107561660669e1e40fa17e9c74b9ce7f23c4cacc5cd6479e760fab68aab	region_local	1	0.43468499318128023	0	0.9999999820400683	0.4346850146353667	1	2.0	1.0	0.46559310907204654	0.055039886808694184	1.4655931090720467	1.4655931090720467	1	second_linear_segment_at_fitted_phi	1.4655930911121149	1.465593117434067	1	second_linear_segment_at_clustered_phi	2
exampleTumor1	m293	region1	clipp2_single_switch_path_mixture_v1	1	phased_unphased_two_state_positive_dosages_v1	endpoint_excess_dosage_penalty_biological_alias_mass_v1:alpha=3	5c247107561660669e1e40fa17e9c74b9ce7f23c4cacc5cd6479e760fab68aab	region_local	2	0.43468499318128334	1	0.9999999820400683	0.43468499850961484	0	1.0	2.0	0.5344068909279536	0.055039886808694205	1.4655931090720464	1.4655931090720464	1	second_linear_segment_at_fitted_phi	1.4655930731521831	1.465593099474135	1	second_linear_segment_at_clustered_phi	2
exampleTumor1	m293	region1	clipp2_single_switch_path_mixture_v1	1	phased_unphased_two_state_positive_dosages_v1	endpoint_excess_dosage_penalty_biological_alias_mass_v1:alpha=3	5c247107561660669e1e40fa17e9c74b9ce7f23c4cacc5cd6479e760fab68aab	region_local	3	0.1306300136374364	0	0.9999999820400683	0.13062998685501842	0	1.0	1.0	1.0	0.8899202263826116	1.0	1.0	0	switch_boundary_at_fitted_phi	0.9999999820400683	1.0	0	first_linear_segment_at_clustered_phi	8
exampleTumor1	m293	region2	clipp2_single_switch_path_mixture_v1	1	phased_unphased_two_state_positive_dosages_v1	endpoint_excess_dosage_penalty_biological_alias_mass_v1:alpha=3	5c247107561660669e1e40fa17e9c74b9ce7f23c4cacc5cd6479e760fab68aab	region_local	1	0.49967565062646035	1	0.9999999744101855	0.4996756000381812	0	1.0	2.0	0.4432498707676336	0.04300336857382123	1.5567501292323664	1.5567501292323664	1	second_linear_segment_at_fitted_phi	1.5567500780527375	1.556750117889684	1	second_linear_segment_at_clustered_phi	2
exampleTumor1	m293	region2	clipp2_single_switch_path_mixture_v1	1	phased_unphased_two_state_positive_dosages_v1	endpoint_excess_dosage_penalty_biological_alias_mass_v1:alpha=3	5c247107561660669e1e40fa17e9c74b9ce7f23c4cacc5cd6479e760fab68aab	region_local	2	0.49967565062646035	0	0.9999999744101855	0.49967570149606516	1	2.0	1.0	0.5567501292323666	0.043003368573821206	1.5567501292323667	1.5567501292323667	1	second_linear_segment_at_fitted_phi	1.556750103642552	1.5567501434794992	1	second_linear_segment_at_clustered_phi	2
exampleTumor1	m293	region2	clipp2_single_switch_path_mixture_v1	1	phased_unphased_two_state_positive_dosages_v1	endpoint_excess_dosage_penalty_biological_alias_mass_v1:alpha=3	5c247107561660669e1e40fa17e9c74b9ce7f23c4cacc5cd6479e760fab68aab	region_local	3	0.0006486987470792932	0	0.9999999744101855	0.0006486984657536567	0	1.0	1.0	1.0	0.9139932628523576	1.0	1.0	0	switch_boundary_at_fitted_phi	0.9999999744101855	1.0	0	first_linear_segment_at_clustered_phi	8
exampleTumor1	m294	region1	clipp2_single_switch_path_mixture_v1	1	phased_unphased_two_state_positive_dosages_v1	endpoint_excess_dosage_penalty_biological_alias_mass_v1:alpha=3	5c247107561660669e1e40fa17e9c74b9ce7f23c4cacc5cd6479e760fab68aab	region_local	1	0.9999977115926201	1	0.9999999820400683	0.9999977115942297	1	1.0	1.0	1.0	0.9757111023207368	0.9999999638948726	1.0	0	first_linear_segment_at_fitted_phi	0.9999999820400683	1.0	0	first_linear_segment_at_clustered_phi	2
exampleTumor1	m294	region1	clipp2_single_switch_path_mixture_v1	1	phased_unphased_two_state_positive_dosages_v1	endpoint_excess_dosage_penalty_biological_alias_mass_v1:alpha=3	5c247107561660669e1e40fa17e9c74b9ce7f23c4cacc5cd6479e760fab68aab	region_local	2	2.2884073799232386e-06	0	0.9999999820400683	2.288405770276978e-06	0	2.0	2.0	1.0	0.02428889767926321	1.9999999277897451	2.0	1	first_linear_segment_at_fitted_phi	1.9999999640801367	2.0	1	first_linear_segment_at_clustered_phi	1
exampleTumor1	m294	region2	clipp2_single_switch_path_mixture_v1	1	phased_unphased_two_state_positive_dosages_v1	endpoint_excess_dosage_penalty_biological_alias_mass_v1:alpha=3	5c247107561660669e1e40fa17e9c74b9ce7f23c4cacc5cd6479e760fab68aab	region_local	1	0.9999997231865503	1	0.9999999744101855	0.9999997231867349	1	1.0	1.0	1.0	0.9757111023207368	0.9999999612842775	1.0	0	first_linear_segment_at_fitted_phi	0.9999999744101855	1.0	0	first_linear_segment_at_clustered_phi	2
exampleTumor1	m294	region2	clipp2_single_switch_path_mixture_v1	1	phased_unphased_two_state_positive_dosages_v1	endpoint_excess_dosage_penalty_biological_alias_mass_v1:alpha=3	5c247107561660669e1e40fa17e9c74b9ce7f23c4cacc5cd6479e760fab68aab	region_local	2	2.768134496722353e-07	0	0.9999999744101855	2.768132650781408e-07	0	2.0	2.0	1.0	0.02428889767926321	1.999999922568555	2.0	1	first_linear_segment_at_fitted_phi	1.999999948820371	2.0	1	first_linear_segment_at_clustered_phi	1
exampleTumor1	m295	region1	clipp2_single_switch_path_mixture_v1	1	phased_unphased_two_state_positive_dosages_v1	endpoint_excess_dosage_penalty_biological_alias_mass_v1:alpha=3	5c247107561660669e1e40fa17e9c74b9ce7f23c4cacc5cd6479e760fab68aab	region_local	1	0.20087721541489698	0	0.9999999820400683	0.20087724040088467	0	2.0	1.0	0.46559310907204654	0.055039886808694184	1.4655931090720467	1.4655931090720467	1	second_linear_segment_at_fitted_phi	1.4655930911121149	1.465593117434067	1	second_linear_segment_at_clustered_phi	2
exampleTumor1	m295	region1	clipp2_single_switch_path_mixture_v1	1	phased_unphased_two_state_positive_dosages_v1	endpoint_excess_dosage_penalty_biological_alias_mass_v1:alpha=3	5c247107561660669e1e40fa17e9c74b9ce7f23c4cacc5cd6479e760fab68aab	region_local	2	0.20087721541489842	0	0.9999999820400683	0.20087724771858334	0	1.0	2.0	0.5344068909279536	0.055039886808694205	1.4655931090720464	1.4655931090720464	1	second_linear_segment_at_fitted_phi	1.4655930731521831	1.465593099474135	1	second_linear_segment_at_clustered_phi	2
exampleTumor1	m295	region1	clipp2_single_switch_path_mixture_v1	1	phased_unphased_two_state_positive_dosages_v1	endpoint_excess_dosage_penalty_biological_alias_mass_v1:alpha=3	5c247107561660669e1e40fa17e9c74b9ce7f23c4cacc5cd6479e760fab68aab	region_local	3	0.5982455691702045	1	0.9999999820400683	0.598245511880532	1	1.0	1.0	1.0	0.8899202263826116	1.0	1.0	0	switch_boundary_at_fitted_phi	0.9999999820400683	1.0	0	first_linear_segment_at_clustered_phi	8
exampleTumor1	m295	region2	clipp2_single_switch_path_mixture_v1	1	phased_unphased_two_state_positive_dosages_v1	endpoint_excess_dosage_penalty_biological_alias_mass_v1:alpha=3	5c247107561660669e1e40fa17e9c74b9ce7f23c4cacc5cd6479e760fab68aab	region_local	1	0.018273021017783334	0	0.9999999744101855	0.018273036044746102	0	1.0	2.0	0.4432498707676336	0.04300336857382123	1.5567501292323664	1.5567501292323664	1	second_linear_segment_at_fitted_phi	1.5567500780527375	1.556750117889684	1	second_linear_segment_at_clustered_phi	2
exampleTumor1	m295	region2	clipp2_single_switch_path_mixture_v1	1	phased_unphased_two_state_positive_dosages_v1	endpoint_excess_dosage_penalty_biological_alias_mass_v1:alpha=3	5c247107561660669e1e40fa17e9c74b9ce7f23c4cacc5cd6479e760fab68aab	region_local	2	0.018273021017783334	0	0.9999999744101855	0.01827303056300029	0	2.0	1.0	0.5567501292323666	0.043003368573821206	1.5567501292323667	1.5567501292323667	1	second_linear_segment_at_fitted_phi	1.556750103642552	1.5567501434794992	1	second_linear_segment_at_clustered_phi	2
exampleTumor1	m295	region2	clipp2_single_switch_path_mixture_v1	1	phased_unphased_two_state_positive_dosages_v1	endpoint_excess_dosage_penalty_biological_alias_mass_v1:alpha=3	5c247107561660669e1e40fa17e9c74b9ce7f23c4cacc5cd6479e760fab68aab	region_local	3	0.9634539579644333	1	0.9999999744101855	0.9634539333922536	1	1.0	1.0	1.0	0.9139932628523576	1.0	1.0	0	switch_boundary_at_fitted_phi	0.9999999744101855	1.0	0	first_linear_segment_at_clustered_phi	8
exampleTumor1	m296	region1	clipp2_single_switch_path_mixture_v1	1	phased_unphased_two_state_positive_dosages_v1	endpoint_excess_dosage_penalty_biological_alias_mass_v1:alpha=3	5c247107561660669e1e40fa17e9c74b9ce7f23c4cacc5cd6479e760fab68aab	region_local	1	0.03407770513988337	0	0.9999999820400683	0.03407771270984318	0	2.0	1.0	0.46559310907204654	0.055039886808694184	1.4655931090720467	1.4655931090720467	1	second_linear_segment_at_fitted_phi	1.4655930911121149	1.465593117434067	1	second_linear_segment_at_clustered_phi	2
exampleTumor1	m296	region1	clipp2_single_switch_path_mixture_v1	1	phased_unphased_two_state_positive_dosages_v1	endpoint_excess_dosage_penalty_biological_alias_mass_v1:alpha=3	5c247107561660669e1e40fa17e9c74b9ce7f23c4cacc5cd6479e760fab68aab	region_local	2	0.03407770513988361	0	0.9999999820400683	0.034077717264680334	0	1.0	2.0	0.5344068909279536	0.055039886808694205	1.4655931090720464	1.4655931090720464	1	second_linear_segment_at_fitted_phi	1.4655930731521831	1.465593099474135	1	second_linear_segment_at_clustered_phi	2
exampleTumor1	m296	region1	clipp2_single_switch_path_mixture_v1	1	phased_unphased_two_state_positive_dosages_v1	endpoint_excess_dosage_penalty_biological_alias_mass_v1:alpha=3	5c247107561660669e1e40fa17e9c74b9ce7f23c4cacc5cd6479e760fab68aab	region_local	3	0.931844589720233	1	0.9999999820400683	0.9318445700254765	1	1.0	1.0	1.0	0.8899202263826116	1.0	1.0	0	switch_boundary_at_fitted_phi	0.9999999820400683	1.0	0	first_linear_segment_at_clustered_phi	8
exampleTumor1	m296	region2	clipp2_single_switch_path_mixture_v1	1	phased_unphased_two_state_positive_dosages_v1	endpoint_excess_dosage_penalty_biological_alias_mass_v1:alpha=3	5c247107561660669e1e40fa17e9c74b9ce7f23c4cacc5cd6479e760fab68aab	region_local	1	0.4996930118970528	1	0.9999999744101855	0.49969297595594997	0	1.0	2.0	0.4432498707676336	0.04300336857382123	1.5567501292323664	1.5567501292323664	1	second_linear_segment_at_fitted_phi	1.5567500780527375	1.556750117889684	1	second_linear_segment_at_clustered_phi	2
exampleTumor1	m296	region2	clipp2_single_switch_path_mixture_v1	1	phased_unphased_two_state_positive_dosages_v1	endpoint_excess_dosage_penalty_biological_alias_mass_v1:alpha=3	5c247107561660669e1e40fa17e9c74b9ce7f23c4cacc5cd6479e760fab68aab	region_local	2	0.4996930118970528	0	0.9999999744101855	0.4996930482020909	1	2.0	1.0	0.5567501292323666	0.043003368573821206	1.5567501292323667	1.5567501292323667	1	second_linear_segment_at_fitted_phi	1.556750103642552	1.5567501434794992	1	second_linear_segment_at_clustered_phi	2
exampleTumor1	m296	region2	clipp2_single_switch_path_mixture_v1	1	phased_unphased_two_state_positive_dosages_v1	endpoint_excess_dosage_penalty_biological_alias_mass_v1:alpha=3	5c247107561660669e1e40fa17e9c74b9ce7f23c4cacc5cd6479e760fab68aab	region_local	3	0.0006139762058944251	0	0.9999999744101855	0.0006139758419592193	0	1.0	1.0	1.0	0.9139932628523576	1.0	1.0	0	switch_boundary_at_fitted_phi	0.9999999744101855	1.0	0	first_linear_segment_at_clustered_phi	8
exampleTumor1	m297	region1	clipp2_single_switch_path_mixture_v1	1	phased_unphased_two_state_positive_dosages_v1	endpoint_excess_dosage_penalty_biological_alias_mass_v1:alpha=3	5c247107561660669e1e40fa17e9c74b9ce7f23c4cacc5cd6479e760fab68aab	region_local	1	0.0006995039341275251	0	0.9999999820400683	0.0006995037672202733	0	2.0	1.0	0.46559310907204654	0.055039886808694184	1.4655930729675486	1.4655931258820527	1	second_linear_segment_at_fitted_phi	1.4655930911121149	1.465593117434067	1	second_linear_segment_at_clustered_phi	2
exampleTumor1	m297	region1	clipp2_single_switch_path_mixture_v1	1	phased_unphased_two_state_positive_dosages_v1	endpoint_excess_dosage_penalty_biological_alias_mass_v1:alpha=3	5c247107561660669e1e40fa17e9c74b9ce7f23c4cacc5cd6479e760fab68aab	region_local	2	0.0006995043347040612	0	0.9999999820400683	0.0006995039664842205	0	1.0	2.0	0.5344068909279536	0.055039886808694205	1.4655930368630505	1.4655930897775533	1	second_linear_segment_at_fitted_phi	1.4655930731521831	1.465593099474135	1	second_linear_segment_at_clustered_phi	2
exampleTumor1	m297	region1	clipp2_single_switch_path_mixture_v1	1	phased_unphased_two_state_positive_dosages_v1	endpoint_excess_dosage_penalty_biological_alias_mass_v1:alpha=3	5c247107561660669e1e40fa17e9c74b9ce7f23c4cacc5cd6479e760fab68aab	region_local	3	0.9986009917311685	1	0.9999999820400683	0.9986009922662956	1	1.0	1.0	1.0	0.8899202263826116	0.999999963895502	1.0	0	first_linear_segment_at_fitted_phi	0.9999999820400683	1.0	0	first_linear_segment_at_clustered_phi	8
exampleTumor1	m297	region2	clipp2_single_switch_path_mixture_v1	1	phased_unphased_two_state_positive_dosages_v1	endpoint_excess_dosage_penalty_biological_alias_mass_v1:alpha=3	5c247107561660669e1e40fa17e9c74b9ce7f23c4cacc5cd6479e760fab68aab	region_local	1	0.00037581192131023474	0	0.9999999744101855	0.0003758117625464586	0	1.0	2.0	0.4432498707676336	0.04300336857382123	1.556750051800828	1.556750112071606	1	second_linear_segment_at_fitted_phi	1.5567500780527375	1.556750117889684	1	second_linear_segment_at_clustered_phi	2
exampleTumor1	m297	region2	clipp2_single_switch_path_mixture_v1	1	phased_unphased_two_state_positive_dosages_v1	endpoint_excess_dosage_penalty_biological_alias_mass_v1:alpha=3	5c247107561660669e1e40fa17e9c74b9ce7f23c4cacc5cd6479e760fab68aab	region_local	2	0.0003758116840074449	0	0.9999999744101855	0.0003758116056973847	0	2.0	1.0	0.5567501292323666	0.043003368573821206	1.5567500905165974	1.556750150787377	1	second_linear_segment_at_fitted_phi	1.556750103642552	1.5567501434794992	1	second_linear_segment_at_clustered_phi	2
exampleTumor1	m297	region2	clipp2_single_switch_path_mixture_v1	1	phased_unphased_two_state_positive_dosages_v1	endpoint_excess_dosage_penalty_biological_alias_mass_v1:alpha=3	5c247107561660669e1e40fa17e9c74b9ce7f23c4cacc5cd6479e760fab68aab	region_local	3	0.9992483763946823	1	0.9999999744101855	0.9992483766317563	1	1.0	1.0	1.0	0.9139932628523576	0.9999999612842307	1.0	0	first_linear_segment_at_fitted_phi	0.9999999744101855	1.0	0	first_linear_segment_at_clustered_phi	8
exampleTumor1	m298	region1	clipp2_single_switch_path_mixture_v1	1	phased_unphased_two_state_positive_dosages_v1	endpoint_excess_dosage_penalty_biological_alias_mass_v1:alpha=3	5c247107561660669e1e40fa17e9c74b9ce7f23c4cacc5cd6479e760fab68aab	region_local	1	0.9968409975032292	1	0.4644698459572693	0.9968409978538472	1	1.0	1.0	1.0	0.9757111023207368	0.464469841763528	1.0	0	first_linear_segment_at_fitted_phi	0.4644698459572693	1.0	0	first_linear_segment_at_clustered_phi	2
exampleTumor1	m298	region1	clipp2_single_switch_path_mixture_v1	1	phased_unphased_two_state_positive_dosages_v1	endpoint_excess_dosage_penalty_biological_alias_mass_v1:alpha=3	5c247107561660669e1e40fa17e9c74b9ce7f23c4cacc5cd6479e760fab68aab	region_local	2	0.0031590024967707844	0	0.4644698459572693	0.0031590021461528764	0	2.0	2.0	1.0	0.02428889767926321	0.928939683527056	2.0	1	first_linear_segment_at_fitted_phi	0.9289396919145386	2.0	1	first_linear_segment_at_clustered_phi	1
exampleTumor1	m298	region2	clipp2_single_switch_path_mixture_v1	1	phased_unphased_two_state_positive_dosages_v1	endpoint_excess_dosage_penalty_biological_alias_mass_v1:alpha=3	5c247107561660669e1e40fa17e9c74b9ce7f23c4cacc5cd6479e760fab68aab	region_local	1	0.9989857950803325	1	0.5783395130938829	0.9989857953316975	1	1.0	1.0	1.0	0.9757111023207368	0.578339506615329	1.0	0	first_linear_segment_at_fitted_phi	0.5783395130938829	1.0	0	first_linear_segment_at_clustered_phi	2
exampleTumor1	m298	region2	clipp2_single_switch_path_mixture_v1	1	phased_unphased_two_state_positive_dosages_v1	endpoint_excess_dosage_penalty_biological_alias_mass_v1:alpha=3	5c247107561660669e1e40fa17e9c74b9ce7f23c4cacc5cd6479e760fab68aab	region_local	2	0.0010142049196674725	0	0.5783395130938829	0.001014204668302521	0	2.0	2.0	1.0	0.02428889767926321	1.156679013230658	2.0	1	first_linear_segment_at_fitted_phi	1.1566790261877657	2.0	1	first_linear_segment_at_clustered_phi	1
exampleTumor1	m299	region1	clipp2_single_switch_path_mixture_v1	1	phased_unphased_two_state_positive_dosages_v1	endpoint_excess_dosage_penalty_biological_alias_mass_v1:alpha=3	5c247107561660669e1e40fa17e9c74b9ce7f23c4cacc5cd6479e760fab68aab	region_local	1	0.0015000995414043766	0	0.9999999820400683	0.001500099167096009	0	2.0	1.0	0.46559310907204654	0.055039886808694184	1.4655930729677906	1.4655931258819397	1	second_linear_segment_at_fitted_phi	1.4655930911121149	1.465593117434067	1	second_linear_segment_at_clustered_phi	2
exampleTumor1	m299	region1	clipp2_single_switch_path_mixture_v1	1	phased_unphased_two_state_positive_dosages_v1	endpoint_excess_dosage_penalty_biological_alias_mass_v1:alpha=3	5c247107561660669e1e40fa17e9c74b9ce7f23c4cacc5cd6479e760fab68aab	region_local	2	0.001500100326533985	0	0.9999999820400683	0.0015000995576557772	0	1.0	2.0	0.5344068909279536	0.055039886808694205	1.4655930368635348	1.4655930897776825	1	second_linear_segment_at_fitted_phi	1.4655930731521831	1.465593099474135	1	second_linear_segment_at_clustered_phi	2
exampleTumor1	m299	region1	clipp2_single_switch_path_mixture_v1	1	phased_unphased_two_state_positive_dosages_v1	endpoint_excess_dosage_penalty_biological_alias_mass_v1:alpha=3	5c247107561660669e1e40fa17e9c74b9ce7f23c4cacc5cd6479e760fab68aab	region_local	3	0.9969998001320617	1	0.9999999820400683	0.9969998012752482	1	1.0	1.0	1.0	0.8899202263826116	0.9999999638957442	1.0	0	first_linear_segment_at_fitted_phi	0.9999999820400683	1.0	0	first_linear_segment_at_clustered_phi	8
exampleTumor1	m299	region2	clipp2_single_switch_path_mixture_v1	1	phased_unphased_two_state_positive_dosages_v1	endpoint_excess_dosage_penalty_biological_alias_mass_v1:alpha=3	5c247107561660669e1e40fa17e9c74b9ce7f23c4cacc5cd6479e760fab68aab	region_local	1	5.4432936296169485e-05	0	0.9999999744101855	5.443291099190215e-05	0	1.0	2.0	0.4432498707676336	0.04300336857382123	1.5567500518007413	1.5567501120715868	1	second_linear_segment_at_fitted_phi	1.5567500780527375	1.556750117889684	1	second_linear_segment_at_clustered_phi	2
exampleTumor1	m299	region2	clipp2_single_switch_path_mixture_v1	1	phased_unphased_two_state_positive_dosages_v1	endpoint_excess_dosage_penalty_biological_alias_mass_v1:alpha=3	5c247107561660669e1e40fa17e9c74b9ce7f23c4cacc5cd6479e760fab68aab	region_local	2	5.4432894684605817e-05	0	0.9999999744101855	5.443288348810512e-05	0	2.0	1.0	0.5567501292323666	0.043003368573821206	1.5567500905165539	1.5567501507874009	1	second_linear_segment_at_fitted_phi	1.556750103642552	1.5567501434794992	1	second_linear_segment_at_clustered_phi	2
exampleTumor1	m299	region2	clipp2_single_switch_path_mixture_v1	1	phased_unphased_two_state_positive_dosages_v1	endpoint_excess_dosage_penalty_biological_alias_mass_v1:alpha=3	5c247107561660669e1e40fa17e9c74b9ce7f23c4cacc5cd6479e760fab68aab	region_local	3	0.9998911341690192	1	0.9999999744101855	0.9998911342055199	1	1.0	1.0	1.0	0.9139932628523576	0.9999999612841874	1.0	0	first_linear_segment_at_fitted_phi	0.9999999744101855	1.0	0	first_linear_segment_at_clustered_phi	8
exampleTumor1	m300	region1	clipp2_single_switch_path_mixture_v1	1	phased_unphased_two_state_positive_dosages_v1	endpoint_excess_dosage_penalty_biological_alias_mass_v1:alpha=3	5c247107561660669e1e40fa17e9c74b9ce7f23c4cacc5cd6479e760fab68aab	region_local	1	8.050711400405334e-05	0	0.4644698459572693	8.050714449418062e-05	0	2.0	1.0	0.46559310907204654	0.055039886808694184	0.9289397144072002	2.0	1	first_linear_segment_at_fitted_phi	0.9289396919145386	2.0	1	first_linear_segment_at_clustered_phi	2
exampleTumor1	m300	region1	clipp2_single_switch_path_mixture_v1	1	phased_unphased_two_state_positive_dosages_v1	endpoint_excess_dosage_penalty_biological_alias_mass_v1:alpha=3	5c247107561660669e1e40fa17e9c74b9ce7f23c4cacc5cd6479e760fab68aab	region_local	2	0.058241035719896056	0	0.4644698459572693	0.058241035718120525	0	1.0	2.0	0.5344068909279536	0.055039886808694205	0.4644698572036001	1.0	0	first_linear_segment_at_fitted_phi	0.4644698459572693	1.0	0	first_linear_segment_at_clustered_phi	2
exampleTumor1	m300	region1	clipp2_single_switch_path_mixture_v1	1	phased_unphased_two_state_positive_dosages_v1	endpoint_excess_dosage_penalty_biological_alias_mass_v1:alpha=3	5c247107561660669e1e40fa17e9c74b9ce7f23c4cacc5cd6479e760fab68aab	region_local	3	0.9416784571660999	1	0.4644698459572693	0.9416784571373853	1	1.0	1.0	1.0	0.8899202263826116	0.4644698572036001	1.0	0	first_linear_segment_at_fitted_phi	0.4644698459572693	1.0	0	first_linear_segment_at_clustered_phi	8
exampleTumor1	m300	region2	clipp2_single_switch_path_mixture_v1	1	phased_unphased_two_state_positive_dosages_v1	endpoint_excess_dosage_penalty_biological_alias_mass_v1:alpha=3	5c247107561660669e1e40fa17e9c74b9ce7f23c4cacc5cd6479e760fab68aab	region_local	1	0.004603799784853987	0	0.5783395130938829	0.004603802242281	0	1.0	2.0	0.4432498707676336	0.04300336857382123	0.7134292016749768	1.2335819306705305	1	second_linear_segment_at_fitted_phi	0.7134291554201322	1.2335819000219685	1	second_linear_segment_at_clustered_phi	2
exampleTumor1	m300	region2	clipp2_single_switch_path_mixture_v1	1	phased_unphased_two_state_positive_dosages_v1	endpoint_excess_dosage_penalty_biological_alias_mass_v1:alpha=3	5c247107561660669e1e40fa17e9c74b9ce7f23c4cacc5cd6479e760fab68aab	region_local	2	1.724570967900691e-07	0	0.5783395130938829	1.7245715154934654e-07	0	2.0	1.0	0.5567501292323666	0.043003368573821206	1.1350896654536717	1.9626700136566881	1	second_linear_segment_at_fitted_phi	1.1350896423262493	1.9626700521532379	1	second_linear_segment_at_clustered_phi	2
exampleTumor1	m300	region2	clipp2_single_switch_path_mixture_v1	1	phased_unphased_two_state_positive_dosages_v1	endpoint_excess_dosage_penalty_biological_alias_mass_v1:alpha=3	5c247107561660669e1e40fa17e9c74b9ce7f23c4cacc5cd6479e760fab68aab	region_local	3	0.9953960277580493	1	0.5783395130938829	0.9953960253005675	1	1.0	1.0	1.0	0.9139932628523576	0.5783395362213052	1.0	0	first_linear_segment_at_fitted_phi	0.5783395130938829	1.0	0	first_linear_segment_at_clustered_phi	8
